book	chapter	ms	bytes	sha256
GEN	1	293016	2344825	b0bb20569ba083c66eccddd649247bb793de91ee1f569f7c96e074a308ba18e9
GEN	2	210599	1685494	1f0f04c7ab0eeeaf78fef75bd7347e7e461a2b1c7e92acf3a6ddfe3eaab7a840
GEN	3	257019	2056851	19d09b80b60fdefc189aa8e2a9ad3ea5f18728167e785afaadea03cce248c07b
GEN	4	251429	2012129	a5109e6bdd789cd7e9e2c8215e7b280d32839927d40b16ea2239c6a96e6fcf8a
GEN	5	206838	1655401	992e9de3ab684b3184d324199ff7e181b2363f7bb33f16e4c03deb489df4cb64
GEN	6	237976	1904505	41644c2d43ace83d31d990b468bf34d24b5f7f83675ac7a39bb37c22952f8cc9
GEN	7	225620	1805657	d104f95ea2835531e128bb46ed78d992ad0e4ffd24419d3d84d992a5e6e48ca9
GEN	8	215771	1726872	85022ac7d0aa29172ce83e6c7d51f3f88facfda1f8de6ca9fc03c56148034988
GEN	9	247092	1977438	0eae13ceda8ffe361ae9fa13b2dd1c8441f0d4ca339131f261ae0e88f74c0542
GEN	10	238158	1905969	e22616f1237a156ea24e337f01d8b29f61f385c5e6ccba7ed22071ac793c1105
GEN	11	244532	1956960	ddb837e7c6a487700db8addbd68cf8d513b3bec002054ccfd6b01e5e25e45bb6
GEN	12	208222	1666479	749b9bb7ef1f22b3bbfd949fea3cec9206fed4d14ae4470a21610b38fb5295d4
GEN	13	174811	1399194	3bd980276d702207c19b24f8dc68bdd5e87c93b630c6d677aedc3a1583dd4982
GEN	14	239621	1917672	7b05fd7081b3c134ad7c02e3f84690f8718accb9ab582056999fdfc9eec78117
GEN	15	197042	1577036	665af42319aedc7448c57de8f66cc780cbcbf9c7aaf73c5715c7cda0da1a0330
GEN	16	182622	1461679	2c89e8b5a29d0c41956a97dc1390841265c9e4c36a0f3865071bd3aefcaed681
GEN	17	264229	2114531	cb0db3ce7172df9d2cb39c43b95276537fc89222d9ae131a330e2e83bbba75fe
GEN	18	349388	2795805	0ba201169b1ab672a1686c0becdb5ab4ce732894a1c1c46bebfa3e4ee063ae3b
GEN	19	416340	3331419	b27f3305e5b9baa58c5e8b70343bb6b74a97d01af02f7c330a0b8e583816fa8b
GEN	20	212036	1696990	bbe13422c4287a2b166e847a5988f0537641369ea3f0805fc49fe1c365d53927
GEN	21	311092	2489440	f41ec37849b4ca7320ab9b5c4a32b33cb78ebdedfa33c108a99b3ec14857b1d5
GEN	22	255478	2044523	16fcd2b8807af4bdade10622b08bb5a868ac299b9b255ac2c74faf3038fcd952
GEN	23	197277	1578916	2f96455d9c1c085d970fb83bf5eb996063ea28ba5257dba01f5aaefe5eb56164
GEN	24	668003	5344729	b2d5808af63dbc4bc4b5679f1bf2945c2fb2236c4eb8bd7a04ee2b40b98dea28
GEN	25	298684	2390175	d0268ad5b39ef6f637637c5c8a0b89793f4bf52ae27363d753a619edaf570ea5
GEN	26	341708	2734365	39f2b438f249aea8ab3239d4679e7477ed70cb071cccbd20047fbb720df1feea
GEN	27	507298	4059086	cac2e4f7c4ff6472401e155637048901872cf03c0eb14f1b3dfeb41f1e9d775a
GEN	28	241868	1935645	1f18c2ab4051f5d5574790f6294e16105288c2f5c5ea7f421263d3ee70528e79
GEN	29	324598	2597483	c58d7c60128242e3299771b27b34fd2228ed69a9090e300271628b023150a858
GEN	30	409417	3276040	9974978f68d520d2bd624ef45c66f91731d50c622feb1ab9a1b0c8f94097620f
GEN	31	545672	4366077	cbcefc2a78f1e629b74aa27dfc6336807b40e4f6c40b4f6daac5eabec75ae844
GEN	32	326818	2615246	3d643de4ab87fcb52b24578895fe99ea8800698358f3e3f6b5c1bdc6fbfa663c
GEN	33	202867	1623638	3f5ca05ee26eeb0757c0af2525f6dcac915cc5469952109accdfed49940d422b
GEN	34	296438	2372203	6733df3c0e671dde5c1d9429cc7f0cbe1784879fd14c76537cddbe10db1423dd
GEN	35	273502	2188719	67a6b7d1a64e71f1fd9f359807350d8a87d9f46a452e34727cd0c5075a2f94d3
GEN	36	373891	2991827	183aebeed85d48f1601efb993e3637b6d5dc0c6d88d7b2d533d983115e3f44df
GEN	37	368483	2948569	7835a9d2838f2d9e8e017a5e039a15fe7f8c204dcb3e4b79f77633858743c3d9
GEN	38	310831	2487351	94383aed1336768cebcb0dd5d74694a2bf4c3d3c5f70c88c5381124c661605b1
GEN	39	229799	1839096	e7e4b235140b2c18dff74d3516471a3aa90c38876a60392127bacf85da6dafbf
GEN	40	223373	1787687	3dd2bf4242d6822a6b1a42afca56e945aed914c9f2b634480ab0dd86f686bf18
GEN	41	523442	4188236	b1a83e9c3704b16d4408545cafbcdf102d3fbe1462cbd61b222206894c8f6ef7
GEN	42	366576	2933313	9f9395e641d3d253d40c9ecbef5f80b663540965355ede04a6a6b654fb0ad137
GEN	43	345940	2768219	ed139c10348b547788692888e9d3ff39c8da3b2c287ab2814886cbe94478e406
GEN	44	321829	2575331	e67f8bac713d72fbc74110e4b9bd6fda2f65c6cc76653c91427bac536cae7c0f
GEN	45	273763	2190809	f4043808092f250e0b39cae2dc7f14e2cfeb95f845435b66bae855e14e1a42f9
GEN	46	329169	2634054	1ee09f9980bd7a25e23d2a42eb7ea469cb85ba0314a8ba16ad7b6ef5d4505e49
GEN	47	350485	2804582	b485182bae9e19b889d370952266358f025e6570caa8e269ebeb65564b108cff
GEN	48	244010	1952781	f2c6f5a55e2408e8f7b8903515fea2b403e593b7ad6c7d7ca12a92592934b68b
GEN	49	309760	2478782	d4a069273a7b8cc50e481375765b1a5a38847689249da7c96542157a1369acd3
GEN	50	263393	2107844	d517948d5f6992a319e824c49848a445cbf1d166647dfc0ddd4be3aaefb874bb
EXO	1	189179	1514130	fe2ec42a4f183de7eab7f6cf677179c2c12a562a592f00108114e522c7a34629
EXO	2	226403	1811926	bc09a17408a3fad1f0b172c08aae96baf60ca6a884e889eeddaabe8031264188
EXO	3	289384	2315775	85e885d2002dc74f18097929f080cb979c825981b91f43f7391c096b82a0379f
EXO	4	335099	2681490	dd490492971eaf40da79c2e58315c24b516e0c1f06fc296236515b0aab7b0602
EXO	5	225881	1807746	5c804ce409aad0ba6c403729879c678eff0f2ac04dfe62ae08ccc3329a4f9ca3
EXO	6	315611	2525591	0ef09ee25d210443bb4edc9a5e8ab5890795ddbe787ad304749154953bc44feb
EXO	7	257437	2060193	93397a21728ff5f39032164b77570b47772e6db839d46ceef49e9eabe8acef0d
EXO	8	337607	2701552	c912ac280d7441725a9d3f3397f14f5c3bbb23b24daae8018a6bd290ca33174f
EXO	9	346331	2771351	bbe152513519ef1e570fdce7d7ec31021a021146adb5b12fc9955428015da672
EXO	10	331964	2656414	7aa6c037691f6d3837cae0f287ccb7177a996610bb865857983dff9a5e09a7ec
EXO	11	115696	926272	e8c97e8dc5dd321adbc34500c8a38525ce122eabf181296406508ee73ddf821d
EXO	12	500245	4002661	78f4865c7b81d9a198615ab86db66a67abf67f2e11ebbe645ba450749763eba2
EXO	13	235729	1886533	386efec7b58f97d9bef85bf097d8da56433de5ff5ab387f35d26597d6f39598e
EXO	14	333322	2667281	08eb06b26663cc186d5637a434c4218e264ef8ff51daa402625fdbce5e1553e2
EXO	15	277525	2220901	dd17703dd544b479d9581fef821c82f6661ccb324c6c5687ae5477a795abecfe
EXO	16	374256	2994752	41018281f6b0ff6f4c436d051bd42bf469d1b1eda182f42656d38a7a4204d09b
EXO	17	179670	1438063	92aa3001cd802b3d04ae311d95ba4817f5c23a4d22a5d6680d8a16062b4a6ad3
EXO	18	276480	2212541	069e91cf35497328da1bad1946f19172bf3200ca67dd5cd344f39b7727365a2b
EXO	19	260989	2088617	3dea65a06466612b0f6aaccfee65c863e33c39e7759ef01c7f667f19b924dd2d
EXO	20	219272	1754876	3e605c63097770d933408aab39b361887ca1b539a06cb6c0cc95bc1d7ddedf29
EXO	21	321620	2573658	ea1f849fc4dce9c5f6dffb8d6cae597d78fcc266ab75287ec4c00fe99641554b
EXO	22	286798	2295088	5823e8101a331e886251de896fa9037513f2b48e03229686d18232e4f40e4171
EXO	23	301453	2412326	9f7ccdf1d63048a7cf0c465c6ffd52a7c7f8db2344dc8ac74d6af776895eb9e0
EXO	24	177685	1422181	6f89c860835f52fe3150b033d66d5c7601f92214bb2ea4ab7a0023724ecc64c5
EXO	25	334393	2675849	3238c7191790f7c4bb0ed436aebd5c07b1266426a6762cd4649258ee14d2088b
EXO	26	337998	2704688	9766278fc79fea360393d9cf275ade5931322d92531067c2b1460f2763910d1a
EXO	27	207909	1663970	8e52aa251d1d6209d080851701ceadaea7ee083ff13e46bdb3d614f9c526e526
EXO	28	470988	3768604	f4a3423aeb6e4a5e02bf63bee992fe3265139948d2d2604106f84758fca74611
EXO	29	474776	3798906	58fbb6d445772ee4035516c3da38e66e8fccf23dc2e328f728c99c1ca2c456e3
EXO	30	364016	2912832	659167f1e41c54a52888a2c29b5b0b5752fbefc6fdd1e1b1f7b0c8a1e07e72e8
EXO	31	166165	1330021	74649afcfcc8de01c68e1e36de2c423566fd5a5dd449fae1449e190f39044c9b
EXO	32	399909	3199970	39aa110ab58267869910f4b812eede931aa1955b021659b9b8ac7333618d7a36
EXO	33	252604	2021534	e8e59a2af14cbcd24eb2b214f4d12fb4d770d848c1d68523a2f0ce28582f98aa
EXO	34	378175	3026099	fd66cb718182118239951b7191e9e4660e6edaaad6c5a3db1d78f513918a3df2
EXO	35	314462	2516398	767c0eec3caa9e723e93ca69ffb1d72543a0667d3883585718c4d95123264b9d
EXO	36	316918	2536042	9a65186e70770d7c172e3219d379a849d065d521db8839cf7a3c30ddcd2b08f2
EXO	37	257202	2058315	1459e9abf5869c5cd7bc607c7cce380fed83922fda644d44d3ff8e2f11407669
EXO	38	301375	2411699	d595efe5f4d993f529d31b39abc58be40c6e62d9c45b801ac66abd855a7915cb
EXO	39	381518	3052848	3f7d5858d5a214d1b389418a8eda8f44d63d047c126c0e47f6f3bee5c5dde44d
EXO	40	294609	2357573	c749899a5950314d4f374df322551ff8d48074032b326e17c11cc16d46f3e3a0
LEV	1	185678	1486129	3378337c49c39283b3f297f3f999afef160a17450fb19bdecb9c9fb56bf4f1fe
LEV	2	170344	1363458	27a1bd0d3ca27558a012d1bf121fa502dc9a75b9bdf2a4e15647a23ccfed1dca
LEV	3	168699	1350293	ed5a5a373cf0a0258ec1c1c94720308dd25eef1a403506d715e310a703c0b091
LEV	4	376842	3015442	9bc05ced4804048c833ef81d5c0b4bf36536bb15077a922723efc36a4a097aaf
LEV	5	240771	1926867	e3c5a42fc218674e5cca7b01145db6e418eb082ed2dc78ae89e1875d634a1a47
LEV	6	298371	2387667	532e05493246c13ebaa2e2de670e1617a771d9419539a42adf1db148bc53046b
LEV	7	358348	2867485	0a8631a130f0480c0aa4ba7c7d47d083eb5185065fd6b01b65c2fb1bafc7fc0b
LEV	8	329639	2637816	3f24ed52832539b30b1c6660444248972f70f84fbeb5e0ca815907a15271a865
LEV	9	204852	1639520	461562f4279b74d48e77c7ac2df43f4edbd1ef7805948bc7b6ede8bf954ca688
LEV	10	223086	1785390	9ab7f5b804b5bfb7a07a3188e2c56be064226e51e47eec83afae82c37f9ffcb9
LEV	11	399961	3200391	5a1b1530be3261e795ed9b20a99eafed7b786a0b043e81c68114448ab3a7ed53
LEV	12	91429	732133	9c6ca82c380fcad825a05b7e49ae751d5c34523a23e765eb46d3929c61888c1b
LEV	13	608653	4869929	940761132b4d97f1bc7d91f6e2a9688ab87f58bae051316d294247ee595dedc7
LEV	14	526759	4214778	8fbec6ee0cc2b1f79b95f330c869756c0aa0ae0dd2f787525626ffdfa3cbd6e7
LEV	15	321672	2574079	3568696cb3e460c36967473a963b378ccaf630ade11c1a63923413708b44ebd7
LEV	16	375092	3001442	447fcdc96268b13c336bf654768124b51f3e578bf423d31371067714c812f621
LEV	17	198949	1592293	2085cb55d4376afdbfac1f2f9d689a3db572557b7be88f91292f16f65d78decc
LEV	18	258273	2066886	ec0a301d5e0b1aac712ff9fb34266959b36f2923e08fb1f8528766616818cfb5
LEV	19	346671	2774073	46dc5e89ff9915e0afa6ed62c04a766044e8d255e12fe5d81edf3b0e62849679
LEV	20	304405	2435944	b86c739e0ae2cfa601dae481de557a8b6c9a8b9e125f198da2b81b0208ec1709
LEV	21	216294	1731056	d2fda9dfbe577c5ddd9e101b143c69b558cd412fe62a6eabc6e3f14c90723ebd
LEV	22	311928	2496130	06d6baab84a2233edf8a1b0f87787bc667055a67a05f0db9e68da76c9bbbabaf
LEV	23	449541	3597034	de11d787000ef7c4ceec1565fdb453fd551d3c9dbde7a9ce8e0e3e8d947df995
LEV	24	201378	1611728	3365d90362101d249cd79a02437fe3668e875476e498d0c18ddb75296c0e37d8
LEV	25	517747	4142680	921896355d2ca3832b828161f0b1ab45f1ca489f8b75bab0a8ab251257bdb5aa
LEV	26	440581	3525354	9a7449c82afb453c475e41a759d41ea90d225319275ba157f1a121ff6081f215
LEV	27	337894	2703856	967692a3b8e2b7ffb6878eaaf97ab454363189bb89368682fbb4ae3ef2f58138
NUM	1	495020	3960864	7af64bd4e5c77a7877cdd44d1dfa3976682b6e28de6c7223d9b8ffc0ec774e7f
NUM	2	305659	2445971	7360df58af5ca21e0e2790f9aade6235e290f770bb465fb98d2a591dba0a9ef6
NUM	3	467069	3737256	39d01a615f17840385086cee83ae674fc63b6deb175b3e87aa952a51078ee582
NUM	4	485930	3888139	7489a3689baa1b837756139650b69bab579faa8658b2b3a030c59b36274cd16d
NUM	5	327471	2620469	1de6bd57ed5b1ff22843e43413485a01949c2815eee6a6a001a1fc8f6d2e1802
NUM	6	258351	2067509	f2e6b109a29e6d7d4cff84ab4ed0ba10ceeabf37b0b4bb52a3619e088af60623
NUM	7	715154	5721935	6814bd4f05996be41bb99f2d4ecd896bd0544532a571f6eb555a07e247bc02c3
NUM	8	248033	1984962	a94cef19e09f0ce6a04bf44b87438517067efec1763c4e559cfd3239a6ea7bf2
NUM	9	254877	2039714	27628f96e87eab44b4ed8fec119635cab403e6eb9b3da78b8d27e1681742eab4
NUM	10	298057	2385160	171d880e176d5c2cf7f4a302176cb3187ea9ac0a00c2178763fbda4c5c7be94e
NUM	11	373864	2991618	f6d6ecd6fffcbabe2ebea800bd399e82410cc26826890dc1f9fc01519fb78530
NUM	12	154567	1237235	5dd36bd6fe10b800f119cc73548222d59ad74551ebbf90480828688cb45ed704
NUM	13	251977	2016520	6728b8988df6c1e67219aa33af442e8970a855dc49bd2aaca3cea1a4bbab8bf4
NUM	14	418926	3352108	13ff1027ae74b987c375901d37fd8355f2033d58a1df8289a42d7dbdd2d3fdd3
NUM	15	358818	2871246	095b7c4a2870173954da17be4524060c30ddb2b0da21f0665a9e8f9a85f1c5a0
NUM	16	482664	3862018	03de72e62404c8fa77092b2e88a90b9fcc47fa8d905914bdbc519fdb92687b65
NUM	17	125962	1008402	d31d76b91894f843686f523fb96af7c4d2764bf31b66197511ec2adca3f245d7
NUM	18	394240	3154622	9e52830672c02367551ce5fe3c88dc2e4e74ee25496534ddf169eaff6d2183f5
NUM	19	245603	1965529	e99a35f6b9edce31238cb089abdeb95bba7fbc767f80b2883f8c18fe96d06122
NUM	20	302158	2417969	5a355f016352f38e03d51f9e0f755ab2dbdf9a54236f1f28ba1002b120dad365
NUM	21	350955	2808343	2ccb36dc66533dbe91f2a58b52639ceebaa783d88e87dc37daa9d8dedf52461f
NUM	22	427886	3423788	8398b360b16f07411986cf1d64ed9b56ccf3abd8af713bc7b5ee7d759e251645
NUM	23	285257	2282760	0af99b8a3dd7114bfa8f255c20b148b9b118568d50d2586041efb2b9b3ad2159
NUM	24	249182	1994159	c5dbd7f50f9b3248f936d91f9d585d008b4cfceeda122502288cb5bf6b24091f
NUM	25	167497	1340680	96effdfb67b4ac012211684cad954096a4c1f1b93eff682d9ff917ca46f933bf
NUM	26	592640	4741822	80ba58cc65a0ecf7d61618175a44c29f079c8fcd6d92c265d7034c7481242f3c
NUM	27	223896	1791867	d728fe4908e9925e0ac4c0e3cc49f8885f47c3fbb8bbfc95872e545ed64ceb72
NUM	28	282253	2258727	83e8a3ab9b6361cf274556be6be20fd6bc0606cd1e217674f5229d2ab8c54d12
NUM	29	331024	2648892	f1cc5d57407254b94728f86858d2918ddaaf9c5530a349d87ec24f07b317cb1f
NUM	30	167419	1340053	388de0f8365f30f6bab8631558105a741a1f836af8416db2e71a3403a6f5ce38
NUM	31	433580	3469346	a41357a11f7f19861f98fd384b8db2316c5b943633827d1dcd85e4d8fc1f8806
NUM	32	362162	2897996	67593f5d6b324080e5ffeb46b0c866f7d3db1f5eb9af8ba8fac9767a6cf4b7d3
NUM	33	342047	2737081	e5fca716914221352e98a8b08c1d35c58571b2d41f18218aa2f4ddacd39036ac
NUM	34	227971	1824467	e006e98c7fc329ca53f247a5a7720eb4d91050fa59561a3fea27f9b244426ab7
NUM	35	329300	2635099	faf2227ae032c3d9eaab8a3f4b4c58de73aab8bf4e65a04567c871078da6a2ed
NUM	36	164467	1316438	06e5e193ab3315cb63f55df18a175809398415660b73f7558f82f1cb7b645a53
DEU	1	439928	3520130	0d14a09ff98ae43ee7b561b2442de329e732d189714d511426792c2db6f3211d
DEU	2	364617	2917642	bf597f8f8d02ec814c2f80a94502b9fa149e32835c661ca1834d29b743622d96
DEU	3	302785	2422987	05c857ec6ea669c8aa2ac0171ef5f07dde532ce85b4cd12bfc56a3eb54a276ff
DEU	4	522841	4183431	d8c2113c9779299df2058603f68121f2d42f574607cac6d09d49ee9807305179
DEU	5	318067	2545240	ccb60db04759c5c4705063aa53270370482a9ff57be9d12b5581a24465bc2809
DEU	6	225620	1805661	1c6a87d01fc742ad8137fb002dfdcc6a0c441246d889c190aa4b69021c9afd63
DEU	7	290011	2320796	f00381087b769c7714bf40fae623c71b08f27675971e451339dbeca6ab3e8daf
DEU	8	196728	1574530	f4e64aeef8cf660b03b7d74cccc03599b2b1bac71f8905d1212a183956fce452
DEU	9	334864	2679614	c4c819d398bed8dcc6ffd3fb10fd8cd466765318f391801f326181e4d1c9eff4
DEU	10	211357	1691560	b76f3d2cf95841e811736e24e55a057c7cd61c9649dcd938196fcab7ca1b5a76
DEU	11	316865	2535629	f3bd6d12c9d732d5f294ecb8515cd6a6816fd4c5bd758086849d8b31f8d7eafe
DEU	12	366028	2928929	dee938ee5c44aa7703a104f23f7ff5340d0027bb25297845d1ff7f6f1f519e0d
DEU	13	211278	1690933	a93f69211565ba9c990fee97c28f5696d792e3c8f5fdf4d8d1b4dabb686f560d
DEU	14	244088	1953412	bc60cd809f73dfa860036f0ac572868e6d62a71746025b4a61a5d316e4d934b9
DEU	15	245107	1961562	c5b280aba6785deaece229994e30ff2ff42b02fcfd8bdd4a68e1eaeea8f3318f
DEU	16	255843	2047453	d10fdeb8133624f96fc583c41314ac1176aa7f899419215ef71308ef0e9c73a9
DEU	17	244480	1956546	8418b6777078cb6db8fd95b0ee4dd092c7a9c0aaa8327c476e2ab5b67d0510e6
DEU	18	207177	1658124	c634de49e5e1ac34a944905a0fde13bad6ccb212be9213358f67fc159ec132a0
DEU	19	197590	1581428	c14c7b7ef858e218ebd8ce22ca308f148cc01cc448915a1e7f417f5cd3ee7588
DEU	20	207334	1659378	aaef358b278b4267bd68ccc75db25c38c5aa10ecb4d9274efd97fa88621d96ff
DEU	21	234475	1876507	6ae74a02f6b62fe51659aa2e31db751201bad5a55da883be903423e9cc1c0fff
DEU	22	290011	2320798	2a2155258a0f4ecdbf9d42329e1ef0b3550ffa530eead7bab67a9f1e2ff4a9cb
DEU	23	231706	1854355	a6dec9b5c400313910972054180b60b32e7a57470489f5bc0a37f2a1be450e0e
DEU	24	227918	1824053	3aa56deb084292a7ce7c5c828c762892fe783ccd1233c8257485555326bd33ee
DEU	25	191922	1536080	fc3f90fa1b95705dcdddbc6262506a8ba0b3e52a72d8a1ba7e5717fe05cb792c
DEU	26	229198	1834293	ed01d719e510011fe6ca4baa19705520644d3c5773b1548fec1fbcb1daa5e46d
DEU	27	226429	1812142	12290c26e6cd1793a0b1eb0bd66cb83aecfb602052869954ffc6bcfc2670242e
DEU	28	722155	5777947	82f605ae1aa82c69361d534a092de464d85d83f9d760668423003024659d3aa9
DEU	29	289306	2315155	962705bca903bfe76e54693932c262560db8b67066f0be8b4896b326b1eca6b6
DEU	30	223660	1789990	27e7f827c333c869c8c353b65b3f15a9e981ce6853662d5336b5be1e5ba8e5e0
DEU	31	366028	2928929	a169ee285068eaaa9dac0cbc5e6ce8773190ff703fdcbe02c2537f1b60127eb5
DEU	32	497763	3982813	3bb62918b5008f02dd3bb6670081ba41d48dd435ae3809f7ba619c57d0db65a5
DEU	33	310988	2488609	a298d881183acdf3f07421380f92996bd5b7815b00523dda5354746955c561ba
DEU	34	124787	999002	8b5e041a7e46066ea484b7a3ffe5d82ded9d1a226de231f89945eaf42e138887
JOS	1	201691	1614231	9c231aafff88a5e74c050c5bde7edcd5a71deab1596a2dceffbfcc12243404db
JOS	2	246883	1975766	34f373e3afde89a33bca593d0c00c3b31f15b9d06fdd298608fc745b16ba83d8
JOS	3	193228	1546522	b79270edd07d8576d041b8749040e33296a6c27e560d3b4eaca685fb9a7cb90e
JOS	4	245264	1962809	1af770b30af079a9ed7a74d207589ac36f337bc396126b583342e817f9e54970
JOS	5	192810	1543178	09d11b8cf154b24d26d86d101990d346c2c815998e958cfdba960f8928ab0322
JOS	6	318380	2547743	522141f044dc4a6800406fc4cc15e5da844406b1311e23a87c248821a0b0b128
JOS	7	324780	2598943	e359b40679d98d0019e8e3787d006eddd84522c155357547cd416220c007d13c
JOS	8	418220	3346463	575ebd89c9adbb7e23164acdfdbf3c2df1c4b0fde13a73bcc3e489c3a05184a9
JOS	9	276376	2211704	8d74e5a740857046460b7a977ad6b9e803382421eae66693145f59f9661a7022
JOS	10	474880	3799741	ad337efa1b9a7605553c9a0390f3daf29ad007de5046353d4dc8a89abf1d047c
JOS	11	240588	1925404	3fac9df5a8e9d369c94a576ef65bfc2cec5afcf713446bca0fcd24e0c0cf527a
JOS	12	189048	1513087	6a10d3f9d551dc30c0dd72d3671badde8d775a2f4846cfacfeda7eece2d0a4e9
JOS	13	307722	2462481	92f1df5ba7cb98cf2f264889bd6c4a3e18d7c1709e726fbaed764fc8155459f8
JOS	14	168385	1347784	32e0dcac1d64d77d070acd6d7ae97f8b7dd6e00a9fa44a390f1acd3bfdd60d79
JOS	15	420023	3360884	9afe8b99c62862628c5a0bfc25ce7c9c21bed8c663a8c84a407cfde50279cd49
JOS	16	93153	745923	5d3d0ffe75ba9134efe2514c3e411e27baf3b836a84b995f360fb706753fa1cc
JOS	17	220552	1765116	c41956c8cea74f6648aed974ced8741f9052ed4828a847aedbd6da81555b5417
JOS	18	260650	2085900	a468f760515d6eceeaf3902e61e85ac062c02fb6fcd2c69e7071bfa9c42ead11
JOS	19	372924	2984094	c0b3c2967dd7eb26adc6c38b95cada070215b70fabb30db8dd0b48f19c698990
JOS	20	107781	862951	c6dcd3896d0e8c8821868eced71f0ace44030d4b062e9977c05ea5b7391b72a3
JOS	21	360438	2884202	9b330c8231fada1d0a2d1bb59185664db3127eaf37827f8c6a1d5f64c2314617
JOS	22	421878	3375722	0646afa05666b25d7bbe7e0673d9f45a4a877d49c8b5a9120e5e4a07d59377bf
JOS	23	182727	1462514	209285d25a37a5b886530354010aabb9745d11f8afbbe20142edce9c36c72dca
JOS	24	339592	2717436	7fa6f5d8e1f53e195c0b3a1857978feb374f3906c12706d4a6898fca3004e8ad
JDG	1	327680	2622139	0d65d09f352936bf5aa18f858c62ac316c26c102e3705cff6f4d92be9a002872
JDG	2	221858	1775563	0c9b2a8ef6ac91f7e2ca55c14b84c1fa1c3fa23ec23e8f47789eb708bbd51ee4
JDG	3	282122	2257679	6d473dc73a6e3182792e65c95e626e4d5c3496af87aa6c0e3af390fc4b7cd020
JDG	4	251011	2008784	245ed4620a8db8cf0a376aa8b467d51c3860982a4ee739daf9f900a9280878c3
JDG	5	275879	2207733	e5b0216d8e1fd029fb793a6fe54c868d2411558b44614a3bcba565d35cea32e6
JDG	6	415530	3324938	020db65abd70b9463cbeae9ed4765363d3b3cdd831e256ecc9f1e4d29c066ce1
JDG	7	303256	2426744	0c2a0073b0654126422c635ea341cff42036a4a24843190e88f6bb21f3dbcc98
JDG	8	330945	2648262	8a96b27807b7ab3e3ae127410ed1e4c14e2c8134fe1ac8e302889872fac9bd16
JDG	9	525453	4204324	f9a9f8de4925a27cd58c4cc26dfa68227dfeced1849b1800b0036dedda43ad7e
JDG	10	165224	1322497	fe911fd6dcb0564ccb0e4dcc238307d70ff9fb8021ed2203e4e8b26c06ecaaf3
JDG	11	400875	3207702	43456d82791057a70a4359fc1650c937e5fc236461bc0834787c1e05fe0649b5
JDG	12	145607	1165554	bc244a601e69a6b3564f32c9cd872c0721d7139d48e438e7cf6c76a97527c949
JDG	13	239595	1917462	2cdfcfc2e39fd5f447bae1446205e2507ccf1f6ed69ad54a983855900c634cc0
JDG	14	210207	1682360	aea65ab735515b8ba1bb2c0a9e9414b53aeb188b2595276c9958cc86d030a83f
JDG	15	207935	1664179	8b7120fe2f4beaf7528b2356fe0fb0a914b097dab3796acd1120cda115cc8a7f
JDG	16	352940	2824225	810ca922f9af33015bceed8d2c947850301dc493b86a8d9b2f0cd71d7c92082a
JDG	17	126407	1011954	94b9dc86c3841fbf8fdff97801f9ecaec02c68aecd21bf78149c44a11d4110e7
JDG	18	323109	2585570	c71c4ca11b38ceadb1310af98a24b91d2e147a6e10055cd5ab57a28cf1dae597
JDG	19	340820	2727258	7140d37397e7cf4fe599fd67b93d2364af0fce7a4dc64d9a158efe14f0fe6133
JDG	20	465633	3725763	5eafa74e13220ef7fc948cc3b5196bd9497f614e35713bc6b2cbe7cd2f851777
JDG	21	238629	1909730	36717f113b387ee07ef6cdc6a5a428a5e56629925b3848eeefc5b9adc9ec77a4
RUT	1	216503	1732720	93df1d969660bcff680c1bff4fc1a45b30c0c73d9710a4d1be1a86a2368ff247
RUT	2	234553	1877125	7d6a69da940be75defbe679447faff1faee02d24dfb534e5adaf6b206db8de67
RUT	3	167993	1344645	146d0c234c4ec1766d2b2fda4e4df3e2b942dad9f3d95347a0f6c56d11d00c99
RUT	4	214178	1714121	6f0bb2477ae83c435074e9b6b5c5f1af87bf9cda0f9e97032aa5cf740493973a
1SA	1	248842	1991441	52433383777eb7703ba99a28277ecb157f2ae3e3b331d3ca90ac2df830e60a1a
1SA	2	349466	2796430	015d3176f6302529f095d4bc9928df18c511b04e2b611cfc1d79a0e234f28216
1SA	3	183562	1469201	374e6dec2c3bde63423c775b3dbd336d91c500d319ca4e0d98a9847adaacdf09
1SA	4	234083	1873368	a9ff812671a5b38700951f756bdeeacda56f9ce8a521d9cbd0efa84825bb5da0
1SA	5	132911	1063990	73a0a5afb41f441bdf388ff603ac8a3ce09fc6cd647fbd5b708e54e57cb318bc
1SA	6	232751	1862710	3a154b47cf69490efaa8e11c9f7fc850e50bd2876485cbb23d0686717ff24d26
1SA	7	167262	1338798	23f2501a2969f7670812ca481fa68e5beb43d9e8f1ab5addd74b260353ab066c
1SA	8	179775	1438899	b0fc771e90be72cccee609cc89735e95b36189f315a3f15e41f1f5cd67fc92b4
1SA	9	298292	2387039	a758113a2827e5f79f54439cfa86979ff60bde37a4ff9eaa80239d6097174c2b
1SA	10	269218	2154447	c7570911654dd4078f821380475a8a6bdb69c0bd24ba59e8bc11a0f2a9dafd55
1SA	11	157283	1258970	c37be4f96047ae94ace762fb75f90086ee18f596e7166458327b1e1ecdda78ed
1SA	12	246570	1973262	0c60747046db17e04a3629f8b4565a1a406baae5cc49eea0a6a96bc40c64d9c0
1SA	13	230008	1840769	e256c281847e3a215e05454e1ee2af531ae9a273e07b624594196323a4de5ad8
1SA	14	520803	4167130	b5e50e47b8eb6c5a85d008a19a819d16256b8f88860cd465ea5c335c19183f32
1SA	15	328281	2626950	2b984a0c8e3dbdef5336ce1aec3788432b493d4e2abd587b0180b562c71cca5f
1SA	16	230609	1845575	b20cb12fcd8012b72323deebf86bf5199c073e8043efb8d8927b6076c34ce262
1SA	17	534857	4279561	11688f61e3ac3fd1ac8dfbbd3ea12ca8ddcb6601a57f0059f1123a8ddeed1404
1SA	18	274887	2199796	2cc0800ca1eaefadb62385a154b08e2c48cadb3b6af70b807bc6a0bf10e19f06
1SA	19	238080	1905343	be53bd8158d344e48f555cde4f76eb4d40c9c532f5483ed6968d09df5e2b54f4
1SA	20	422296	3379068	9e3e31e4e37a297694e5e460317f1f45fe9c6a0d4ddec5fe6265d565d7cdc6b5
1SA	21	160209	1282375	63ee3b63b25c3a086b77dda950a2e6aee8e5b56454e12308889fbaecb9f9f19a
1SA	22	238707	1910359	7236317f24631951edc84264349873b62609a03bc031e49098aaf238076515be
1SA	23	276715	2214424	a1710341417748c18eab3e60d35b18bdba4426c1338357771777fba91c9335f8
1SA	24	216555	1733144	6ee3c71fd04fe76d67bc11c8c60734eae8a8fdbdf8b94a4541d12bd01a1019fd
1SA	25	453277	3626917	87bcf095f29930ee5f8b6ebdaa0f2d4020df70ded3f10f7e1641fe9a798445b1
1SA	26	273659	2189974	b09ea2ecf6f8f1b943be1c59931a1ea273f3434a50facea227c9b8a60220a76b
1SA	27	125100	1001507	a9c0f06a25d6916cbcbae510b9e26e3507af89e40d4a558b125e1ef98b279824
1SA	28	273868	2191646	23b7bbe1b86ca12ac385c791d9a6c89cd0b105f87a475463840eea2f0213e7f5
1SA	29	137247	1098682	e39f21ec2c5d09dac70bd563136bdf7c144c6d6bc140eed7f78f6e36baf43311
1SA	30	294452	2356321	fb1ee84738d83cc5676993e552de03d77012b3dec420a0f6983318b829393b13
1SA	31	117238	938604	dd625ea99f4753ab7a2240c5220ed00e6e17b38979750f59c0c202592b0bddc4
2SA	1	234632	1877756	1ec3fcfed62358060bf7295434e3db41841b3fb7d8f21fc0c085bae0a57245a9
2SA	2	296124	2369694	202cffd461fed62b3d51a90df9fe45a9a3205e16b16f2a1dd9f15bfed1930da7
2SA	3	362893	2903846	3d7079acb37bd593fc03620f8bed3c3873903fe873f69781e10ce6bff19a21a3
2SA	4	135131	1081753	b8aa6392f643082d57b8956b5fa6687bcd38e72695d0d3633d39f3c4ca5e71ed
2SA	5	213211	1706393	1f00688b25b0904ca99574b67529825a75d9ded51b3ee314769614bb2c34771e
2SA	6	221780	1774938	30e073fbd650c1f8f0efad44c65480ebbe0006a7f927e4f665f43c29e4de5090
2SA	7	278753	2230723	0b949f3bcf2ba27db2cdf0390cbad51c63b4351f461f5e82a96383229a33f9a0
2SA	8	158720	1270461	3abf4ecabe72b34f0632e5265f4de53569cefa7a0e3063101bcd9929ffcbf27a
2SA	9	139860	1119578	f6976f74ea14ceebb4123182de788f35761fb381307fd7542899779a1c0fcd08
2SA	10	191347	1531479	457335a4c0cdd4259c20da1852d11819b0dd454159f35f898186afc8f73f58fc
2SA	11	260049	2081095	b7c7895f46e8b579937f5df75c1e4d62dde53ec823a2531999113a0e12dfceba
2SA	12	317388	2539806	76f89951f190c477c43d7d3204bb761714c8be16343469030b5e7ff905693a5b
2SA	13	384209	3074375	58a43ce779d93791f1942d3fb97a01e93851c5ac48e059d6b89776541235103d
2SA	14	372245	2978663	9ac55434f06cd77821ba3259a1d553965a833c10b8be74fbea39a5b194a8d810
2SA	15	382877	3063717	d6029ae66e164185c7c1c2b01eff322f07b50bcaf6aa65f0f392cda3eb59df28
2SA	16	259736	2078588	0d2d684c89b2b2b6a63fb27ba6b2f29a8a707eda82d5ef1d778e6837c45abcf6
2SA	17	320261	2562793	3ccb8037eb4a9567539a45c4431ec05fa7f882808c99684ed85af72bce35d9f6
2SA	18	372219	2978454	cf1335995aec1163a26e68aac1ba9dc06275c87df4c13368fafde825bc4383a6
2SA	19	488960	3912383	655633f31fe2e409f9f717b21cfb2507f1b3b99f6b2383a716517c789efd53a0
2SA	20	277577	2221321	cfa7262c3b84cc549974f24d059cb0277771505faab9754c83076a8ea69e68a9
2SA	21	246753	1974725	5f5cad9149dfc523462a7f5339005885dcc0515ef8c4f247cf15be43dd6b0124
2SA	22	325068	2601246	2063d6b2fc750cddd0ece234152a7ef16d4f51d7447f092ecb2efdae853b9768
2SA	23	317127	2537716	28c87ccbd03e26afbba7e88b1871ef48922f6c7d7b9de4eefdbe74598691ef92
2SA	24	289750	2318705	f51cf31319b1f347d12bc4482b8a6e4826fd0ca00a79430332c4615b7705fe14
1KI	1	580598	4645481	13aefd203dcec3d1449f1cb8ebdcd586b000cfc0737c42c3a0362879d06e8dca
1KI	2	589061	4713190	7e4805ec5583e4d6d66e93933abcaadd32566e2b4bec16192c5641e2c4e4ba02
1KI	3	337502	2700717	ef361652368130868c1ad8d0e189709fcfe788ec1ab98efd792c36c2f481f377
1KI	4	305293	2443045	0bd51aed624c9b56525152759ba2bbb71208ce6786062efd80a5667143fff52a
1KI	5	202162	1617994	3d7e53a4d5dea4fdc6c242d5f3ac77d923f1d650f2e90f9725ce1e77e156ee3e
1KI	6	368953	2952328	0b72c2e76deb774ca490aa29553792b48d70c35d383cac99fb983b4135a12df4
1KI	7	553117	4425634	b544e0c049cb46ef74896a7ebbc177fb25343dd93642e6964fc25819dba29225
1KI	8	820741	6566630	81f25bc59f2d6c05b33d65101eaf2415894ac8c76b2f76f62f12960ef9c12273
1KI	9	311876	2495708	3f638b9d3f422e79ef146a1ae124d046639f6e15a4bd045d2c5139dc05c02a61
1KI	10	321593	2573450	b0427a84107f976e2ae28ce34eb181b66d24650e6610dc65c5d5098b7b1053de
1KI	11	481019	3848853	5b92e61ca78536b42f1f820c8316dc79e94eba247746a40bc9e8d70c4dfb8056
1KI	12	391654	3133934	094615ebc6952d5d2017b45bad02f7a9779c69582cebe0f8443ce399d426eb4d
1KI	13	382145	3057865	d36547c018a8239e99c17e7f189f268ea7571a130a68d6d58c4c7b93d31295cb
1KI	14	365375	2923700	b23f44d0be830a10fe8d6941f3462078e910d28439070f8efce01499a7b9979e
1KI	15	353750	2830704	8f9beb565f9ac131a6b9642381ca1c711afe198f0c522bfc5e65ada5ae52bba8
1KI	16	376607	3013561	61fc8731e90de738c0d0e59cc872caf13dd2b128e0411a691322525fdff63ce7
1KI	17	251585	2013385	592107fae362de5b544fd7e08ea78904d39985a014a542379cece1d87ae77342
1KI	18	555442	4444236	b987a3d0584f1083dfa53ac88f250b1c03cdb95e492861e257f449b620448cc8
1KI	19	291892	2335840	38850644a8d3ff078800ff05e34e1da11fe4d4eeb3004c65f093b0a504429594
1KI	20	561032	4488957	d7e6c4bc29c317c1035e2876ccf2f6ab851bfaa5d9939fadc51b88442a0517be
1KI	21	343928	2752128	76cdd6c613b9b4d4e1a4d4ab3a35548f372f7ee81a678931e641eb2caa51029d
1KI	22	570488	4564608	3cfae1853ccfb65e9ba1feac1b6181cf0f23fb4122111f8bb99cc16069273e52
2KI	1	257541	2061030	cd1c99add1704f01f2629a9b409662ed91c42ed195596b359c784b3291564ec9
2KI	2	323370	2587659	e77e8ae995e05283bb9d69f5b3dca5cda252e8f192dcca9284b911bbcbd47e8b
2KI	3	316839	2535414	66d6f55f2538589d7b0a68617a733fc3674eddce295748b9c33467455f3cf4d6
2KI	4	503171	4026065	05937afe2fcd855b382eda4f20c165a43299806470f7e3063fd36165f78fa835
2KI	5	387004	3096733	45fa001ca1da94175c9e03550b4125bd51be10fa147054071772c34bff514304
2KI	6	387866	3103629	047a1eaa26bb61668c763a91e1b7583e26b0802bf1612bf8072534a3fd1d5f6f
2KI	7	300434	2404175	450b56a3fd0654df3ca3672fbdefe01d7d0166568e374ac15bcadb27e5f67af5
2KI	8	359680	2878140	0854ded9678710c89e5a6258b451be2bc4ad9348cb710dced9fa6ceddbd85e6b
2KI	9	443585	3549383	683c53426a04d3a65b4b2c4d92cf1b6839b909eaa3140995ed5522b7d3cd135f
2KI	10	440216	3522427	0a2831de472247530451e8474c88fa8dd58e4ed304d43295934731aa9fe5cd93
2KI	11	258873	2071690	a83145239943150518e601ad281e6e4ece9eb557d66bb1e41a54795f1b19f6e6
2KI	12	242312	1939197	be26b88be5ce9bfe79d32e1dd821909671a8053f7a0c1c4217a4b13e9811967a
2KI	13	305946	2448271	30d6976d3bc4f98caf4ac59e72be8942316390dae422ee7c999cb5d77d6fe52d
2KI	14	331416	2652027	9ee17a9069ae92862f75039d3907ae903286f427e09cebb6272d72f07bc6ea6b
2KI	15	391706	3134351	d4c264e01417df6fadb3ae5addaef5e74d9c21f95ac10ca6d1bc87a2833a226b
2KI	16	232699	1862293	ee7230636b62d6d327b880b3d6b9639820b8a6d59294e48c31573addf23b56f8
2KI	17	460304	3683132	1103c92de539917a4d431c2fc55f1468eb3ef37f3e7570d7fab8325481185099
2KI	18	469682	3758156	7dd74b251e8df2479213ecca47b863ce97fe04d387bb1b6c5e15441fd3dd80d2
2KI	19	453120	3625662	b4fc87a7163b60fcffd2feaa1bcf2721226ae824529ea679be496e4903482fa3
2KI	20	250384	2003772	87a4a2cddf4c4f0f3ad850e51a4a1041cbb139dfb419cf443885bdb616577a0c
2KI	21	268042	2145042	5478107b31fdc31f4f9db08a6d3f39da093918fa87354bab21ea9e31775efcd5
2KI	22	256131	2049747	205e4327e42494a84a351c96347c5f2d148e0e79625f60b3f4a3fa6d16c3e826
2KI	23	511007	4088761	274f7ffaba81dc2dc29584cc4a83bd9656864e8c50c947cbacb5b739f67ab535
2KI	24	212402	1699916	5cf9bd86b29a584f57604c0b2b2e498d08df85da00d8b1eac8cf43ac181d2f9a
2KI	25	355370	2843661	4761dcdbb26946ecf2ecab014f6e728c05d7798f696fabd2ca682836f228da94
1CH	1	348944	2792255	35914ba54bf1ccd0abebc16f93c3766e4a9d8b5663b59dcc3a3c777d4c8de636
1CH	2	398994	3192660	205ad23cee0e277740e725ced3a1a43119426f619cb85f204b810edc38cd4b46
1CH	3	190798	1527092	2f23a7cfb211d3bf0e2e412a94793e40b26ce6c95943595e6ddc638695b9b235
1CH	4	363468	2908448	95ccb7921ca2c6d0df9011f2ff3aeb40ea02b6505568ba75e4ea2b9d97d56e40
1CH	5	255425	2044108	5dfedc84d5df4276ea4626aa1ce5ad64ae267b2b4d1226d693b5be7ea438040c
1CH	6	552908	4423968	1fca67bc64800f83977cac39692edf6d833dd6bdb6464f368004f80a58b2200a
1CH	7	357616	2861636	25a91b117a9a6ffb357329465a6ec98d929c56330f211d7b9d5d45b11ec9cb71
1CH	8	231602	1853519	de410331ef6f13202bec9479b7333833aa63e9f416349d92612ed48223585167
1CH	9	373420	2988069	2ab482e5210ad0e720e06b4e9bc01bad098be76b96fe8fec9d4c75970004c59c
1CH	10	133068	1065250	db5b0fa7ead7d712ee6f2027b6bac8409e9d26bce0d4ebb46329b4b0bd18937f
1CH	11	374962	3000401	79c9b3e345c3b1bf17beb3ce5c09d71ed1354b94ad9dd09ec493878b83695aaf
1CH	12	370887	2967800	896c0476becf20afe10e6a3db7d449894cec32eba39f7e59e7c542ccf29ab976
1CH	13	139337	1115405	d73f28b923e5f3067217226805f634be9603bf9fb5432aa8417aecdc7111f021
1CH	14	137195	1098268	4a91ac80ded40a1ff05f7424a4087b8dbe76cfe8874567526637c94d00e9cea0
1CH	15	264333	2115372	f7b1ae20e3f02f1060e323a87b6342a6a0384f90d03bcc33f97413b8af2d6480
1CH	16	308950	2472309	d98da595d1cfde987f9dd0a5f1b550a9d430670e5a0eab5220e41643a54f1e1c
1CH	17	268591	2149436	98a6497f101038ba22aba687a4621a36b0a819c9b024786c2cbb602ac387f83f
1CH	18	158720	1270467	e140a20e99ce79de00a05c94da9ae9c3b7ba40e54cfe30f58f40f28937ab29fd
1CH	19	210416	1684038	ea2830576393f15e6867a14d5b2a71cef9a361d75069bd9763acc25bd5285e8c
1CH	20	99709	798383	142f8fa97b648659c72a2608effc23e46492284025a368c7b2853ebee1419d12
1CH	21	312424	2500103	d409d1fc78dfba0c03599c036dd054a436fa6a25a039f42f3f7bfc8f1ca203cc
1CH	22	206289	1651019	096c2423d266359ec8a0e4a25e2ec394209770089c41bbf68846fd2dbd9bab98
1CH	23	254041	2033034	94e17c126663ec1d35407c671db4a223411f12cb8b524dae2ae69383ef4cafcf
1CH	24	221597	1773481	17dfc1e309fae03a26935e524d8b9909b4e368c56d34056c7742522c285b4635
1CH	25	232699	1862298	bb0638b2a468dcd7cfdf9d2fc31e58451fc1971575f9378be5900a6a708eefe4
1CH	26	282279	2258941	90f834629aad3ee4f61f1bef221a5094d38022e48fb918903861899ca4bd4ba9
1CH	27	306233	2450575	464b436d927bd12d94be8f45b8413e39396c239591023eec1487e73965395fe6
1CH	28	291187	2330203	16daab6000188b2f6aaa59354556a426e402073b0d8175cdf8d3413fbda39d56
1CH	29	353959	2832381	649f6964151693ab2a8db1a1532d10a285c31e6835e69d14e076b84fce0f1e26
2CH	1	192575	1541303	6f51700ac2e170d8204297f242f783f542b9ed75ea9ae602ccd0fd78e75a41bf
2CH	2	230296	1843070	c8d164e151b127c065463fd35d83480ede5ffe845562f69a0e4c1778db4dd8e2
2CH	3	168882	1351759	d79c0de5babc05597d999630c189d7929d1f9c1ee897b90ddaad5440f53022c3
2CH	4	202449	1620297	f5db71885e48360213bebd30cf8c214eb05eddeb0eb3ccfae21ec77c3bdc9034
2CH	5	172539	1381016	b54972dff59f1ef026f0ec8f1354033a104ae053a0eccaf744dae4993450c2e0
2CH	6	483605	3869545	d1943f63cb2853bbbc354b3d25a2941e508e22a5119126aa9f805352eaeb3b00
2CH	7	261381	2091755	473c29e6e5e09334765d7c0bd9e8fba957b3a173e9a33c3313c830ceed60b1ea
2CH	8	188552	1509120	70e54ddc93bac180240cbf1cd8e30c43c0b4ff6506af01723c851446c37a7d4b
2CH	9	313182	2506162	59362c1ad2a8653a9a2cff2f1038c8354f188f0900412d8f4dc4712f13a9b10a
2CH	10	200020	1600864	3cf0ef32e8be2b41638ca113808c7d0fd65933029f88db1f23e644ecd6faf847
2CH	11	191896	1535872	2d67740f0fa2290eb2e7f97eadf6d8a3ce5f05f11889035c379293ec1ddb6f91
2CH	12	176300	1411111	d3d60dc5ff4eae8d90afea3f8c52fcac18cbe0a9d10898c2588ef8d36d956cef
2CH	13	236696	1894272	c6b297b92c87b20432a726ad53a7abeba30e715f0d4981105a1e9aa6334dd487
2CH	14	160784	1286977	180f5cb5a6b8ab5b295dd1acd61028256bb22ae974df73f5feb689b1a5067519
2CH	15	174524	1396900	c6d339a05fc3593f2a4158bea3077c3f22d09e2d14c29dc3ba75fc7abb589759
2CH	16	169143	1353850	bf000815d915352abb827b60890901f9f3254f560960a989e315288cf233c4f0
2CH	17	176640	1413827	2b16a22439ccf329479fab5aa92035da82ae1e98587daf4cc66d1d56462888da
2CH	18	366420	2932064	b0011b5a17eff5ff582d9fdc728d6dcf82747b90c3d3bdc47d12564d51a31781
2CH	19	127974	1024499	6939dcc77f983e8239ddf8884501bf36ba8faa8d07e57edc5c44a10b96ad2b49
2CH	20	406700	3254311	eceac667d528c5a2d474e9143e98af413696e8734159cc9b1593ce573c1cede3
2CH	21	222302	1779124	79f8407610c44074d671c3c51237cac13c733f3b3237c8a897c7d2bba305e437
2CH	22	158276	1266915	57c200ea7950a98d1c1d93fcb9b96346ec6b480db6571a8dc13775f7ce42111f
2CH	23	260571	2085279	eb0050b894a5aa08eab09ab3a3d4c9822f8054dbc7c9b79cb2ddba4b2d285fb0
2CH	24	315115	2521628	3a29b672d474868e24f95b96665c3fd83b1f669ff8db088cb047b9889051518b
2CH	25	337711	2702396	75a9589e64a9803dfa2167acdb3203f736ce5f7512755ea62a99c33404b4e037
2CH	26	254877	2039721	9f3f026204dffbc4b8d58c056c7400baff9d964341007a683be0f9e9bad9d352
2CH	27	85734	686579	ae53b6906c7a8b42ac62c4cfc96512737dba6f40dda0c7d74f15f8f5b811a569
2CH	28	310387	2483803	b4aece20188d99f754f1dfb86c40a12468d1ecec1f5a49dccd93cc9b3f07ef45
2CH	29	395572	3165285	9bb60615647eb3944e9b25e0844843ba08bec5a7f9fca72e51744a22323c99a3
2CH	30	302707	2422363	f7a3a685aac0d422b88979dbbb93c0c527f1618b59eb17964857e1d74a1c110b
2CH	31	265953	2128329	87aa87004aca58dfbe289425a338af38634a5d02f30eb5d5aae3bd6d57b7dabf
2CH	32	372611	2981592	a2e91f651079d2603052b752cc8ff65f74c5dc53801aca6d3b0efb1f73ba748f
2CH	33	263288	2107013	9aaab7eff361c1890e8223441be275f62db42eecb06670631825a2b7bac27da2
2CH	34	394867	3159643	c171293cb50d6c3eab72fe39f73e19dbbf67ea301b7946db29551b0c7ab8a520
2CH	35	311014	2488819	79a4f91db2f5044a918ea3890cbcb441f4153b5dd8ec22f167a9366c595882e2
2CH	36	256131	2049752	81e8b9de940616b9c5282de3994f8887e4ae964b6b25bb78c64caf5a3ec98ee0
EZR	1	132232	1058552	dbe54c765ccd59185bbdfa4d4b5b31206f0a62065a429e066e2ae1145646b1e7
EZR	2	415216	3322428	f182f4cbf32c2c210618936282ecc6308d7973687e31addad2edb1666d49e6fe
EZR	3	185731	1486542	b11660612ef9cfea413675c8a44b657686bca5636e1110f95dd9f963afe28c81
EZR	4	265091	2121422	99838d4d7b0a1d782dd753df8ca05a9ec41061ec9017c38c5bdd8df9ea63bd2e
EZR	5	194926	1560103	8a6653f489554a2cf70fb44934f35d663c861204a3988c888fd473ccbaa52086
EZR	6	262243	2098644	eee213dfd4cc9e1451a871275367f66431eac9b603ab2de8696f241a9bd8d3aa
EZR	7	291004	2328730	9538798feb9dcaa909735ab5a1a870f3551069d918e8bcba4898b2974a9752af
EZR	8	350328	2803323	620176e38abd9c9c968fd967d165d379d71cfcb7c70ff31390257f7ad2bf5e2c
EZR	9	212532	1700955	4f3f08aaac264998b516bcd38fd39053c2cd84223e57fce2dd2816b5cdb8618e
EZR	10	389198	3114286	0842fcbb33df9aeec34376125ff5a8cfaedc28f4c29860084dfba7af644f09fc
NEH	1	135654	1085933	23765043231872e8c732742dc676c179cd83bce609ac5beaa453c782c2e1bca6
NEH	2	235442	1884235	5e568e6b8eb53d456f50a2dacb18d00f4f57c447fa061454109727eedaa3ede6
NEH	3	321985	2576584	451c37d2f34f7fe45a09898bd3699e707e9d849d1cc0b57068772dde626a40b5
NEH	4	240091	1921433	11d377eeabd86a0523b0a762d58b43627e6057991d4a804bb463dbae0f98f938
NEH	5	220082	1761355	b78f5c8329a0734e0382625b74c4b394246c99193e4d636167ebc6d81a574ffc
NEH	6	198870	1591663	e6d713765716dcecab1221b05756b2e45ebb4d5d241a1906729aa68f1034354c
NEH	7	475089	3801413	bcb6c5a0e4bcd028fdc3cd7566ed087931dfd9bdad6c611e7787b91387db0fae
NEH	8	233143	1865844	2253f8114977198a3da9b71c3ec7aae5667b5cabe48dbbc3b51a2f1d7c9437e7
NEH	9	470491	3764633	384fed0d3405ee46922bc58e59c480ec434e617823128d5a03e68261e1c48a74
NEH	10	265665	2126026	ed6b4ef9089b69a529b1ccc99e5aa0e1e0e46fd5427b982e7926d913be086949
NEH	11	285884	2287776	35571db9383e6e0e022071f171a220a7bfe466841b481fc693296c20df410604
NEH	12	383608	3069569	42362b7a25c766dd1659c2099b03cc9e3b42073183377e8d5525a575776dfe55
NEH	13	319608	2557569	8fafecdd6fd78ca4c485a896bad011703c48331ccd6b772eb5251b0d82b929d1
EST	1	265117	2121633	17631a3eafd667f2b437527bbf6112590103283bbf6b80fe681243ba74f9466f
EST	2	288131	2305744	d46440513f5b4444d7e2b9033b859fdd42641425ffba2f2940a1036fa8baa285
EST	3	200673	1606081	d6df217a7d4aee2c272cadf5d501e663232ebec3793e5a4094044db333b840ee
EST	4	189701	1518309	ad9dc5a99c270d69341fc00b4deb6efc4399fcb84bb5326755031e4eebd89419
EST	5	170971	1368471	613168dc69b4fc25390acb025c8a32e3a605bea9f1ceee9edf301435925918d7
EST	6	172748	1382682	99d1401744be35b613b10c0cb4ca1c85d4cc6ff5f9d88af322068c08db300b8c
EST	7	125153	1001921	c85c417ed36272bbd1491b439f1bf09fab37c296b4ba2db1552b051174d015f9
EST	8	234266	1874828	0474025f622bfd630d2bb7b639a914a71dd15c9de3a54dfa9c79bf21e64ec421
EST	9	347220	2778456	427d78832d176c5e090d0b5993ab5a87598fe0eaa5cd92859eb3546462b29be0
EST	10	42292	339039	6e837e56298a91df01b7ca59515a16073db284d7d6c81af8e13300876e6313f7
JOB	1	232673	1862078	a4cbb884a753ac9ac8f79414d88e6b73add5e3219c6c608f9a0859dbdc193abc
JOB	2	141845	1135456	cd861583c8fb55f4cc30f074aaa1ec73a058a0b94735e7644b62449531d9112f
JOB	3	172591	1381425	26701c7cc1e553c569cc9f12d9e4ccf5a0de5f106b7a6f81604902f372a3de16
JOB	4	138710	1110378	538796a155e842cf6295728377c522fb9b2fd76ed0fcf3dc52efb0ebd660dec3
JOB	5	163135	1305774	a5cd3219a3ed0c890626e2343adfaf784e1bc8cfb9afc5764855ad8b2d0d23a8
JOB	6	188003	1504723	2f490df2435f729ca2ce3b0b62920d8b119e4fdd3ce6f257f604edf0a4c98e66
JOB	7	156500	1252693	7e205a1ac0c6709e1d2e52220fc757a510c50a674a2c0cbfb782882758bd146c
JOB	8	129228	1034519	bda2bb7afb783f2ceb722ea41fb68cc85d381c812ccc4f27abd268c4561f8844
JOB	9	221388	1771799	029479200b8ff3b4421f622b708748a2b64af6740798b574e7b4b75a4539a9b1
JOB	10	162534	1300970	9826741ce0dece30dc929ca4f4c4881774576bbea3b10358cd4fd697379ca179
JOB	11	132389	1059807	ff3944c64a37590844dbb38656ec33847f250519c1808931afa438bd0bde2490
JOB	12	158929	1272130	6a6416b48e9c04e68b445f35262f0a6400b653f9a97a7460c7e31957019de941
JOB	13	173296	1387069	a2dbb572b76ebd71ef4c15499ed31f84f9c2e31ce5a58a293f2728473a167493
JOB	14	166504	1332734	90e8ed0be134a4fbe1cc42e75e028b1724bf2df1c764727d588be7ea02d70fb0
JOB	15	224000	1792698	6f6a4ab945bd474fb16e5428cfab03651e3c3f655dfbe657830b820d51dd4f7d
JOB	16	152268	1218841	4896db795d75eaf7965764d1a5e1ff0009eeed0c772e0d37ba7dab9bf6d1d1b7
JOB	17	110054	881130	d01fa21548485a6f88d044c5c2f424b44850d0f3142d14637691547da56cfb2c
JOB	18	121417	972036	47611f21a311e2a05fc6c9a12080a6c87ece1c6ceefbb34cf11c190fdd739f43
JOB	19	192967	1544431	938fc1602dd237412d2654f7fdacf75e28249c566161620bac1a0aac274f826e
JOB	20	183301	1467108	ca3065c8fbd96b510fa26ac5d93e58283f4b629836f069605803c66e76d95a1d
JOB	21	206524	1652891	04bda27737928241cfda72c69b1a38e9af838471fe8731fdef88d8763cb4a473
JOB	22	183327	1467317	00718008db38e5b21ba641572e7c645314be01e767bd61a03a8c869100d23037
JOB	23	117995	944659	23af2a1553ec925604726faf389ab435f3905dce5492e4b3d3ca3dd6ff36547e
JOB	24	180950	1448300	1f2833a5eb90374aa5c1e16a7e5e5ca68356ba6fa1f8b1d4be28c0d568a74465
JOB	25	38087	305391	1bd7b341b1d9781ab4831ec442ab121bbebc79e95f31a6dfb683bbef2a86e088
JOB	26	84976	680509	17c9bca843f6877c5fc71ec867746ffc753def2f96ab9f6631998a5a5b82ec86
JOB	27	143804	1151131	c799dc2757ff5bd8e2967541aa0147734157e4702b98f2270cc3620f8530af4b
JOB	28	177554	1421133	26b2ccadb83babf4d4f02bd5661a2f3291b6c5bec60cb89cdb7c509d8f0a6ae3
JOB	29	150962	1208392	b1f3292a8a6f5d81f7bb82deb865075792ef884bc584bf337c90d12b3d0d982b
JOB	30	209058	1673162	ebc5b55b5b894be214e997da61cf8ccc3a25ee8159a0a1fc36f930bbea18a7b9
JOB	31	274573	2197283	bed26f60572e95f33664e70a28c4c02456b8db3d74e30b6e513d8cd13ae354f7
JOB	32	153704	1230334	5713b3325f6fe0439d1c640097cd58a131c3526d46345611d889f06f24bf29cf
JOB	33	215667	1726034	a666e53b11ced2c669dad3c8e1a8cd2be1413dbea6bbc1714f8dcc69ec476c65
JOB	34	252056	2017143	291052abe3cc651f8d3395a1c4c1ccd47fe3edc9260b8692ef1959131d0470b1
JOB	35	109009	872770	4bc6d91aced52a9116e96c045bea82ef0ab6a82f65490affa7a8af06493005ce
JOB	36	206655	1653936	c2af44e7633fad863eee13d31184216321209689fe0f791ea600b0739c855bbd
JOB	37	160157	1281952	edee0918550a816ebf73ffb2d9df35d3dbbf16ff1353d13bba6dcd2a1de34431
JOB	38	280633	2245766	853da3e94e9984917a9520d41d5d7ae2cd8733a42d19fc6c9aadef4d0bfba6f8
JOB	39	204069	1633247	2aedf65ca669ba9fe2a7c5c832fed42aa3f8ba6a7552d7597279f4d8b75ae811
JOB	40	177189	1418207	c6be1528c589a61fd8fe7fb207511a451ffa312a97e7e3148a802cc2f29a1dad
JOB	41	225750	1806700	be43916703cf38033dc1936b15f2a569cf78837446da027e8eb7d2f3c275dc9c
JOB	42	199027	1592914	f3a76347fda4b2189c3dc727bcb14571956fdf85140cb820c632df1f8f8539f0
PSA	1	49789	399015	4d5fffbecd9199108c3cef2a14606b619df6432c30994d6359c321fc766dc700
PSA	2	78446	628265	b2d4b711e4c5e8cb99c800ad7784260c7bdc7ddd4d22e24984f6256137af1f49
PSA	3	58802	471113	84a1e6c54d75c75e7a4154c023de86db513ac2373f517f8248fef48812ea0810
PSA	4	68493	548644	754a739e7872c2ea8e5d66f28734c9002e947685f154fac076841d4e5cd4afac
PSA	5	95164	762012	a26426465be777770508d10fe91dddc3753711187b5445a1fabbd1e808ac6a1e
PSA	6	65071	521268	ec5cb8afb956fe495f2863b03a56430ed24fed4488891539814ab404755fa8ae
PSA	7	123037	984993	506cedf8cfce4bb0ade62387170254ff1b61bf0a873d107660380a3dc6809eab
PSA	8	62955	504340	c3c4568ae7cee2ba877eb62cc03964abadc4b3d986bf4b04f1ff5664e2f0ca1a
PSA	9	138057	1105157	2541db9567a377774ff8aab04e728d664054dd6e1876aa28e6d0d74d9286b538
PSA	10	129776	1038912	2032f73a6a8fcf4cc15ec4f8c67ee27b1e37a651d3c88d7dfb4a77e2045f8952
PSA	11	54700	438305	6177db670909fcd93482b8a73c23605885bbd5b22d0c12f63a65d26711c985a0
PSA	12	60970	488460	ef5226940ce13a2d0905877764b554cae21fab3af17d77d9d51632763237d72f
PSA	13	44539	357012	6734880704b7776dd9b3c34bfff193c12b87efb0ad6428d5c510526a2a9a75c5
PSA	14	61544	493057	982c74aa5f53e1a17b056caac02b6dfa1352834889fa762cdcbfcb3470d598f3
PSA	15	44121	353668	e6afaa7c3dbeff494e38e040ce47f53fa8b9a81e8ed06b3171e1da42dee9db83
PSA	16	79673	638089	52e8750c01e90ed1218e3377c2ad1c83cb777cc75441f2251585ea01c2517435
PSA	17	116193	930243	b02dcdfbb4e642c5f69063c45bb832161d937ff2071c4585c380aafb537baabd
PSA	18	346070	2769263	aff522c8abb415232221fbf374b21bc84fb9f7b60bf8611d5024955a61f9380e
PSA	19	111987	896597	c6f756a5dd8a567355d859661ca41aa29ca32371e92550aaee05913271db6769
PSA	20	61858	495565	c9ee2418a4398d113a9d88bb4dea600b20484f4695be377e05d3101080f71168
PSA	21	93701	750311	e6299c70b65fd149bd1289a81510cdce1a413c77c33ce7d000c3b8f95ea6f54c
PSA	22	204330	1635340	ec7f6a4e0707b72b2447045c545a1d8a961b37c3616e3c5678475bd7626157f2
PSA	23	51879	415735	211aaa55df5ff3849cbc8a751aa49eedc6fcd76811a893af4777027115608c8b
PSA	24	72438	580202	d4df81217e122231685f1450fe15f7aa798f03a4aafb5c70aa45a9ff14eb154f
PSA	25	127216	1018432	7433752f51de3cfead1bfd224a3bdb548daf5e4ba768cb30b35628e5f0eddd86
PSA	26	69930	560140	6207169b51f273ebb62d35efc4d3ca55981b765259e95fc0fba53d225b94f089
PSA	27	122671	982070	715ceaccc370cc49160afdba4e16c7c360ce1037c6d14f0f17feaf702ed65fd1
PSA	28	74371	595666	eae0099116c349553c58b2559af9a236ed06786efa59e24b920278ee2d13de9f
PSA	29	72829	583337	39f08889763670227329ebc8b6450874e49bc1596ebdc3cd48faac71c47f697d
PSA	30	88764	710814	a7b543947f4f5e61b43884fb14a42d9399cca6d9a5b241ef34c6631d894de089
PSA	31	179592	1437436	c12c77a9d5ad3b70ec735ba99a6c202a9bada83824a088622736cffb8c8d8aa3
PSA	32	91742	734638	61aefa0514e1a9021114494ecb4d8f51689725502d5a3689763592658e6bf247
PSA	33	128653	1029926	968b237f49340981642430baee442ee1ba3556c60c898e79c9f203a990456fad
PSA	34	128784	1030971	b183287786eddf892aa77c4eb82051bb1addcc34d592751f2dbdf98a5deb763e
PSA	35	206655	1653939	f5a54b13bed3b4ca9b499eab2db1685d000aa6aafe1bb222601420b3d0f318ee
PSA	36	91350	731503	462ff4fa422dd93d64be36f1523b1f875f95cb652db62170586513a5bad41b4d
PSA	37	251559	2013175	9b4ec6b62150c10c79adea94b4ce726122b221cdfa407268ea8bcf0ad21fbe23
PSA	38	132624	1061691	86cbdf62e6230d948bef58d2ea4cd9b5e82aba07d485459dd21e36ec952cb4d2
PSA	39	104594	837456	4ca7b73ae15e60ae7cce5e2ffb56532ef507345552ba85747fc77e9e616326ae
PSA	40	154645	1237861	c8a25851f5b5892a1bf05713496d584cd03f8dcd8bf7cea01eec6ecccf72adab
PSA	41	94511	756790	3775e1f08453c6394420ae4c0cdecee4ab48dd6d1169afa9f1d1209d915f59c7
PSA	42	110420	884058	42a556e0ee175372cce8c2f68c6cabdce8c453ab5b21c823ddb9f806b2a06138
PSA	43	50965	408421	9d670b9587a2a380975ff7c87496ad9b03eced73692dbde4be6e95dd6d854236
PSA	44	159556	1277149	e0960476c6272b312f57c8879b91788502264b287c5d1855766f6e3ba041edd0
PSA	45	138449	1108293	c77c198c9282ebb300dd36e429b385fa35b599ac7febb06f6dd719b71eec83a0
PSA	46	83069	665257	05ab7bd50661ca1fb82d24b21601252d13d231c6dcd3c901e5e5f9022cb6077a
PSA	47	62485	500581	d61861b76ce7a2c32a3ba3dc25579a428fe2fdc5dea3fca5779fc0594de82a16
PSA	48	90593	725443	5aa5498c9695058f5fa23aca3e572b61e2f523f32c1b1a6deb83bef81f9d9eb9
PSA	49	131370	1051660	cb766711f1b21f181c53e27b53a739f814dbebac451e1dc78b387e3c2a86a05f
PSA	50	149786	1198990	3900a112f845f0c60f522ad4b7e40874afbccd87c9b9ba3a593ef56dc69a233b
PSA	51	135079	1081335	3a8147d2550e2c214a62597bc598be2b129bfed0f8186f6eaf3d6268bb2ff72b
PSA	52	75703	606324	7dd2a8c0d9d11ce6da4a62b5609ecda225951c06c735dadcc0bb76b78d4f42c6
PSA	53	64157	513955	dbedd6e46066ba69dfae533f8bf110b343a6245406bf40afab480f38f883d55f
PSA	54	53211	426393	2c24318a0eaa5bb1f741ed3ee7067a9c4d1de9dfecc060fc6462f47f7f8590f6
PSA	55	158642	1269835	04b04581dce7926505b4962ce48f19bba51c893d997e2ad04bf84c62803abb5f
PSA	56	88477	708515	42396e4674c8704fe8ba4fb06cd747c9f0c8030a514d8490ffede3a83fe5463d
PSA	57	94067	753237	3740cf46d8d1de640a9e0f39cf3567cce4b83858781fe5dde38341da74bfa82c
PSA	58	83252	666719	92176eee23887441e797424c16a6dfeeb00469924fdeebff4ffbb26efcf889bd
PSA	59	128810	1031180	342701292895ffe8203bc0fb95085751fb99c6f7f2feac444015b1a0da8e85c3
PSA	60	95060	761178	3b0dd4744c7041ef4852bcc9e7a37688f22f2aeb174503752e9332db9b7714a5
PSA	61	54491	436633	6b4c22ed1cedebad46fecb753a5ff9edf753b347089c54c129633bd5b8186f27
PSA	62	96157	769955	d9a258f0a6d6494d2faac7531f343009fbfd1361a8fec41bd08857f47e5468d3
PSA	63	77009	616773	eebbebcf0cb6010671b2c6dd44e6ab111bcd2bc7a0227268c4fa789ee28c90a6
PSA	64	70713	566409	8dbd62935babaae7e38c96e2ef3441aa75e1ed0ed386efc1bfa81281934bc842
PSA	65	109793	879043	841e61ffb239893d9836a3b68947596bbaee1e2449ddedde710c7843c81369c7
PSA	66	124212	994399	1918e120fcbecccfb5c3bb5dd9e15ed07a174209c99b962753212e511f4b15d7
PSA	67	49763	398808	b254f6a6d3c2fe873bcd9e7986eaeca03c0d92869270f0bc643948e4796c960e
PSA	68	264673	2118083	c6fd32159ea1430175b452e7dc25a5da1f1369e787444a46a66b6957d4eda81a
PSA	69	239752	1918716	68c65da50abe89a498dcff09dd80e2aafef261c6b44c90e98bf059705bc61617
PSA	70	47099	377492	20b9050095ad0f69370de61e7bc759c57f6fc4fa44fffaf9b328656f3bfba276
PSA	71	166635	1333782	cfcc8abea4ad61165e5640eb781c45350f05cb575ad93b50eec77ad056a5714e
PSA	72	136464	1092411	b6dec3689de1cad889bcf3c2a773414d915eb7dcd4b4bf9c4fe6110e7c4e5531
PSA	73	153574	1229293	bfe49ff4659db424eab9c3b67c949f9fd2fa9b34ee63f4d0f956ebf569e1e958
PSA	74	152921	1224068	75032840a2d53319213dc13bff6e3a4bb3919b78f0a726c30f49b7e23a18dccc
PSA	75	71262	570798	9f732b5385f211f936dc2ce81c2d6c29163810391f7ba4791d35a1c8f50d4809
PSA	76	76042	609041	08fffa5ee5651b416ffce77afdf8162b4e59ee53bc4e01bc9c6a92f9dc78a03c
PSA	77	127739	1022612	b06e9eeafb591cbed5382dd7681da4a427c85905bcbc7c6f94b4a40162ac79d3
PSA	78	430994	3448656	b34aa33c10f3dc6d66e62a04c49c3de4a7a0946fbf7ac2ec39cf90f672918b90
PSA	79	103732	830559	be8b24ec34906dda317ffb17f52fb00f4d7a46d5892c341a6072ac986d53fe91
PSA	80	120660	965978	e16132e8ede4f5c6b6f3aeae43671d2931438a7e2b5db79ff7b884f4c1628534
PSA	81	106919	856055	8ffe102590ab0e8a1fa5a33d3be88116eec0e4e11b5069764a262fe0610f7eba
PSA	82	47386	379790	cd7cd553de2ccb14de84fe6ba318aa267461e6fdef86dd23843cadebf1f80ac1
PSA	83	109584	877371	bb2a88ca8e3652cda58113d4db5ef17587b5747be5c8879d85463ea1cf8dd87c
PSA	84	90384	723771	ba20882b997338dc2c890a879f3208f2303b608cfa6e89754bb54d02f2ca91bf
PSA	85	83069	665257	0228bdf5bae0cc18901294cf7f83223485b0b40b55783467550cda074b954386
PSA	86	118387	947797	9e13b505e3479cff2e42fdf68557f3066cf4ad664c1b69256638994573707ae5
PSA	87	49972	400479	f31fd72c295f20d797fbfcc34edebf889606c73b027755ade153d367b6667a39
PSA	88	115435	924182	24180c566d096c2c096d2d6a227b35b86df46e4882f9209af5fb349b90aaafaa
PSA	89	317858	2543565	09512ac449d3a90f0944a65e5f03601f7341926297d498a65e09a894a46b1599
PSA	90	121078	969322	0c1f0ffaf64d1905ee0c9f053c031995fe533fc19b2ff61c963bd4cb3376d506
PSA	91	106109	849577	977331df57f731db8683a3a713a08f80ba26beb9ca4111f0d82760af67130a96
PSA	92	97358	779568	1bc77c272b3aaf871b8184d076829fa247f71c5ec01b8407368701d231487665
PSA	93	41535	332979	fd79a6f71d908f65748ec142e2b23455674468de13b8eee8b44e801e5ca0a4a6
PSA	94	133329	1067333	63ec5f659b5aeef87e750b35e942d8591e7249654665f291084aeddf5752a76e
PSA	95	73979	592532	7fcd2c21202a743a3043fb60346703d95ac7515e9819c250357d5ccf293d0791
PSA	96	88947	712277	3dd18e4459da154fa00971857708272e682b3b803e7e70b111fbfde53386b678
PSA	97	78211	626386	66ae9e8ace43485554d533fce3f3914095a8338eb07d9dbc2e57134cd303f52a
PSA	98	66064	529211	71b837bf535b071b3cd07f4659782ff097acd3c7f96d2a8919faa68a2c7d499d
PSA	99	63295	507059	ee649e0aee53ae857cfbd9920972ddd16629687508d3caccf3c78e2bb8d35eca
PSA	100	39680	318143	212210ce81156f6c5701aea9894d0d284f0b984a3e8409dff93fd880bf11f720
PSA	101	62145	497866	eb8455cbc434281b516684bb3066b2e048d1d87cc02bc1b37f221a0230cb68c2
PSA	102	160758	1286764	6dacaf6faf9f2b58143d67b50c0ccabac15c0480dd0fc3523a19ecb9783a56ab
PSA	103	130534	1044975	8948c8c6107af1ad20904de3d18ac0ddc16ae4f692ff47f4efa0cb3fed313eac
PSA	104	212506	1700752	7972deb026cd36352b30af7e0780b8d55d624a962503fabf4c92f90406a7c8ed
PSA	105	220238	1762610	15b53755ecb6bf2cbde6542e15f4135bc6a346adb849b503ea9d8a23f51fd635
PSA	106	267624	2141699	cbf8a2b91fd457b651d4eaf6c0b4fcc4f493712c1e282237a24c6cf6b1c0aea2
PSA	107	236826	1895312	ccaf55d4bb2ea63efc874b5ba6896a76a301a2ae6332969d9771060e33b80426
PSA	108	81633	653765	255c8cbe9e169383d61def57e120f2ba9632daa374d59a18cd51d00938ded666
PSA	109	185078	1481324	288c3824c935a696d5e7e4a10c1861b8cdb1878785db60be145a3f086c67cf9c
PSA	110	50077	401317	3661f814d54d80d45b1e7d2e322fc178d6ac53f3aa35ab2cec28724a65ab46d8
PSA	111	67840	543423	4fd744f7704fbc41390551d88bdb451e7885962a7b0e295814486809097fbc69
PSA	112	67788	543006	61cb5cfd73d6b790296b38e4662b293d59aad2c92cdd1865c38b3a09c2d2b523
PSA	113	51200	410303	932495e0d9efd0d351e74b25a764a86c149a785ff992537171a3efdb48282ceb
PSA	114	41012	328801	f79ba35cfd5d7581c547619be620316260ac945424197e1a2b4a38a0129a1034
PSA	115	95321	763270	6d3f10067045c7813742b0d495ff54aef79e970cc7ef817cec8165568a95cee9
PSA	116	103131	825755	56ad753a8de38a81cc9ebde0995e44e101259f91494a0dc0f9594fc01d0422f2
PSA	117	15961	128390	f9b89655f21ba2c8d5a8e50dd38773025b571408a801d0f58b5474175733a14f
PSA	118	161411	1291988	3ef43646455b44a32e6d753f1d3a7c69847b45ed79aad4bb4e3059dc668944bb
PSA	119	925780	7406940	056fe1c5fa69797a030ad04bca0681d57a10b9ef44983d5a5e5a532c6c18c214
PSA	120	38191	306232	09d1cc37510b5e9b6a0a581e07083b854b852814dcc77c6fa49a6496a7c6f0b6
PSA	121	45767	366836	77c5ffea3781bfbe242b45f070da7909abbd47d10681d59d8f115e489ecdbead
PSA	122	47804	383136	2c865c1b2e23eb248830fc75881a4fc64106b14650c9c7c964d0c1e651f80dba
PSA	123	38452	308321	3172d518cd68ea66d8cfbc13f630de43a769029661f5c852f212576caa8008f2
PSA	124	44826	359312	93b0af0fee048dc0a66059478c34683f453749391b7cc55c081159a3f9f9b9b3
PSA	125	41561	333190	d9296fbf588d5f7d9e9cf85f629bdb3682ee76f0aa556d09c6fd46903d6a1d3d
PSA	126	39706	318352	4ddec32eabd1c924748b7556dcec102df96142f96a1d306c966c2cdfe6223147
PSA	127	40594	325458	65acad0f6434f9d3d8e2c3f362fc8890d895c3fe3805e09e6f74ee3927a5b5d8
PSA	128	39288	315009	6452f4753e38c8285e9b24f60532d3ae0f02934ba719ff468e95a164eb1c9f85
PSA	129	45009	360775	dd2dd04d0ccf58603a5d3d7e4cc81a484196f27f713ff4a374b0f4e0f82d0bef
PSA	130	46132	369761	73a54f7906c429b1110e1c8d9b264181192430fb60d573f8d3cbb196d0902ccc
PSA	131	29649	237895	31668f2c14c1ed77ced18944a234da205e5ed6005965851f926d275fb658bbc7
PSA	132	100206	802349	a48eb77730630aaa44e15daabbaef4ab4064f68100a3ca059cdf1bcac1811281
PSA	133	30720	246463	9f24094c8be4d19becd76b592380e33f1125db9dac11e03cdc2c58cb7ef90e41
PSA	134	20402	163917	31923bb9771d6a67df61b1d0591d50fac838706b282d0020d3afb222ca6e72eb
PSA	135	118465	948426	f962548a4838a1f6f7e55d17458c66f38dbe765d3e5f5c0fc6cbbea10e48870a
PSA	136	138371	1107668	23ede48707134427de3f100ee76369a8c8ff920c8fd5b9afc1f467f8d3aab936
PSA	137	62433	500165	ed68af145b59d5f5c1d4e84280b0d3eff6e0fdd598fb8dd64a0843145f68d3ee
PSA	138	63399	507897	de81dbcd266e4d404623907ede452365ffd573dccafa41dec7621ddf73cdb9fc
PSA	139	147749	1182692	fcc0ddb6d7df3adc903729f4be03b065a0abf1a9045f1034079fbbefad91e548
PSA	140	88660	709980	570475bc7acc4cf3a0aa18139f786e078b3cc8ba44fa23477e916e4811b89d33
PSA	141	74162	593997	f46187b57cf069a7bf647af5af81bc885a73f4cdb06885317d5bc31762a2bbec
PSA	142	59533	476968	d56d628b1ec72736ee9dc9072a8d93c908608fc63d38e12729653d0663a422ef
PSA	143	93884	751776	23523c0ffc80f90a44a3d759b3d638039122b20c6b64107a69e7fd93d501b2c6
PSA	144	110341	883433	b017d8e94b39bfd3863763f79b05110c7fcb4848df0bcf2c68654aaaa5ba3c02
PSA	145	127242	1018643	b7cd18dc0aaa6123caf905873dda89fbbc13c50cd3d236150c1fb29922056656
PSA	146	65907	527959	807b165920a612a3cb01dddec25c8e0d6f9fee0f73af426d3e46f1c750a6ca96
PSA	147	113293	907048	0e2baab7c804d304fb66cfcb0c051c06b32b6ddfbb3ddc56648c47c913931f9c
PSA	148	77322	619283	4e72a269714eae29acd66891333c75d0f1b1fbddac1d411effba72b9375d6765
PSA	149	54805	439143	4da40de65d9ddd9615477632da8e18b9132e8f561e56688c55ed1a8f7bc53a7d
PSA	150	43938	352207	983f5445fc96242adee10c60d11c42eda526fbb87ab1e2b5dae3e9e2b916dec7
PRO	1	184085	1473381	e212173cb369e1147034f93e3132b4ba90e3b97e79ae3bfd58832abeeba07b74
PRO	2	106815	855219	7fad0e702dab1b51b538dad2213ed2eab85aed8c97e09d0801c51ed830e2e9ee
PRO	3	184451	1476306	60b1da751a2f22c75a8190b7d93db713378e118cdf270c7e27ab2001afad13c1
PRO	4	145737	1166599	2a644213b58df00102b8004428aa57c30aa2f169df9b72a1497301908a7aeee4
PRO	5	121260	970785	c1557cf23ee0e3b3db7d24c3784fe5d9201a99f856adcb713cdae506a5ce09a8
PRO	6	196963	1576408	0ca13b56721c3cbefe535815c867139f8ae778a7aacaf2d038a29372b9f4895d
PRO	7	140278	1122922	02b29a21bac299bb255e6eb75e4cb8919d80cf8d504c022e5f1974ebccdf9798
PRO	8	202188	1618204	d21dbf6c2babdf3ae24a8011908f202fd6e8aca9eeeef18da85e41a14414ab3a
PRO	9	103001	824708	c8d17567f3da060d33fcedf8320ca0d5c66ae7293e36123fcc70bd822cf9d831
PRO	10	209110	1673585	3382900e7083d5a2d7883b2f6242888ed3b3009e78330cbce37f50b971254e2b
PRO	11	215954	1728338	9a7091763940d9615d9358f22cf713d7a146d9083433f6a5ccba82d641f0ad9b
PRO	12	181420	1452067	842e7f07dedf832f8d82e0ee0a84efd4a92616030ffcffb91896eac71fe6913d
PRO	13	165068	1321246	80798bccb1e7fa637a4195dbfe11d4c64cbb14d855fc5ebb8bec37c6ae004b20
PRO	14	222720	1782463	3744415c8f846b576105ecf8b36a3e2c48c228af21f7698b63b8e41980083ecc
PRO	15	216999	1736697	64e9053be62513f3c095ea65210e592d7838d69784ab979cf8031ff72c6ae4ee
PRO	16	204330	1635342	aff80ee80cfc81c3464e00770e46a18b96a2765e69f50ca6cb6a0a098d74ab54
PRO	17	186932	1496161	497771f2d979ae49cbf9302af4bc3e10c7dfae2a9b977c68f7770026a9a56f7d
PRO	18	144718	1158450	dbba8fa1430d3e519e4d349dbbc40ab0bc61fdd5d06dc7af6588b48444616c9f
PRO	19	196571	1573275	04f2d51a6743ddac7999d5f9432ce44518748112ce533aa754218fa3f5761dd9
PRO	20	193515	1548824	ee3b75f8fd0da348472be8f94b410dcaa02df1a5fe17502d1d17a12071d62685
PRO	21	190537	1525001	48002e960c586f444f04b47212541777d7a32b18beb0bcdd99985b58fb0ea665
PRO	22	172957	1384357	add4494063e5532556ea1a4de693c20068c887a4840a1f887e858e996adf6a4a
PRO	23	199027	1592919	865eee999cc712fd2c26283fc1bead76d9030f4876413c1083ced303199b9839
PRO	24	210286	1682989	1474fc2564e25cd0a3654c6014d97ff431b34811e66d23d3124a0335e9b49f07
PRO	25	185704	1486339	7f7634613ea7d8930cb3fff8bcaa044c6323d1a44dbe9e266cef55b443e1492e
PRO	26	175595	1405464	1c018cd2d2581a00f8bc9947bf4c0969c4746bd2c59bd55e1a72173d6a286a79
PRO	27	174655	1397941	d5ab3cd257332a0b0ba9f0e07d671b084cc16dd3896dce6543566865d5c3b2f4
PRO	28	209215	1674421	bc339d413a1f3a32a4f45393efd588b1c7a110afd1673ac191619ef3965ef923
PRO	29	175647	1405882	be6cbacf45aa3c36b7b861476f85a9dcb31d913966ea8192351f28796030fd51
PRO	30	219690	1758222	11ac463b2d594c566dcbf049c0fb04e93012e83f80b70acff866922c0e4957b1
PRO	31	168490	1348622	db1ab26a73410c48f28c9fb577974c3b1c847909b6c3a6b605f88f0f545acd69
ECC	1	145241	1162632	69d90f4808e379b7bc06d76055bf6c81d6a0f7780704e4f9c4cbb775615486ae
ECC	2	252526	2020911	3d053d4405bc5178ec14978df251c068bb7cd4cd9ff8ef728e43d1eb832c7b07
ECC	3	187246	1498671	38254aba3cf5b28bae891159cfaf2b1bca35da911913e4aab5fedbe6c187e3da
ECC	4	138214	1106417	11eb20e29f7db3854f62a6a2b9cf66b45454b0858b4c3a7076ca259f09b0de22
ECC	5	179540	1437022	2d79841c8f7e4b8493d3cbc0f8e0608cd8606d74fddf4558600d5721a6ad037e
ECC	6	101486	812591	7650ce044e972af32c3c45f4a1b79c6f128599b8fdd5f0a7d72d6ee8c501ebc1
ECC	7	217887	1743804	2655299dfbafa2f29e892ce4ef90e8c2b7cab1400766af319d567dd9da3025e4
ECC	8	168882	1351759	4b671bae3ac2fc076349e817e47fe405bbbbb4e7f362fac50d25e798451ade54
ECC	9	187977	1504523	fea7655a260c6fad7edbf0d5faf22121a40492fcae55c5f1ec9b0105b03c733c
ECC	10	146599	1173501	4b26d61fbb6b6fda17f41641edefee02c06d843ce063d1a18f2b7d5166231c74
ECC	11	91533	732972	40939f1c966bd6ccb0fcdd574254815382d3fc4c72a2a81edf6377d0435a5c0b
ECC	12	137064	1097223	ffb2d3f447f5e62801925b8d26d84e886fc7927a795c6a076a5bb3bff64d6ee6
SNG	1	121626	973706	9a27a5f7a3184525bb3087c0b294bf38552009f6cbd59521d320234a588066a5
SNG	2	124604	997530	86a0b70e9093d6eb9447c0220cb3e9a237000322f851ae7f830c8984fbd56fc9
SNG	3	98038	784998	7d7250617e453292109f19bf622ea30d2c523e2417210742a82ca43c32b329ea
SNG	4	135079	1081331	6a68af6c45ce2b09c4db10f69c819ac0ff724c3f81a031a9d1d4477c6370d4a8
SNG	5	142576	1141308	cd0c4c9698eba8582aceb152b0c26f6a3217082eb1908c65f7259e580cca5589
SNG	6	102766	822823	1ae899f8dc5fcf2dba34a861bdc99f6241636a50a7e049c0802b922f39cf5f65
SNG	7	99814	799209	e62ea57c9d496a3b561ad220821304e59cba63f064fccf1e11e1639b747599b7
SNG	8	127504	1020727	5babff635176e2761f688bbe82b219fe9e029ad26763091c8bef0ff9e480ba78
ISA	1	303412	2427997	d6d88caf5ed9ebbcfe696f015871b69fb4ec8f2285832de24dbf43fa2927707f
ISA	2	203781	1630949	b5c1a0fdf5fb21c76d2f944fbd332c62131ffaed9900ebe5f264b4f92ae83974
ISA	3	217104	1737529	7e49d1d783fa1b29fc446c50406b03aa8eb9718c3f7e5fbfd74e44c1ae9e8db0
ISA	4	75128	601725	1cba50cc2e31c296a664c6de5c45322d4c9bfe0ca34a1a8465e6df13559c124e
ISA	5	317309	2539175	801b3326ea2feb2bff68df1834384b98a8ab8f9d0d510af8985b7b4f8a081a7c
ISA	6	139520	1116859	77af9134c571b538b066d16c19a85ba93b377ed52013a5edc553b10345c8663a
ISA	7	245629	1965735	a17afe3afb172b3c71ef5da9c212177334aaec88b9a7c4a63fb2b3e904f43b92
ISA	8	215353	1723527	0abaa4f337a2c113041d59f68eca3fd128281d3b7c5bd02036088dc0cd77096b
ISA	9	225384	1803775	e39bb53e72c456688bbe4a3cba661c2c3118fc4684f97753b0b9f4a29be8d18f
ISA	10	336065	2689224	f966061e500520b755b534dfb42546485a6901c63758d4a3e13f64882390dd37
ISA	11	180323	1443288	347b62979160237393028395f3c2c48b0d946a5bcac1e72a7ecb56fd657af7cb
ISA	12	55902	447918	3483332f4352408e1e6933ea6340fdf494205ebe3d9d36cca0ed0d11773a91be
ISA	13	219690	1758220	ce744d1d37d576e2eb73ebad0de883b63bef5827291dd3534fe5b46da92e2825
ISA	14	309812	2479199	970812638b35fac76d39aaab7f32d35eaf6909c5e9e04dfe5a75b13ca60b1cfb
ISA	15	107990	864623	d9d82db9267f1355f558341854329dfb82d29a8ae55c0da333224e0988b0e9a9
ISA	16	163997	1312675	912fceaacae1617270a5801fe4cc43859f426ef07d1bf767d30f8b18816a8efe
ISA	17	161045	1289061	1fbae952120fc6bf2b4324581740cf2f0747d2ccf57970b1c0bf0ca651b017ff
ISA	18	97515	780822	e0a5ec4dbd9ecdd952aa48f8736786179649c00a0e3f15124812eebe550d0d0a
ISA	19	268173	2146086	8a275a80e5dd495b3ef60a95151923d1de6807cce3b19315969c10a210a908d9
ISA	20	68467	548437	3a3ed61edc67a8e826bf40c5ec99c412b12fe1576691d4530abfd520e7d550a5
ISA	21	166478	1332528	8b6a99cd694583b5687187c0a9c035fce56e1a4b33747c631dc4d307471d6ed7
ISA	22	243096	1945466	370bc1feafa2a870d41ae4dbf718faf8e3c31f1df6a80b0a92004a81c38018d2
ISA	23	182909	1463977	6c8b25dfa610ef42d1b2ec6a0f8bb306040ea1962c523752570f0914dc2013df
ISA	24	223817	1791239	24b00e2c803f21ae7e4c0ed060de10021068fefb1ff4ebc9c17acb0b47d51d2b
ISA	25	136725	1094501	87613c3ff0f5dd06b7029297ff7b8d6ebe8feb80cd68cd19bd7afbff247f7fb4
ISA	26	207334	1659373	b8246827b9698f491dc08af73bcbdf2cd9292b89d919c8867a25714fc87cc243
ISA	27	146338	1171405	85c3a1c821d2e7c0b4e8d079db31615459bc2a8ed65b413c777641c9bfc234f8
ISA	28	306547	2453077	1f311aeed77191b9e357473c14b66ba77771c6523d5031b62edc79f55128db6d
ISA	29	272536	2180986	44750e59c9fe3a8a60f4a61a0463d15155e727adc85cc7b7d870b59d393b9279
ISA	30	378906	3031950	4bb81e1f55c846e82fd1d8f573246997772514067ca185c2dae3b72ac8c12fb0
ISA	31	120790	967023	83e1e18a9d84b77c26dfeda234cd77e225400c4726e790cebcc11fe9b69a96e5
ISA	32	170214	1362413	f8c961f5587dd8a486e797e6b75c5530d8d2664817865bacf1bff40c671cb82f
ISA	33	241816	1935226	c4e78e0db0fe23de7c53c5fa1364996e046ce97014b43718f34ab8fd2160a1a1
ISA	34	194247	1554674	3b620c0bf8d643719bddaa063475e13bac02ea0c1448930891d76a147aa9ee38
ISA	35	112431	900150	91e550caa6e6f5d9dcfec7e39b74104996165e66ccf51b8434775a73892a16b9
ISA	36	254250	2034700	14d27d854c92fcd47f7b060b8f23fdfe619786097df4ef95bf45f14f514d32ae
ISA	37	411820	3295265	94c5487ef8a04e32da3c4fa8ebf8ee3e12d88cce98e41ede61df9cd6514b28c1
ISA	38	214674	1718096	3bc94db801bd7d23e245f1523a3f62b58012292ef1fd65e306020f1eaee99f41
ISA	39	101407	811960	2b109114dc7539b333b083be89ab34af5d9184c2b79a30d289ea9f5b29411786
ISA	40	305633	2445763	ffdd80ded17b765a1c768a32e0fc51c78d52a843422011c65e8dfa8400e4493f
ISA	41	296934	2376173	43cbe373b5caf15c319cc81265b93d9b033fe630a4a0b2d1a70afd73b1673589
ISA	42	242887	1943794	15a96deffd24d11accd79555eb49424bc386a220f86495224082b1f36ed2cde2
ISA	43	265247	2122680	59cff55855e04f8bf5b74416b94c7aefd0af5141ee3b4dfcba95044f45de0a13
ISA	44	341995	2736662	9af3c0eaf64ef60d5485d05d1f6bae077c1f4408569793a4014d52a2806897cb
ISA	45	293198	2346288	59ff990dbb2d0e4519d51e75a67955a542a8325512d2f57215c1a1fb20aea808
ISA	46	131683	1054168	287d2ac55952a8ee48e00e957d8567d8b150772add852b2fabaca5c2dfdcf14e
ISA	47	183118	1465648	00c2fc5c2640ba6aa673957be646c6dfce72311b539c1a2a321202627f024c31
ISA	48	233639	1869815	ff5b0aecaa29f167e6270bf3844e2a3d120a3876a4ded38c3e2e5324dd91fea1
ISA	49	313600	2509501	a83ab6914bf4b3f633bf3c9fecc2a9ea015df9b97fd820713f64494cf79b24b0
ISA	50	135993	1088649	0f00f11c13a5a20fa3a0436fe68c58fe61b28e59e76620d5d52f7a1227cd533d
ISA	51	274782	2198958	60062f46b95811a2a104aff87f9bd7eec9a7097ec9d98f1dd8047d94734ebfa6
ISA	52	161776	1294912	def3a0540344ba1cf6b29eb3ee03984e1505017890612252f6162727b1c636e2
ISA	53	139990	1120623	0238fb8941badcd942a9b2bdac9fb9ac9bfb0c4b153edecd17b0338fff03480b
ISA	54	185182	1482158	78fdb5d1ea2c67f369e26928979ee25473a789b9d7b82e23358658a83550f58d
ISA	55	146651	1173913	e927108d145b0d60d42062929b3b871890d020fe690a5e2110b0e6d5b004aed1
ISA	56	135367	1083634	4fc205efa39af2d9fa651ca20221cd024fec2d82409d0e7d7b175697953d3a6c
ISA	57	218514	1748816	4c235b64893bae3c1ba47fd54c74a21791b0ef04e6f1ad42f7546c93ccb3ba9b
ISA	58	189440	1516221	297e6b87fd4ed4c708677ba4d17e18737135c27e0ee2e9ba1743947e42f9b707
ISA	59	230818	1847245	9455bf81ca083342d22d68ff0e279abfa60d4033a6ea81293902382e4dd88671
ISA	60	253571	2029266	c19481d228fdf4f3fca405bc4f493bc855fd535759c5ccd7e3d68c23cf537d40
ISA	61	143282	1146955	4af2a156a403dac25c5a8970f7cde0e5eb7c697c2f56a8131e8c7e9bfdcd9055
ISA	62	138292	1107039	a95ecc8ef36fa8b0e40a58229ac3e0f3158ad4eb6207bce7cc089f03d5a29e29
ISA	63	199288	1595007	d128e75fe01bcffa6997fa1a43968917c676f119a38a910454506200393e772d
ISA	64	125780	1006938	13e334e9aaf902b1b7cd8535f0d626184bc9d816075288c77e01692b9349f874
ISA	65	280790	2247023	b6fa90e0e3eb78883482fcdf3cd0eda4925ccc1a958be3a24ea81836103981f3
ISA	66	303830	2431343	11fa52d37e12e2bd8357d61c93d2bbb9f6821df7906b28a8690a2a0066f768d6
JER	1	206106	1649550	90a4f9b5962d18c9872dd4c8143be2f5d21a3b1aaec23eccfbc1eb8f2c12b133
JER	2	425247	3402680	7383b272e3455c82f4c81e43baf6b22a8b073709b2952d1a16f0abdc8067e781
JER	3	327471	2620470	ae60c13573a809d7beec0b34610164cbf85e6fd09e3670f94d8b415c9429e0d7
JER	4	353698	2830285	f0fd20b92aa23515aae7aca6c23a241c1db1ad3cce165b5af6526c6c22bad0fa
JER	5	357460	2860378	c123f4aa1b8af1511eed645d6d00aae1240980084bcd85fb9d1b69318b28c223
JER	6	339670	2718063	26c6cabb5a8ff362b0a70e3c22f7a4f386d723b23fc1720fb50ca11f0909da0e
JER	7	362658	2901965	5542cf46c9eb383335470511754c9714b5a0abd51e833739f11c760ad63e3c12
JER	8	270367	2163640	827d2ea6d4c69bc297d720453afd992723778b442156144a156113e67db0abc6
JER	9	304849	2439493	afa2fb1e969f125ec4b6934ee99bc90007d3437005aaf1746edf110fec4815b1
JER	10	256209	2050375	3e32a4cd533131c3d2779dcc682c72a5c65b775b2db400db8f6c4aef54d8c6f8
JER	11	277368	2219649	a699d9ffc5b04346e3c432a65f44bb67f42682c4a9ced1d94b6fdc18aa968abe
JER	12	216973	1736488	168973f2e2ff62e85c99156d406ad291355ec39b2da546b6a09b2d735b613dfc
JER	13	286119	2289657	cb7f518a049dffcdc700ab687108d5e65272feeef01efdd9d179056de202ce6f
JER	14	275252	2202721	2c5ef175be9bee6b584aadb7fb4a8d936ed363ca25e54bc2fee35e04b385ca76
JER	15	271778	2174927	ec7230c46134663383e0497a9001c89fd05a8503a1a811711eaf59ddbc57f6de
JER	16	263889	2111815	60519f4b997611aaeea2fc6860bc81128795df3455dbf3195977a6d0c9280315
JER	17	327680	2622143	819e2e7a066c56e3487dc2ea388867d5a9c22e604187e5fcc182c1e1e5dfa005
JER	18	246805	1975143	9e02a379f2a9947bdd7ddde7880fbc9a823a7d0437c8e23fc586d609e098149e
JER	19	204878	1639730	f3609286a6ee5180bfc99f97d1e91b0f8f7582bfcbf042c575ca067e9f5faeae
JER	20	239621	1917673	33202cafa541e966bf4fcf5e7e1423fd6f913f4e8ea12affd874258f4bed5f6f
JER	21	194142	1553840	ae03dbdd0eeec7afa5215ccfe2d468ca386823a031cfe3eda9c76d5033399262
JER	22	358557	2869157	4db56dcc80f1229ce25211799881a71223410c156caf59d72d3d0856fa2a6b83
JER	23	478563	3829210	2ade5f0304ee9ac2f20dca0686b07bdc0b323710eb443f383d5e497b7bd01acd
JER	24	137900	1103907	5f973b2075d017f29b1828ceef63c20ee446ed9c4b5de4af08d526b22bd41cbd
JER	25	444238	3554610	e9371b06f203179a29e11b40edff20eb5183dc953014c91007c63db2eea4b7e5
JER	26	302681	2422150	ed759546c1d3c2002db2bee7e0f1b4ab20b8ac8683e44b087a7abb117aa49ba5
JER	27	287269	2298852	9e2b595163b165e49386d0afe414464bee298479a9101efdffdecca59d4c299c
JER	28	210442	1684243	75039db1170d3b0db07bc3eeacf7e2902b961de1b3e2d23d52065ee01b78d32b
JER	29	385437	3084197	ad89f6b4f88d24c6e5c24664ec1a85c613040feced6e5ec15f631edcb648ba0c
JER	30	291265	2330826	209b34ab4a40a73aafc4741cb6b39d91e897a4520b5a81252e536359067426a0
JER	31	506540	4053027	8dbb1e612cda625ce5fcd5cd87ee7842505018c6c256435cbcc4fcaa464056fd
JER	32	540369	4323655	22c15241f90b2d06a9b3054b28f11fb28f394329aba8d95ff41c03053023138d
JER	33	325094	2601455	5389d33aee91c52cab84a113ca3ee52b187185fbea7215b383c24e5758c7f013
JER	34	314253	2514728	c0fa4757478c7e5db3b516c3879fde976666e700aa862f208421cca077529394
JER	35	262583	2101366	e4ceb47d5655e1b1d813606bc88476d16b43e981c3024940bbd8e74e7f89d942
JER	36	415791	3327032	0a03c798ff8b5780e06ac71e9c91ce400b6c5eed0a3e1299378c7d0c81b0817d
JER	37	246152	1969918	f020ca5063ee472c7588de5ecfb9fa90235d6bbe4a3586ce4bf4a83e0f0ea9db
JER	38	379611	3037595	af7a55798eeecfa8b53074179fc24a38f5fe2f99ee7e35521a38060ddcc5aa4d
JER	39	213917	1712037	9a5cc2f6511cda9d70131a16301fc9e4aeb150c998e61ff331d42c0d71e36e4d
JER	40	265535	2124981	1fe143ec6b384aeaf1d76a2fe7aabe89046960fa85bea353824486cbfbcc0116
JER	41	251768	2014849	c918c883621c8f7314ad1e525b2c97853a399657aecc43a4303d5a7c84028212
JER	42	282175	2258101	78c8b649a000078778fb6caec15c27471dd77cf99fa79154cacb775a23be775c
JER	43	174994	1400658	cd6e955ba31786ae4e0beece7d1e8adc5814a33b8749b5dbe76c57f246ffed08
JER	44	454922	3640083	f4e1cd73455f1ec4aea52b63be56557735dc983580c64b9781727426b2d8daa8
JER	45	66220	530467	4f64932f82e11cb5a7cc085c87fea4174f289ca97cab14f81734ebfe34bcb2fd
JER	46	331807	2655162	8f572a2791478e08dc6cb252c499512d9a45c2ab0f6dea55ff95b0febd0be9e0
JER	47	91559	733177	86ea58a6283dd69375325c6959b4843078cf6a9e07979495c943221423a9b6ad
JER	48	488699	3910294	c5ae26ae3d6c954e6bdc8c2e5bfdeeb0beb2872b9684a1884339f1c5bb5fafcf
JER	49	478145	3825866	736f0c1199c77ca424a3eb5f7493d450df7807af7bdb68d372b8babf3301ab99
JER	50	575007	4600762	33b245b9c77402e15d8a09939385aa65c7e84d9b1c6cc35cc7175aa84f6e47d8
JER	51	734041	5873030	1eded9218b5741be38c55f290d017399ff94d52a7dc3f1d5113f105c1910feed
JER	52	389486	3116589	66f50aded4f63a991cb108a447a046361d2c8dc0a4df6d35a311b33ca37019a4
LAM	1	355971	2848470	8f82dfb6ae1403590e79462056ef845bcf67168de189a00143d4956c1debc0e7
LAM	2	362580	2901342	e6719a4bea7978758d4b3d87f47e5e03dc7e27c493cc0f7497589aacb3b35a17
LAM	3	399673	3198093	8c40a2045ee9944fc91af8ee1604dfa89cf439053bc0a015e488a721289b03e1
LAM	4	256836	2055393	36c6c6d0e793e492c6227d8ab610457be5ee00febad794376fbd9c06dd8f5747
LAM	5	146756	1174753	1b7ecda5aec87cbcfacb17fea3316bc896d0f77fe9253f220ce9d3bd233fa6f3
EZK	1	293460	2348377	8af56d6779f3b9f666bace795590f052e3126da8e03d26ba5f2bc8d2718c91d0
EZK	2	99291	795032	a66a7d2938d21a476f032bbbb192a1567df2d77aacbede709b9f7d1184decd26
EZK	3	281313	2251202	2c32733eabfe6c19526a2ed7992a3240200a9daa3ac8dc772198349bffaa5ac4
EZK	4	184973	1480485	70e3a57a028ee5992128e85eab9ed4f41145ff5113b78321b034a3066844c0fb
EZK	5	218279	1746934	f3f27320c6cc35a884dd353e54d15629b4626c783b63de1ed95c896410ba34a4
EZK	6	163474	1308495	0a1a0c77fdd8256376df649a8e269abb4b4cb8bb66b24a25d0e52ee7f0d76142
EZK	7	283768	2270846	d7d0dc2042d458f9d9c8c32658dac505adf2a3f373c651e99562fa56b5f49cc8
EZK	8	224000	1792700	8ea86cc878b30ee899e68e99c976a440e94110f3d240e13fec6b8da9f6315fbd
EZK	9	143125	1145700	d67bb5c44b7c817d3fb9596e9e11adee42480f16d4b4dbad9a99a789c858950a
EZK	10	223451	1788314	8389d925c1c77a6f2632c1f7f98b65912e6eecc975a8f5058b9198baebf185d9
EZK	11	251559	2013176	6b38eb5ad0921caadd2cdfaae8350c64a8ad9332dd7d39ccd5c4596db3f85782
EZK	12	288026	2304911	85360cbe12c89559899ee4a3c6cfa4c7c8cc08d12ec1ca6899e587894a3c210c
EZK	13	266188	2130205	340b728eab067306f9134626156524b6b48241166e4d29fbe4fe4af355c88081
EZK	14	263889	2111814	82e3915b1c5394d80510c2619a2e59d73042bcd96cb9f51a8824dbe45587cf31
EZK	15	72960	584382	00e5cce305eb2f64a69b41617d1f81233d568b2c8e97bd498047337ad3108cd3
EZK	16	685427	5484118	dc55e3c40c2846188a9e0d2a4265e5faa3bb67de1a2410dfdbba4465278b7eb2
EZK	17	268565	2149222	86d0f2b9afbd74714aee1d36b0c0505b73a783141ad146750d256b3890655209
EZK	18	353698	2830286	655f93d642a8c61f2767cca75456051d475f266b3803f50eab23f363308bf41a
EZK	19	133930	1072141	b161c743380f3102fd2fa3ed6660325fd07b31f83369d94b67527a8b4992c12e
EZK	20	556356	4451550	637f1abe24c9b93311b4b7b7ee21f8bd6010a5e2d8822573932bada69a064574
EZK	21	358557	2869156	601e1e2e87a3ec510278b74a4fd6ecde4bb436c3e00eb8450fcad8e7b1bf4982
EZK	22	310126	2481708	ee5837ea7cb92a62c3196f7c0171ce7b4ed5c9cd7b368de8da43e6c9a49cf7b0
EZK	23	480575	3845300	d62eed1b00d272c5712605b20c5db80febf32e5187b6a1fb2958369948b4207f
EZK	24	277420	2220066	26825f5f130c7b49447b12889a3327c3cdcc83acbf3d674d27f885d07aa4496b
EZK	25	187820	1503266	522d70bc87e17383c301038e0f444ab8f31aaeea2ebc405bd2f0fd6aab2ec081
EZK	26	245891	1967827	cc2ab41f8751218c9cb8f1e061487d6c2e25e5b0329ebce9024656d0a4585099
EZK	27	333845	2671462	d5aa8963ebc4f4f2f3dc4bae2b2f607a28b7b8bbcac523efbe83aae36c7b5221
EZK	28	282567	2261235	82a3ac9eb35808126ad795a29087d072639a5389ea0c67b9ef40c218ebbd8bc9
EZK	29	240379	1923733	5460b3826f4f125627e81a501f9e320b4d096e91c48a840459266845c04703a5
EZK	30	247301	1979112	e2bbf2898f21d19b7e906337fe1f0920436aa276471029c7935da3601650d81f
EZK	31	221022	1768879	43f47ade200dd69436f8177944d44ec924558c6372afcb61b8030ea9dde977e0
EZK	32	352157	2817956	b46e63ebc9c8ba556d653e84251fcfd8311b474c99d8d0ef63da245d87d3475f
EZK	33	381492	3052640	ae638d0dc67354b0eea0f2f0ea6a3cb33097aa516750ddb16dd75b374fcc7605
EZK	34	336327	2691315	d18843148a32801f55fadf0902876d23f3f6c6c02d4778fa325c6fd7acd3abea
EZK	35	148323	1187289	cf8a67ceb9ffa18fe3cd8da556730e00d39bc6b4efae35534e88f56b7e76e86d
EZK	36	410305	3283145	e40646d473d15ecca2aa2f7df673d0b3cc9abe3f4b5c131fa7e6a94757d5a687
EZK	37	317701	2542312	b529e03d8d39c83f3b35bcb90778c916dbce5ab247bbabf8e5f9edcacf862032
EZK	38	267128	2137728	311bdafa0506a0b6edf87b473975ebc2dc684bb2ce2e879035b29e9205a9930e
EZK	39	319269	2554851	cab55758e68a4a274dc163fcc3c233c5a173025c365a99f684bfe0db203e2f85
EZK	40	500010	4000781	44a7687dedf6c91bfb0d5d5198504f04e23ed969a782ad7c79d8761834ffdf27
EZK	41	265691	2126234	972c7f7c29508a792cc0c35aa9a4823c23d38a0ac2763078bd37b7bfcde26b44
EZK	42	188970	1512461	63bcb9e16ded554f02fb30e98b197e0802576989fc8a1e4747e0bc9087efb30e
EZK	43	321202	2570316	9b1a6e18576687fa4ae86ca3ff217c25cb6214553bdce86feeb93af7f0cc95c0
EZK	44	367386	2939791	a588cb90d45969725e382154fff7813f272a162d89285238aee4923d6273396c
EZK	45	299886	2399788	a755fed197d97f2b55eeb35fe355d7749a8fc36557b1865a86777eefd11af161
EZK	46	284735	2278580	c7b8baafe05b9315a098d3d213fbd395da1f64cb54e914a0cd663a1813c1ad65
EZK	47	280216	2242427	0ab9ffb13579c28daa8f9003c4049b2760c95affe414913867cde9a6b7872e7c
EZK	48	366838	2935403	7bccf8a2cf1e892998d91f6dfe3fa1ffe98605c890248b32b2c0b4d92d6777d0
DAN	1	198896	1591870	5f43b87df1c98d2c6357d47d9fb7acc53a4a30913045ce7a40158d35315073e4
DAN	2	513149	4105895	e025e8d657ae7a140c7f1c756b3144edb0972746490081bebe30027c66419a1c
DAN	3	353411	2827984	54e1568386232792960aecfff08ea95ea20b612f55bfc31f9ed727d1ed25febe
DAN	4	405081	3241346	c1cd0557678d73370dfccad6b7878f89cb5e7cf82d600ac755bd3d3961d75049
DAN	5	341838	2735406	762c3dd4cb82436a91c9884177b5866e5821658a4565a86407cf0ee15f808091
DAN	6	298684	2390172	64c080805de90bceeaa396514571518ea5ff9e92a4fb7e9a9116e9b0746f8af2
DAN	7	307487	2460598	57c7c397604431c2b9593590d764ee6e822c663f01a81e905d5258f56f38a626
DAN	8	276323	2211286	895164b60e74d03869cc4bb9b91042c3cc2aef7b9d5fac6862baea262e23155c
DAN	9	344477	2756513	44080ed87a6cf0b07246e2dbd7c60d1bb305d319685f3cecf6ba4f493a938a90
DAN	10	218044	1745054	76aa72a2a7cdf956e38cc8bcb07c7a9363d73375057834bcae3446b7a515bbd7
DAN	11	501133	4009766	5c796bc79898e5085fe13e40a7a85f9af02289fa7c531a062a0c6e66eb7196b8
DAN	12	139468	1116444	12fa024660e3c5d93dc7b54f5293902cdfbe67c57851ca5c0977f5d873b7f2d3
HOS	1	134740	1078615	6c3786526515ad2b84458c5932a34c6156bbee6fa2446ddb31829ffabc78c03c
HOS	2	242991	1944627	cba4a3368d4f6b75ab830bf59f764324d89a1099eadfba3d756d8926a4d88ead
HOS	3	59716	478426	95a82b09613ddc2725fc3815cc15721003444b43fc506f2b348c4b896fcaca9d
HOS	4	178704	1430328	5752c048503e82bd12c613076758540a31307d96610493a645974545df07342b
HOS	5	145136	1161789	c3461c767971422fb2b17322d499c8d3148997b46639ab7a23b1da96b2a3cebf
HOS	6	97829	783327	7c1369c55e291dfd515a9a8bd3ced88926f5fe901555206f2fc6ad1ca725feeb
HOS	7	159504	1276728	81202649e12acfb55e8eda52c72c0177c5faedb6ecb72abcd07e082c32700021
HOS	8	135471	1084467	d77fdc0149182caebe4ff8705fb39df345e9b231b163ce68b59fb8ad05b8d4a1
HOS	9	180898	1447882	c100d4e5bccc808ed972151f35809c6973135f7c916db6048d42c45db3b7eda6
HOS	10	162978	1304524	7c67cf7524714d662beb2284913f1cef0f9cafdb8dbab3bb101c1566d81449d2
HOS	11	120816	967231	301ea5466c62bb0fed7eeed6864a3956b60ed322f8964a3aa0fe3b413d5c3686
HOS	12	126224	1010490	e4a0bd087168cb685a765e4143fc8fec5d2d5213f88f3aaa67016df017bcc457
HOS	13	165747	1326676	696eb9904a527865e840a1e579e612c0ba51133271a0a9a42f4291276882d275
HOS	14	100493	804645	61001e54c79a402d2e9d63df86338cf7d93f7e03be1dd9ead6528b07b700a9f0
JOL	1	198792	1591032	9ac7534c06a9dc5f1d5461947abca1343d3b1af6ade1acf93c26f8bd6823725c
JOL	2	348447	2788276	7274799a6d1666ed7c8b0099c01feb40284f0954dd0d6cfa9efa51d8d4407e4a
JOL	3	214491	1716629	df6d64622e581185a91f87fc07234fb9d75cb2c2b18890b9cdb502c4837c4e40
AMO	1	169117	1353631	7d3e209996a34e47383e3aa0747e6ca22e82eb381b1a13eb9e3bb429aebd8a9b
AMO	2	162351	1299506	f493fd18c55ef363053f4f1d7fae1418a6dd5428be68d8845baaf266b7f1cf33
AMO	3	142080	1137337	1293c485f7ce65a71915d6c11dff923bc4ec2fc69a4d1313cfde29c46c8646dc
AMO	4	161515	1292818	72dead470ed53b62eb94a0246ca3b6ec798719dd47cad658047761b65a231632
AMO	5	237505	1900740	ab885e18429de4fbd6ada669b52feee7c6a54853cab671a2beef36cda8986bd1
AMO	6	140095	1121455	ed6c9af5fbb0b981abd78452cfbd65b27d359afc7d0ce6f27ba333a651feaa0d
AMO	7	173610	1389576	4fc46d4487b0f39ee249992ea67d6499c18bb203b8a2335e09367d6cc2dca577
AMO	8	143229	1146533	59a441cf3a6cf00e1d1d5c33c00e4c3069be48523c26141846cc85fda950b0e4
AMO	9	184816	1479228	cea03bc5d09bed2866c963229ef463a1dc989dd493ebcc4e32832ca73f02c4be
OBA	1	249731	1998545	fd26ec2d589db1927bda838eea70ea1f6386d50c984fce27f0386dd57f0605e7
JON	1	166269	1330854	55a2000dc2d97703cf7cb052ed7bf3110e3ae075d22ac9b9a518a66893be9be1
JON	2	79386	635787	e0d1b3182b6d56cbcdcf3a38cc146ebcff50a6ca67fb41933048b36f5b9314df
JON	3	85107	681554	9953d5481a1784d1eef931a34dd2887decb6bea51ddd852346d92858793dc6d5
JON	4	112274	898893	a06ecc9cf066b68ef3508331383acf19125a63865abadbcbd856085c6cc0f9ae
MIC	1	180010	1440777	4350532b26a57a054be3cccdf66d7df3d3f7f2233e66897179531c2954306b06
MIC	2	160810	1287177	428f1b023ebd6ceeabcc8b16e761dcc88ad439a4c220e66effc20513bc639034
MIC	3	147435	1180179	2da75803bc2cb8e140eac40c1a2b7f4b10e17f7402251d26fd2ef280c60178aa
MIC	4	176797	1415072	092d09bad7dbca4b99bc4165e0d769264e1aa5c1c6ebc32ec3a8b08d4b7e4b43
MIC	5	158851	1271503	7938ce27a93d3611577fdaf45e7e9365efb1ed7739febf5db2a067728840fac2
MIC	6	169953	1360320	789b0315c3ab69d627788378286a212d2f5157b3edcdfd12dc12870548f0189c
MIC	7	226064	1809208	e9d1e849d8f1fb9a0b5e8edb402f53e88d1bc72a7a20d1cb7fa0d30b03d3dfbc
NAM	1	175673	1406086	f54e1e9bca80a6b38185491183589f6133f039216ba02405d954cabee52b58d2
NAM	2	144431	1156147	39d342b34f669f4a3c659e641e7c9bc4f2445950634b61c9c532cbb89e167d7b
NAM	3	219220	1754455	ce93b3233f82b70fd6d415a2b129f227fcdc76b8d064dd16656f33d649169f51
HAB	1	176483	1412568	fc71ac5fdc5767b8a4f22bf752527e9c85b585a583289e5839eee6de5b92c1c7
HAB	2	220735	1766579	e77986eaa444f96090531c2d51bc665070f1424aa430ffe94f8c951b4684e52c
HAB	3	210024	1680897	da3fadca222ba6e6f4c82ec3d4c30a9df3749283a9b12afe159e4be44e0685fb
ZEP	1	177293	1419047	63d529b9f8d10dccd5f7beb6bbc82b980ad7fcf4950c2d396d1bd081c28f14e2
ZEP	2	163030	1304944	93d6de674d76c039497c665518d96bff4422a7548d47412ab90544d6ab18e848
ZEP	3	212428	1700125	ad7c1419cae43c025ec3ce7930dbf7ae85469e517114970cf95a3460397ae55f
HAG	1	175151	1401908	a67e82a291d911e1b6b4f2820ae8e98f612c41e8897b4c50026c74f5e6502f42
HAG	2	260859	2087570	e3f4acf058d72dcf3e53ef722e9790e074106234aa7db7c5d9aa047b975179e0
ZEC	1	234109	1873578	e0bf25e65c92a5fa16524496b0148ed0f4b6e69a7bf2941b9787b71455954501
ZEC	2	114625	917705	57e56b3b5d7a750bcd53c02336ab7c248ca78a498790ac7f3d0986fe7a491899
ZEC	3	108565	869222	49a660d8869dc492ce1c6605653dcc6e5f399ff52c9ead0d920178941c5d7b2d
ZEC	4	133695	1070260	31ee61499ae99af16c84de4bbcdaf373792c7294cdb2459de93f443006492c4b
ZEC	5	114808	919168	2ab7bdc99ac5999132929524c3925a5bc196c82d457675e36036ce0e3476bdff
ZEC	6	149682	1198156	c8bda054a81a7784f45d0e89cb4a2f1f24328bec61fc96897173732ca5e0e279
ZEC	7	140852	1127520	5f5614fef1fb9abaedfea34403ed0376ff1f7f215776d663df461110c97dacd1
ZEC	8	248921	1992069	9a5a020a1d260dfd1cdc2535148bd922e5a87d7c35d391f01d486bf1fc257717
ZEC	9	198113	1585604	31981971bb35fef651d0f7106d4e9a338103724a6a0feb6bc786db31514392a5
ZEC	10	144980	1160541	94bd8615c3050b214d1f1464a6ca22548df2073e93f004a58ef19243e94f93bc
ZEC	11	178286	1426990	f54692d48198447ad1d57c6abf8ef69f456aff1f2bf1f6393f44881b873fd2bb
ZEC	12	159869	1279660	c60504dbd16c1cee74647c53790b3d85661697a2e14a2ee8c2c0f9c2ae70b9e2
ZEC	13	116846	935470	2d6fcfdebacecc1beaf6b7705b9b43722ebea63486cc63a6b68c45b42e33b7a6
ZEC	14	251115	2009625	951e05089ba1f8984a0c3916ba8d17639b2c972247ef92208c390d8429bc6c87
MAL	1	194011	1552792	fd581fbd58f43d89f681cd7a26d6d1ee4ee949b1563c8a367dcf6f071a1f6120
MAL	2	210834	1687375	b4e137d65ed4a891590cbaf44806be43e89c4dc3cac2ea86320f17ba0babb2b7
MAL	3	215771	1726872	1c58368620b359a7e2b23070c971fadb701fb74cf20da60a50449210c2863e40
MAL	4	70740	566617	c70e04d445a3d60940973eca5b610d0616a3f767a069d88eaf9006fb7ed41f3d
MAT	1	196075	1569301	b82972b5cf1820f60cdff664fcf72eb600f23761fee4e1fafc2060a0570dea07
MAT	2	210024	1680896	846e2902743e704c4e032a683ed497406c61a94e1ffa41256b8f3c3ac36b40ad
MAT	3	142184	1138176	772ababdf92652d7aa1c5628c4e094109c53aecf84791b938fcdf7ddcbbdfedd
MAT	4	199732	1598558	eba9e9e967e9c3d97aa9939e96f21d14543d46231122ddcd9c7073ea6e9af506
MAT	5	379220	3034457	dd0518fd08ca7cc7e13d7f0fbcb24c21e70ebb1794c6d9a4cedbdd6210ad1b0e
MAT	6	291997	2336674	6df7f547c27e1903baef1ebcd825b718a22b1c97d8aa7aaa930ccee0f42d216f
MAT	7	226664	1814016	cfbd33d73676423a7f023f3a5c3a9785f49c8c1d6c1f16640d55f30c38729d56
MAT	8	283768	2270846	a0e0756b462e73f831365fc60fd3e19a275fe6995fbde6843a3cfed18bbd67c4
MAT	9	315925	2528100	8508e4775ac70eb3e4500e035cea99e358f03f8c8b47f554cae82e96623b873a
MAT	10	321829	2575331	3d7c19dafb9c4fcb08c99b0b8d453c60cc7a68c0c4f14cdc8a5e52f88cae112a
MAT	11	240901	1927912	24376583050a16ba1f4c76d26915ee79208a6818c02778a19884aacd703ed37b
MAT	12	418482	3348556	2373b7536c473641d13922dcde31303e7d355134a23fd91d79f1cc73f21ca70f
MAT	13	496065	3969225	7efdbe8df3cd2823250324492166746a2f51594434d98658857e4acf9b2791be
MAT	14	258351	2067511	3ef424a615656fa2b1e096cadcfd67fcd213f95b2d471be164d1fe77118c013c
MAT	15	284369	2275654	d029ea1b82478a22139fca0a5542b5d2d6da0a59857af8d5cbcdaa6f3cf557d4
MAT	16	232908	1863965	fb68fb7424b22c997fbe2b1554c1f1fdd9bb1610c682bec63d8b44fdf89b04a9
MAT	17	224862	1799599	7832295bc32cc598b3ad0daea473c85d5f731ed7a7ccf50f11f49e00af33a8bb
MAT	18	285336	2283387	1b00c6949d955f9cca51ba0e2aea8287159fb356d50365a0bd89dc30fbd5feb5
MAT	19	256836	2055390	efd63030463b150aac5ba56d4a71bcf3c40329281071aa221775fd22a1840cab
MAT	20	253309	2027178	650d21358dd69c4cb6a563553f3cc8e1d1ec7ea7e5b3b4c57786f91d85a0a1d0
MAT	21	382407	3059955	9ed43364b2dac20adedf0c3c8853f388ab5f8ba06aa4e450daaf0ba1f2e5f642
MAT	22	289280	2314942	81af8168c52d66f4418f3c7ebfdeb3f7158f37ba94d8e2c10c3d934e096592eb
MAT	23	310491	2484634	0514970815d8ea5eb9ce275f424976f7ba69474440b77a18be090e2ec3fb7fe8
MAT	24	348526	2788908	f915d0b6806ef38178f74ebce574dc710bd923dbf9ee41ca2ed95142a2b2cbb9
MAT	25	343615	2749620	35d660a8673e902196d9d896de55e631367c1cdcbbe8342aabcd5b44359905e5
MAT	26	567327	4539321	1a16ace831c3e9e4e1ae21eceb99fcd27ae31e7a79d1cc080f6b5349bdf32045
MAT	27	471301	3771112	a1ef9fc4039d6195e3d94f1422600e5c55d9a66a2f15093709907bd064b9d914
MAT	28	149133	1193767	0a4f8a43916c944251888fd097510c7cb54845e097f6ef0f36eab4010f86858f
MRK	1	353933	2832162	b3ee72d295167be89c4a32dd9f102320631221af7a1ba36b4ea7ea781483fd94
MRK	2	263105	2105540	4dddaea3bf07fcd6b6ef95298ba64f5558e1dd89c19397d306961a57fec27f54
MRK	3	268722	2150471	be9101007ee5747c556cff2849a5f54d04b812f5614ba11a96a9014bfbbf49d1
MRK	4	348029	2784933	07866518c3bdfe284017761e9a5bec19d34da44739bd9a3a86700427eddecf91
MRK	5	355866	2847626	6b7886c9a8847ebaffb0953875599e04752ca3de9de615cf5cbef8d9b34f6ac4
MRK	6	489117	3913631	e5bccd27447e0658a534e88fbed3d782e4f5b2cd77979e7bba4294a5f8468c9d
MRK	7	312816	2503228	3a20d5783f4024471b7bf52fe9ee5ac1189a02e157a5558224f343dc9b56f955
MRK	8	325303	2603120	6b7c994eafbd32b5961fb8715a918872e14f4fc083c10432bc123b45de4d3f00
MRK	9	454400	3635897	84acaa861c987b71109070ae53fc66e3cd6359793c9d4e9a3deb24af518b65b7
MRK	10	472529	3780931	56fc129c4039b2c16986f10ac2d3f048c8cbf14bcb1ddd2584911ce9ba4c42ac
MRK	11	279928	2240125	0ed16cc9b3407e5dfc2f96c16f33d273be777f9d1eb9414cf101cfd09e7b5bae
MRK	12	411141	3289829	8dbf014eca1cc3971fbe35417e2a187eece36dc3f27a4bfdc8aeda02b051a645
MRK	13	317701	2542309	ec05e3284a58a14ad7c4d730df5e4073cd1d2e60409302eef3466d7528d34404
MRK	14	632268	5058842	21c898e1307afabef69e15d22ba759d88263b20c1c12e8d39049d94615087846
MRK	15	372793	2983047	4bbb7bfdf2a3fecd5fbaca7e954564b63e0dde827430ddb785886f72a532c71e
MRK	16	183249	1466691	e29844d03fe9ca9dee41fe220001d81d16b050c051d7b71cb466a6b638d383ea
LUK	1	511896	4095862	dcbb9e6dae660adc8e789d68c3b95f5167a93bc8ae37ecbb0588d4e7ee9d3521
LUK	2	350981	2808547	6161651b8b01b586e8c3bf1f37da362c147339539d23787494ba6fa26ad38a9a
LUK	3	321959	2576371	76caf5790d0d3b3fe552dd89c7f3376279a2b346ab2c32a5fe994cca3a07cd1d
LUK	4	321646	2573863	a49002640f2acdd1027463310c9d61c005f0acc0ea3ddcd03c6b809e7b8598b7
LUK	5	309838	2479404	ed10d637bb2de3ecb1a33d77de3668216e85f8442b10141ba32cb261f8e292bb
LUK	6	415817	3327235	2759de528db8f5397646c356b6f52eb4e395633f544f2e0ab2e4cf682c3f16c4
LUK	7	409051	3273109	7f9416e62bd4f0900ccb9a7c9308af45efbe7f66d00a845bc0b5cae26fa5f896
LUK	8	465450	3724296	7ecdbed8a39e4fed54265b8969f0a4f11edf6e62910b70b7fc507ad603ab43f8
LUK	9	474593	3797439	1d34f372aabcb5c8237d73c635723926b944aa6fd8af3f84bee946561d69bf6c
LUK	10	343066	2745228	d09ddf719b2449e855e76d60eaed749ee08dd462603bd35dfe81d6603c59cc6d
LUK	11	452101	3617509	41d3e507d68f931fe73c5705cedbed4a5f194d1e0b21af2869f8322ea2db9745
LUK	12	474671	3798068	57cf2c3fa015f38b30c0b1db21577d889a12b9bcf9b610cd112d58b777053ba0
LUK	13	278073	2225287	921e3d08c1bfdd5a0365f39b4291d792610f12edcbb72e5a03a30d282f6edb1d
LUK	14	262217	2098437	76c06c11d5756a94b3284326db969e508d842fe219a530affcd202e4fefb5f29
LUK	15	222145	1777862	72e4405743be7dc98da27b1b2390b07f1f8a9598e1b1ce46163d86946c79de24
LUK	16	250331	2003351	dba777bdfbc4ce161e375ed29f7c453eb991883c1ea6a394e885c67bce3b5bfb
LUK	17	273241	2186626	ceac6563659a3ef68020c39f544f19b39248baa5a436924d856109d0901b308f
LUK	18	303778	2430923	f7e88e5becd597be1bd91b4577c4eca457afbad8d53aaca50e469bec25f0f7d3
LUK	19	330057	2641157	84320bfac039e2d764ffe3bf2ec320cbb0278596260e40ab37ee1a69a0e3d104
LUK	20	322273	2578881	881612ad176c6b5b67c117bd126d84b1ecb748dc81ad8ae26758f2489b1dd66a
LUK	21	278178	2226123	c77fa7bf45dfcec441cea9a9f4c2dfe7b1552b6fb6d102d948ed077ef7597f46
LUK	22	464875	3719700	84549f8cc81494e406f3c07fcf59d3cb3cdaafa90ac19449d2d300e005d69e4f
LUK	23	389094	3113451	a9a44480867a0de71fec84734cfee20973480f0901cab511ea14c984b9ce469a
LUK	24	349179	2794130	6724e9ecafc44bb98ea9a842917ca8d69e830a99d3b0619930da8c01f3585169
JHN	1	389355	3115538	583b38166f6976e6861f406310b8290503659a33a149a8b36cb717e2cdc94355
JHN	2	192705	1542340	49d6b5ec1ad36644f9c9b6d6a7db5bdd6c662007b43d75d4e70ae33af8209f32
JHN	3	309316	2475225	cedb53a75939c8c2d95efec9a6c9cee12c999e9c25f66dfaec35a3dd226041dd
JHN	4	416366	3331623	681085663b732f6d1d8071f0f19652205b93176d0eaec7aa14b74e0c82b263af
JHN	5	382276	3058905	abe3b01c4cbdc3ea0149bc77d773afc0feb553bee0b78885a04e1626f3e9e68c
JHN	6	551184	4410167	7fa4f031a1508503d998ddba89cc6a5fcb7e20895ad73da21736a01b354ba296
JHN	7	374282	2994957	a8286914df7ddbd0cbd85de93c681c8c844f1b238402e4af4e562f055261e45b
JHN	8	497162	3977997	a74f455c10520bc5874677e5413b664a6202c304a57ac1711d8097eaffb3a8f5
JHN	9	319739	2558608	fee31cf1a549fe40ea37b83ee853c7118c45291204b5d1346e87c5ef0cfc1da2
JHN	10	287713	2302401	46c412f6a3c9b116d1f79164c73fc48aa821fb0202cdea068a49c715992e0d9d
JHN	11	404140	3233823	d949b158d0485e30b8921c98b7f0386f02b1c4eaa34b0e7c275116d7c3cceb75
JHN	12	384810	3079178	46f98c8dc02ecdc61a1abe39c8600629d9631659cdd29d3b7b0c8a9b37a13346
JHN	13	308480	2468539	c31e2e36e33a16de80817eb47e72c01495fd4c471351a1632302a67bb9266627
JHN	14	250619	2005650	88aa929e1a2f6bf1c16c0549d70fadab933e460bfd3045e63242ffbdd38a2b7c
JHN	15	212297	1699077	d50cd03b2680ec392cabb17b568f4cf7d9cde9acb00aafd3a544d64de502406b
JHN	16	273476	2188507	fcd8deccbcde3cfbeec8005f172513d291f3aed89699a582a10fa9834e6ab779
JHN	17	223896	1791864	2e465f5207393c233637501cfdd47799843a1115a4d04a56c245071b91becf13
JHN	18	343301	2747109	b926a105eca478023537613e407b50e1bfda5259b09077fe9b44d1eb3659b0a6
JHN	19	362109	2897575	1a9d5b60a7c50b357a46c858cc265ab9895a53257833d045b1a413bbaac3839a
JHN	20	264229	2114528	37997bca60e8f8992b0217c392dafcc3fe51ca40d8f5b89b3a312ff86537c3e6
JHN	21	257620	2061656	866cf8fd1a45c2f3a41288ff5f482171d40dd1479a28b5be9e8d1eecb494d198
ACT	1	228258	1826761	d0f951875c9bcb0658d0cebddd48ebdffbfd40dde2f45aee17fb81a9b79ca579
ACT	2	351687	2814190	92b15cff105c24918a670d34554244a2422fe48107b113cc3d6a2f7d18821805
ACT	3	211879	1695731	89f2335a4fe14c723c377af42b78af75434d37584fe709143582af9ad6c1fbbc
ACT	4	283376	2267708	65d0ea8b951925059c34e802c247649f02260e4859ff7c589d7ab60c34a5a423
ACT	5	331860	2655574	27bb0cee555bd73dd52ada6fc92dc80b4d1a98f43419b822b9302c8eedab23a6
ACT	6	118073	945285	69957b92928bf75946015f2a164bbd2dbb7cc7a72aed529c9dcea983101739ed
ACT	7	466207	3730356	7a261f894745d99212d5fbd7c9d229fa16dabf19aa51846f22785272579e2754
ACT	8	303726	2430503	57dedaa4430d115938350ad7d45726dd4f5fe792af141e2c6cbaa6d90701fcc8
ACT	9	356598	2853478	98e78b5873d13cf79a76e1d213713d16cce308a5035e572be719622b07bb7974
ACT	10	375536	3004990	be83ddc6c15a19c78ec67e0940d779a7cb880ff1f42d4fc4485c8ccb033dc04c
ACT	11	231837	1855393	897eca4d0167b466ff2e02948c5c413a7d82ff8e8786d3915aba5cf69f8d15a2
ACT	12	216529	1732931	4956a60997f7b5ae778579dc7aa5fb2ae2bfbff72d5b0eeadb3061efe99d8492
ACT	13	431047	3449072	125702feb1533785b913cae819b6accd9e0dc24fafddb1cdb203ab622fa336be
ACT	14	212767	1702838	d5081ed8c3e2596c0ae6a14a804bb0d45883a936767cff6d1de125f48c2afcf1
ACT	15	320287	2562998	e5f69240278dda815bdca85b11f566dda4d129979b76da4f8d875259801555a8
ACT	16	303412	2427997	f6e6a81c48b963edfd5d988083a624f88f05c770d51d8cdc0d81733bd0e06924
ACT	17	301453	2412324	0b4bdf9b2b999ca3833f6c3ec882b64c29d457aa994fba912ac8853919807d5a
ACT	18	235363	1883606	c54b51b3160043994f0528339ba52094fb0bc5ca4a1d231c81e93a860215ac62
ACT	19	332852	2663517	e035d9d9f4d3ea63743aacf2d0164aafb6ac3b9f56b0e6858e14b1be8939e109
ACT	20	293825	2351302	3ad37254077ee36ab00f796d1ced76d3efe5b847b1926a7ba7cc84739018abe9
ACT	21	343197	2746273	436000a2aef2229f7ccd3866e11596a8cfb45d028a738da3bb052d81d4927dc7
ACT	22	243644	1949852	011f8afe7c48173f8e15b106a9a0bd2cb28aea17cb5ad5782d70b116ebb699dc
ACT	23	291788	2335002	6167cdc504460c3ef7ce04ebc743aadafdb4d0d9d9fecc7dc759d115ab5810ef
ACT	24	214073	1713287	8b0c157ab3bd4ab9664a1f6533affd68b3240e4a7020fd2f547702903eb6e232
ACT	25	247484	1980572	0dce987492ad8dea8fbab93cdfc32b630b4aba77aacedac3f88aa3c34985d001
ACT	26	277708	2222362	5c3f94621ac6d2fef9989d3c37ffd2b7cee9bcf1bfdddcb1abf3a37ecb8af95c
ACT	27	338442	2708239	1e70a3a7f1bb50e3dd53aae87879e17c6f4957affecaeb60fb674ab831fb5370
ACT	28	271464	2172415	99406446d9833d3378cd9ac67bc042ba742df5a8c65c55979419f65720a44f37
ROM	1	306155	2449940	b7dcc9c4af455ecb0499a810ab9ebed140c13664c27c2f9b7682dd068e728b76
ROM	2	256627	2053715	797d54a3b8837da07a5fbb1b6428261b627e4638cc5b26125a12b1b661a3b104
ROM	3	234762	1878799	c9bb6a6d93ce78c2d99be5d2d333a6dc3345460749161e4a78000ab7fe8f75ec
ROM	4	226900	1815896	8262cf8551e0981f7a7c69c8a06b2699b9c90f85b47d55b5d6687bce02090f15
ROM	5	205375	1643697	22e98ec6b771449d9ae21798143a9cc3786f349ac638aa8881eafdf37ce6eef8
ROM	6	204983	1640562	78a5e9602fc3887e1a96a4ec38501d4d6737f1ba5f5c88f84fac78cce0826566
ROM	7	235703	1886322	d642b7a41dbcbe4e5a0853c76d3bff1267f49b174f6cd2e8e7c596856fafc126
ROM	8	353698	2830283	bb041187a40c516af155779715bcaa1ade525cd410a9173fce3a43d8c7d910a1
ROM	9	284264	2274815	d094c548c12e124f8c9b6a1b7e079bf2749787a96f259f643e18ad2986968f26
ROM	10	175386	1403790	e27b3d5d13f211d8ee06b9fb3ed50af293b326b93148a35adad9728d40c44810
ROM	11	318276	2546909	28af602693e8d95c5c8579087ea185ba957f5ccd31f13c9d7af8a8892cd1deb4
ROM	12	172095	1377459	e5b27832319f0d2a44905cd8ef89b668ed52b6c5fa0575b564408f6d48cf8067
ROM	13	151066	1209230	c55da3995d41f79e71fa4b75d4763d6b641cddad3490f4541041fe9b7d17d77f
ROM	14	210965	1688421	67993a7d53ec0f10ec0799f535b658849c265cd040efa9697f6f8af5564c4dba
ROM	15	280137	2241799	d3b172c62c25aab9653bb0894922e44476ca6c575ef4bc1865b948a8312ba29c
ROM	16	217731	1742546	cd170f5398eab9643ace67e5ee3daaa5454ea8e9fe459815f43d11f1538f5ebc
1CO	1	253780	2030943	f89cd114297e9f7583ef57edac676ceca00869ddb0019cd1a98f6be477a8022e
1CO	2	141740	1134630	5f934d0299f8502402ad40b4996bfe72ce72a5ebc20133b0223c9d07131376da
1CO	3	190224	1522496	599ebc9c62fe198dcb7739ea61738f5c1f65d9ce057a1d7d7dd50ba2822d8007
1CO	4	196519	1572860	658dd5dc0dba4e008030df588cf30d4091c8b7688b9069d1e6d5a2a7fbfb12f9
1CO	5	128914	1032021	570d76c7efab12b817552fa8fe755fe9b9083c20aac5731c3db8792831cc9490
1CO	6	184947	1480282	6b78f6d2887599f1e30090537db6346afac0298d6ad2d4a02796a43767b16727
1CO	7	367151	2937915	3669e8111d143186fa8c0e6b5e37988d79676d029c1c05063d7dd68d55498b3d
1CO	8	119876	959714	9523c2c65f119641643df5750cdffcfb146b42a435d151667c3df80404027dcd
1CO	9	250201	2002313	b377397fcd2a63ec0e4c1b445f960743cf0042f034853c503065c78181eb6f53
1CO	10	257123	2057695	0713c33dc98d5c1ed0accfe51bea673c382fd4829a6dc59a43131f51d32b143c
1CO	11	264934	2120180	fe505d35c06b48a7f0ef912b5d1a5a806fb96cd898c985fb1c56209665bbc150
1CO	12	232803	1863135	9309c078aff2c81fc1cf369368b0e2d685ed3e42d1dc82d740495f85c130e1ee
1CO	13	116584	933384	ec110f9110d93dc79c21641788a86c40206b6719aef81fb67c57bb410a08f384
1CO	14	348500	2788705	edc007b710b462de228cca24744b8e9c8bea14d395e90e796ce9b8b804293b8a
1CO	15	441835	3535389	b298c788f56e6b33293fc26ae8737bf0dea2d3e01c217d804e399150c65cc5f4
1CO	16	174602	1397528	5587adb6cdfd84e1e7b11417903b63b32c42f76f15351a7f0ddad2598ee5ad0d
2CO	1	225829	1807335	27ff209ab96d20bc7b2703085838f459fa7964f16796a6a8464d43879050b635
2CO	2	146051	1169111	09523533ca056f8038d6fd76ea0d04961d70e117385021fba4cf6658a1b8f2bd
2CO	3	148741	1190636	6b564bcf2656e7239c15f0de1d7c4723968ea3a6d525344ae4e4d4a29543c3ff
2CO	4	154540	1237030	de67266bd420951a140e678e2a69affb91f087efdee4df956da23cc151e78ab8
2CO	5	190903	1527929	fd2119d69abe0cf603f06e2317930b09525d56315f67554b23b757644f956798
2CO	6	150753	1206728	7a423a82e0e4b937195feeba9afaae7619341e28adff58f4e9a6e7235c61c808
2CO	7	177528	1420932	e4869e7fae77f689a85f366b5fc8d0eabe1135ff9ce955802a29521109382a73
2CO	8	205401	1643913	5db0a2de96b60b5189c9be081060921ce4713cf0c7e946eac42eea5a5777b49b
2CO	9	145659	1165977	9d7ff6ed359e988a2c8adfe139c1e99e87c8d3ba2e0d26f1f19d81762a06e187
2CO	10	166531	1332953	86c731d3d58092d75959ef7534568c0f8642b619ed74c8329c14fa1b194d8529
2CO	11	274416	2196039	f6147734c52340468807a2fa3af687763d7953e27623e8b70fb969d475b6fd59
2CO	12	215641	1725835	1592eca7465183f293fe24c54846400a51095daf22227e138ff8c9aea820ba68
2CO	13	121887	975807	96e2e007644bd3b34c124c69e5a4764feb20378d880b120414b16d5e2e4649a8
GAL	1	166060	1329186	ae8cd5c3c3147ae1204212e89f6faf7844bb93581ad4511cd64a16907eda9551
GAL	2	210233	1682570	8b11491ace224ebbd5a4b2b08d2bfe41d66506fbe1a8e1188a763e272ec5c2ff
GAL	3	232594	1861457	fe74d87bfff18950d35894e779bcdcdacb5ed8b0b52fac63b6398c7bde7be8d7
GAL	4	219115	1753623	dcb7612aa652b9fe6236ce3345483051d94a01a00068a95e0bb6dd8e663a14b3
GAL	5	182700	1462306	93659dad43d9af734245b5c321b86d6b5b09bcccfdaec5982bf031f755a64ff8
GAL	6	139154	1113937	702e51b585537114c10fdd7545a0bbac54d99714824d1d60e43448664b3a6d15
EPH	1	182727	1462515	85ea397041bc7656be7a6d378ce818155f334dc8cd25ee2f00017e3d425641f8
EPH	2	170919	1368056	86543c3a95984e8de177774e4e352f3ebcb2285f712c93e30835a64202a2b345
EPH	3	145345	1163465	eef5a0f991cbb53ac8373f28dec107b2d3125345d17a46d2ccd776a970fc9bc9
EPH	4	230191	1842231	f12a5e70f3e7cc44cb59f77dd778b73c32d4011720bc3860acd11c5e58fd5fc5
EPH	5	211200	1690302	2307ef101a0f9d8096bd513992f05d1b795099b626fc7beb7b7e425e437cd756
EPH	6	180532	1444960	08508627f833d1fa628640e04086140b7b674227b0644341bb775fae8fb450ba
PHP	1	228859	1831575	0fd2097f5621b1e1bec3a0d17d53961e6895a82ed077168a78fa218ca88f90c1
PHP	2	215615	1725622	ad69b7ab154a499af44ae8c03853865871bd273abb6746d3b8ba9212792a3c99
PHP	3	180872	1447679	bb99a9044e79ee33183a7cf84cae61f08841c68fee964b65ada21518b3de3042
PHP	4	191765	1534824	52196bbc29ccf5211e9d5aa74c851c0e981b7372d42359f6748be7673e31a5a2
COL	1	237479	1900537	6b3cff5af4fa119aa5c149e0d8a17abd11aaf5dcb39a205d9559b02e02efc960
COL	2	185182	1482160	4e0935e398c6cf6c25cbb581f5e167ddca4ede9d2d54c2655be4d971391ece81
COL	3	180820	1447260	908e734651a051804b79a6132691d3d9761c2abefdac3c8d580d3b25d0c8f72c
COL	4	141688	1134209	67fbdc9336b6a1588fdc6520471e6644862a30e13808c34ff75da1e2a3542fe5
1TH	1	96522	772888	e115103bc6d8e7540c741396d418220348c2074cc476904d4acae890e07857cc
1TH	2	177633	1421770	dc95c73c43540a8b49c46d467888e212121743e0515725ddcc627ad60439243b
1TH	3	109845	879468	8c1c3adf5dc1a7b0e72d15d609b5b61e42b86a695362289f68491d0a1dbd0ddc
1TH	4	143177	1146126	5a9821ba94808132e2dcaab0cebbc3a6d4d3e4799b372596562f1684e4422293
1TH	5	160026	1280917	a98a9b5ba4746d3cd6f065dfb7e4486b66c18cdfcdd6e3f7e0c3c3fa0ae19064
2TH	1	110002	880722	dd0c8315a50a1c79be0110e20f467aea7751b33aeb8974d6f99d78601185d93c
2TH	2	141009	1128780	8dc894289024b82d8646fba220554dc7607e7b414ad7e6dacc0179ab759cc8f0
2TH	3	134792	1079043	5a8842b1c9b5ea11d2a942a23d29fb50dcb037f7b2bb25f936fdc480559e9f8a
1TI	1	177868	1423645	69269d3215abfd15e7a8ae3fbbdbcd9d2ca126c23b7f41d38abafef074cce6f6
1TI	2	100545	805065	2e83e66802f2e41e987a069bb6bddc26546de6363b02d349ce50959e44eff9a9
1TI	3	127869	1023658	e343c286c02ad9b993ba1c87c634946cb1a252e6f8ee8bfbe8f407eb7f8cc8f0
1TI	4	126485	1012582	400c0b736fafc1e459399aaa1bee8a8218d111b5ff5896ba2062968698240875
1TI	5	185548	1485085	45150edfe07c486c8a7d0602caf569a6b8b9f63801513465488535bcb6f83a49
1TI	6	193019	1544853	bf27a472c8a12dc7de0c99bda91640c98c8b2fccb29c143c3a0b89fb66260287
2TI	1	159869	1279658	6d8333e968b7c3a55915985ab8f7968b7b37066e818fc3cc886390443834aec0
2TI	2	197329	1579334	2986418389298c8ae5f6d7430c5f12c3e8f6af2a78dbb9ab3d3b398b81c0046d
2TI	3	137639	1101816	623740b85aa7e6cd434bf8ce530eb745c3a49682a06e5f99b6368bfe23799455
2TI	4	170710	1366384	6058d7887b41e1920e04010487570908cf9913b321817077e0e0632365c66bea
TIT	1	138553	1109126	62ddd7b1d176ed603a05db7abd1d04928b96ceedffc6226f6542d32f0c6b5185
TIT	2	113084	905371	9f35a1e24605a43533e80e13f5ed9899c3d49cbe74cb31d018eeb053a7ed5da1
TIT	3	124918	1000039	db571644ce25379a628fa562871621df4e471a165082894e0573dcec6f97eb93
PHM	1	170397	1363875	9c2ce1d871242841263ff3977db62d1ea8610a84e7ca7fa2f277edc1dc5898ae
HEB	1	126171	1010072	a778dfeb9ef9197b419328452d894f6e38b83ea5d56dd8fada3565cb6664c05d
HEB	2	169038	1353007	a0d564bbf7f53bfd235cd4948cd6c320a259d181ec1b42ed5dd69064982e4313
HEB	3	136908	1095963	8692f8f72741e79160f0285b825b3c87df157d994bc916baa46a2003573c12c0
HEB	4	145371	1163672	758e79657c16244cab8548519fc15eda26303fed01886b31c6d4e071afa297c4
HEB	5	120268	962843	29f7e53ad044949ab1d9d70950d219f4e4e191414aed6f8c74ddc9f0ac60dbc2
HEB	6	159269	1274849	435244af50ccf457c7acb8fbed00c7cbd0ecaa8c83390a132760267d7b274257
HEB	7	231497	1852678	e366ddd9e84beb99b0bdc2e38343e3a88d6e14284c476138dfa408b734812d28
HEB	8	132676	1062108	a405f569b73a873378996fa0c11c7fda770b8648702b8c7db785ba123660bf05
HEB	9	245473	1964482	e88339e0599dc0a23c7a3fb6547a98e79312f86daecb1a1d2f72e458693cb973
HEB	10	291291	2331034	a0595b82f8b0e6f33707512e094b1f69ad0ea8f36cf0889c27b5fd99dc1762f0
HEB	11	345522	2764876	9c057252f1cf0e467990387d8bbe04ff371ac8648e15137b979f009f9a423702
HEB	12	258194	2066257	911f4bbd235ad6161cbdafe690b9fb21da487981454b718e810aabf5bb6fe3f3
HEB	13	193254	1546734	42c11bc2b488b97ee3260023598ad417a3569122c4b9f603ebc6833085ee733a
JAS	1	227474	1820493	fb48635d650441f789cf90ed3cfc451433639b5afade5a709e88925c4f6eec8d
JAS	2	216163	1730005	5e6b77433b87755d00cde59b4894556c09bfac75f9d8f6f260d37c61de16df3f
JAS	3	170893	1367843	15ff2b2ba4a3f658e12aa9d81f3eb111f3f582eb924d3c0cda8e9c882d027661
JAS	4	162978	1304522	7fda9d80b456a84e1e278ae3d871f47b6a2e4cae0499c1421df553b1d75ea38c
JAS	5	206446	1652264	a62c62cddd8dbae0524550942ae1c67c6e64b8fe37ad81c25dabd91423bd5ddd
1PE	1	233482	1868560	be09de7bc1370a40aa6f8351da7dde6b50eb1801d4c625179b1d94260020b87e
1PE	2	224601	1797507	84a8e86ebcd630dc787214ab2d50c326a67536acc228b57989595b8276bb33b5
1PE	3	196310	1571182	8a3d0413277a8fded02e7ddfcaf3d4320d7bec092bfa1020f25ef4f9371c9c30
1PE	4	172826	1383309	b445a8cd0c614548520ec77e7803a05b22060389e7f71b40aa784107cf9d6e4e
1PE	5	122984	984576	efc02cac84041d7581951adc5157233895e7f6febabda7d460ced21599a97c73
2PE	1	190380	1523744	735990b432e1fcb8bb4044f856c980f0059596cb0d987e7f8839a77a0586a88a
2PE	2	214021	1712870	8c2d5cce4c033fbeba8686ca87274a6eaf9e140a9485c037a95ed9bd3d37da5e
2PE	3	182439	1460214	5a64ca59114a7df2298727f137c7819fb3b9bbc7cc4f5ca8c5efaa8c75b1f4d6
1JN	1	86700	694303	f6b58088b3e711a0f223f04b6f22067faaf55d6ab9d19049ef62e7d91098952f
1JN	2	246805	1975139	0d4899ac5243c95c422076b57827e0cd697552183e475e533dc34d30321cfe07
1JN	3	199131	1593751	ba9e3ff482715c462a0b85b5c65fc44dd31b6ea5c6a3d9fa96aceb239bce3618
1JN	4	177946	1424268	4a35ced6b149f1e6c284c92e5bca76cd3169e86b9d2e1a6469519b1c32448970
1JN	5	194691	1558224	f92b30d384b168c1dcbbb615579b6dbb728f35b4d445041ef7e58247f4290218
2JN	1	111125	889699	faaa1131e4d42da507f8506a1a4ab53d5cf526efe6b14e4197dd42025e2b9d66
3JN	1	114181	914149	14089f92c8ae7657da8d24ab89a5b3483f4d9f854b4acf38cebe23ca7fd7546f
JUD	1	274338	2195401	df9fdf3f0a931768438e8a53eb745dee09a703dcda5550934196962df7d2e86a
REV	1	206864	1655613	1fcd2118206fe2e64a75679387330635e60c81f84ce6ae5047a6cabab27ac497
REV	2	265665	2126026	026917d0de8c48d9a9b2fbda1ce363f0abed8a40b50e21354455a7f54e50c71f
REV	3	222824	1783299	f247b94e6a9a87f99b4070b2d60b81b0daa11b4ac686287b00979715d73771a3
REV	4	121522	972877	0b8b7137f5643062f71098c5c0bd64da6eccc33db495d42cbba0a7c6157601bd
REV	5	145894	1167855	5e0da80f6d2b166acc13b9086fb113ca7ca855815de1ffb28eca6e70cea4a1a9
REV	6	165146	1321872	6a87eb06c69861df888115c60c5be90bb45cdfefe5c05bbfa587577458fd586a
REV	7	161672	1294078	e1dbc109471ecece8dfe8d1c739eaf4e7b4c0a42ed42ad1f941a168c9e76e8c4
REV	8	128052	1025121	653c2a8bb502ddac557dacfd1d65d0ef7394880951761c506e8940f3ef7ab07a
REV	9	184816	1479234	34907ce00129ffbdc06eaa724790cc65e903ee8da4320c3260d8e9f058bc79b1
REV	10	118465	948428	11b80fab7bcf99275f76a4aca798e3ddb27c923d57bc311dc6f7b9100bedd6e4
REV	11	189048	1513091	f110a6b749b486383d89f63b8a139849ba6bd9b31b03cd98a7e5ff4776475adc
REV	12	155115	1241626	934fd5101d3dc2d4b44b9983d7b15ea8ea0ad05bc8d852902f8cfcda6aea1464
REV	13	165172	1322083	5f9f122a2fa1ad94370c6638d3b5be576fa89ef432dd67835fcd7cde20deb521
REV	14	206315	1651226	fa8b0e1713cbcf22a0e900f87fa5f112ac42c321f6f8b044f3d41941099645d9
REV	15	84140	673829	5e1d9d80f3c1a04b8aa146395e371b7917a5f5f0508d0ddf9664a98899951556
REV	16	175334	1403377	4a8a86e373218885ddea7106fecfe9498ddb9262ffb0232189fb3bf4ecd0e8d2
REV	17	174707	1398361	9f845c45c5a6f9e396980c97a753571f6bb3b827c7cae6a9b7d453253842289c
REV	18	250697	2006283	c0c1c644a941ef877bd390e866dde5175a2d6395fd13037c7025745b4ea21266
REV	19	207203	1658332	aba7a93971640f600c90a0e22a9e270d4b007e48a20da0488156adbdc13c88c0
REV	20	151589	1213414	1c58837c2082c62b08e0c9bf2bf1306f5a5b59d08d30be7300e9c203c968a791
REV	21	249913	2000013	c14ae62f4827c269318778981c9b9a1181c9c1d182e89c692a528a83c1bb93d1
REV	22	195291	1563037	7ad467f3bdfd2fda6b2c20cc90f873d067cc11020e29c78475647dfcbb73a149
