book	chapter	ms	bytes	sha256
GEN	1	304992	2440694	c95778f1cd34b751175135dedb62367d8d6faa69364c3a852ec3ac4777902e53
GEN	2	218280	1747091	16fc0d1a0ca905d9bc4d081ed5abad16ff84d33acdfd0f5f9c0806f6618bc1c3
GEN	3	246576	1973416	a86ebb38e859df93d6b45b7846c30867833f25a8bae309697221aae39a3f3854
GEN	4	256752	2054709	2926f05cb0e2c25ea254297d10f2a9e2edcba76f7cbcd5d905501c811703b358
GEN	5	235848	1887525	61bd67e5e2e9eca91fd9c7e286e603a0d07e23c398a97980d0ebbb93fe321ddf
GEN	6	206520	1652841	4b22075d92674354c1100cde64cc480d869898f195ec376b3e01868e15ce72ff
GEN	7	206064	1649288	e98ac7ac73a72dd25bbd10afa628b160a7b1555725545a04b1cbd6c4d54685e6
GEN	8	200616	1605612	8639d3e11e1673c5443515e3eb68a813db0040ec8c8cd631abff5f602b728374
GEN	9	250104	2001628	b5e10ffe3a40ac812d9d061b35d7773323d34b6fbf1557a5026b0626e0ff2832
GEN	10	220248	1762766	846fe4b01262bebeb684bae9940a944c39a3be9fc80ecd1bc989331488e43a55
GEN	11	258072	2065369	24d5836e5955d162ed7132c3fe1c7070a85cb028ebda6f3410f4c0632d00ec68
GEN	12	174192	1394335	6357840678c74d2297adae81e1c53d300b55b0bb52515cd31f0fd4182a3d89cb
GEN	13	158280	1267067	bd91531ee5baf522c94c0b29768195aea7ae92733ed3f2c600ecd5d54d7176d2
GEN	14	224184	1794322	f6a7f48c5e713c0c966bee0a72560cf33743f7d5f8618d8838db3d360d12c844
GEN	15	182760	1462881	c055a1449ea1f56db81c8ba90a17dd081bfe8098f7a91e27d4cf86aeff2ad7e2
GEN	16	161976	1296533	64b33dfbd7125dc238f543980e762f5b6f7acffaee72717e6ec9981c565ca717
GEN	17	257736	2062652	a39b93f439a3016ca3cca35bc9665106b9e65b96ccd44c4cde7695410ad40ea8
GEN	18	316704	2534319	c52adb7cf142a43c28a3693b3bd30bd91f810bced71469057151c4845f597c00
GEN	19	358656	2869940	d8513575b650ab38c2cfab04018ce4768189ac2240059f952282ac74db81e28a
GEN	20	181104	1449506	ecf9a51a0c90acf02571a4efde497958d501ef00944441edc790a57d9c502a3d
GEN	21	262176	2098179	0f6aa2d9b2b0253806b4e24404dab98630c6c1888a28690e9df1ee227cbad853
GEN	22	235056	1881258	134be1cc97130de6a61d012e669bcf4d7befcc94f9d78fd982ad42d1d2b14e8c
GEN	23	154968	1240526	7c56ce3be08e3f091d90e4341d7ea8f1b65cb16adf5abcd04e6a6a2d3072dbc8
GEN	24	581352	4651491	590ed52fa465e530ff1f1c8e898602ada700044e6a6710e389ee36958b4cac2b
GEN	25	263928	2112180	b2de7595dfa60e5cae6eaa5448a7089b89b8e97f83a529b77e7e942f24d667f1
GEN	26	301872	2415828	1395c02d6da43989384f01c7b44bd7c78d4ce3ad62f4ff585cad81feee737caa
GEN	27	413664	3310051	7d9edf9197b304c79d0b06cb02aef7c19d2e353441a91e0338d763911a6bdb6f
GEN	28	200136	1601852	ce255b39076dd207f0ce9c2082e8908756c62f3131b511919a733a2d8836136f
GEN	29	283752	2270796	0589ea2d703ba4ee33dd72215ae34ca547bfe846f2400ebb48e0fd8fc9f260dd
GEN	30	357264	2858864	46eea3aa8dc0a72975771b262f273d03db31e237fa9ca99db2b179d33cb9a4d7
GEN	31	491040	3929049	9c87463a650f355363fc5a62f9a99a08b8564ecc54985578c7c27852f4568afa
GEN	32	281400	2251988	e409fbf0ff9455efbcc098b977447681c0f97a4af2bfc2ba91f2ca5f4191c14f
GEN	33	177720	1422548	cd82672b0dd3a1a28c28d6b37f8efa2e3e41ef5e270b3a55a861c3ed5286b42e
GEN	34	259345	2075609	72dc14046ca840c88041c2c086ba0df2a1c6de755a3eab319d063dad4f14421d
GEN	35	235680	1886273	5014a15a573430187d81a835c491f7734e42f988724b1833561ce7e946ce2a08
GEN	36	333408	2668066	d3c2b9eb913a3cd299a6ec4a92c33c00dc009f3ca376a1bfa14549461cf37129
GEN	37	321936	2576324	cfe9fcd32ee8aeb69d87023bae189e43e6046e7b345ed4b261f3df470a410620
GEN	38	284160	2273930	229206a51c4b5568c02a5e741646a7af4eedc17054f36e5bf0a6c8a97cadce9d
GEN	39	198144	1585970	347b4c5f5f720c42cc6793957c993c212addd4dd678c26b052413c4c355294b3
GEN	40	186648	1494019	b11d6c1795d2ba0c98de8a84637ae227603dadf10d69ff7c0fda47c41ebd5443
GEN	41	482232	3858623	006f5e7a9cde7fa0042d56ebc08335f71d4dabb8824e8e450820b8155eb2801b
GEN	42	334200	2674335	d06e6b4df2b3b9aae7c75825b5d19f32e1f88bc450f7536e86a08113dfd92c55
GEN	43	319536	2557098	9df08b8e3725ebb1dcaa3838d00523c726d8ac576f752de190fc921912171301
GEN	44	281568	2253242	18930a9c70dfd7a050c06422e86d66cd84c9f7a5be5c1fe03948c727c320750e
GEN	45	259776	2078953	2ca595fb3f54023df2e1004163aacb7c5015f6f7b2ab6be63945c39cffa20c28
GEN	46	288216	2306531	9f5eb799214230a57fcac3dea1bdc726174b614671e28aad1995f60f3c63eb88
GEN	47	327504	2620837	bb578ed5ae8b1737b2c7d14eb86f24713f1a993a6c57d6604ac657e68c01205c
GEN	48	238632	1909888	4b687e771bc16899aaf914b42d1a59c02606dde2c2a12f934d7aa9bca06a6ad5
GEN	49	285960	2288350	64080a49fb34f4beec493b7b30462290b269f78dc822861f2e4ee5244894e0d4
GEN	50	246336	1971537	1dec91ff2b35fa56b329787d8944bf1a874259fa3c93b1afc47e7f1548bdcb13
EXO	1	166176	1330176	a3e6d0fce1be82a8ac340427c35cd03f3978312460786f19f0182dee8a58d88f
EXO	2	226488	1812710	09af539ee667bab646ade99f96be5cd82d54d2019614330391f64bf46cf717aa
EXO	3	268128	2145823	31b6e95751d5ab0536aa7502a09908dbcd2346f6f1449af558232d92d0dc2d3e
EXO	4	297192	2378208	478283a06558ec63e497f5adba82189271778631ea033a911714fc9ca54c6f03
EXO	5	202248	1618776	4bb8cca5504f5d99ad48ab8c7220a735514acb5d517cf87a6072a816a66a509f
EXO	6	264960	2120327	b580a0249d895610a78cd1409ac18c206871ac7c2f0145c0c48dd39a3a18dba0
EXO	7	226800	1815217	87cbe2bcd0a427d414136d1195115500835f619ad2a9c8c6b3fffbdf2e78160b
EXO	8	325320	2603279	dd91535674b59d6068538846884b6afe694d2d95b41ab4ee0325ba9a24eb72a8
EXO	9	331032	2649046	63b53c0d2794625c3470a1ec86cf29c2e311f7b39512ed630736086c00eded6f
EXO	10	309912	2479983	954351ef49a705020469ad417589e4639ebb6f92106c54a463475dc6432fe70d
EXO	11	117624	941685	12ec26f91e919cd3f3bc3e7eff75336dad541803af3f4200f1e1baf8f998e312
EXO	12	484968	3880565	095454bddd26c1d8fdbf5725ac79159af24fd5a1be8e9cd86bd63a124e913c80
EXO	13	225120	1801636	bf6be92fec074c7cc043766778b073e7e56f75161163893f1c9cfc7fb2515237
EXO	14	310176	2482073	ff302eb9f91c7ddf636e21bd15970bc4b08b613573a4f449e511b54ccd8048e0
EXO	15	260112	2081668	c4180c6eb79c4a12f57e434cac7232d17ad82203c9f2f4e66a9a879375a0431b
EXO	16	341880	2735774	6feca793f724817f3cd3101eb83e9ed9a03b3f6e156e177b8b48b9e72b5cb319
EXO	17	164688	1318266	12b31e1c81c2f0705d8b5b78706e8c856b95635f3bb2f2cae177ea18e69c156c
EXO	18	250248	2002674	49a951d485e90351e523b7b9160ac66cbe3f87d6792cc71c92521440573075be
EXO	19	246120	1969655	219c9d15e530d172bc83c5d2a95cb56586a774a803adcc7444cb0540a05f2e5d
EXO	20	210288	1683144	7ae59f307345eb4622594842489bc7ab98e3fd76ef65bf0fc6a7e5db21774bf4
EXO	21	310488	2484581	fae91f87021cca51b56a55887490ba8170fc4caf27a610bd57ac0ef59e4bcc2c
EXO	22	281184	2250315	3e1c5d9dbda32a8e579c9d8ec6aefb64a6c265c1cbf878e5c3f2c97034db512d
EXO	23	301512	2412901	7ac99f1c4f392036938f947bc0e2231e66ee4db5504b2c39681962b9119ad4c4
EXO	24	176232	1410635	a4c164beef74eb40f382dc833f473d918a275ebae8fbdc5ed9d898a2a044e99a
EXO	25	283080	2265361	31abc2e9efe79ed25ad98905b4f7432877cda6c855d3fd40c86de9a397458cdf
EXO	26	277800	2223147	40ac1c223b6bd0aef6ab72c86fca6b0829c547937055da377e2517759449fa62
EXO	27	193512	1548770	4b009d2fa0af7da20a229a181ad5c2170f8ce54aea2b5ad7918ac34406943b7e
EXO	28	388488	3108594	d316de365fc675a6d10112ce7584caac6d25c3d5696af3f4b0caf2df0c06c441
EXO	29	423504	3388836	72e57387f9707f28380c8d6462418a4b094d267018f05e7e4f560708e972f87e
EXO	30	301512	2412901	f03c0fad13e12bfd4d0173de613611613c70114a3108613d8ab320b632b2553a
EXO	31	157344	1259543	c07b3d81e2999792b541677d5f10af68af3fa2792129b68d2f8bdb7a14ef3e6d
EXO	32	359880	2879761	16590bf379be7da1a885420946aaa01bd7c6b75992fc2fd231e680d613130272
EXO	33	242808	1943115	0d446d721719a688918ea71debc2d8dc50494bfbf2bd075b66c00990270458ef
EXO	34	373200	2986341	7fff9b81f3dcc5504b6ac1e6ffa72734205b58294f58dc9a4b2278f8739d2211
EXO	35	280872	2247807	33261b415361847e64f683bcb909c6d761fb79dee5d703bcd49f50f6c89b57c8
EXO	36	297648	2381972	59c3e0348e5fe6726e0cc1621ca9c9295111f4f86b4d33c3ac3fe448e24907a0
EXO	37	214872	1719716	8e22dac68f65b2725307e0dfa76532849c7ab3e3e71b64c49c0f10ceacd048d2
EXO	38	282576	2261391	2c0b89d813812c4997d568eeb5cafe7509e6bf77c8fc7e1c6011dbe4c04e5636
EXO	39	347328	2779451	893e3b5de22c47d73e8091304f357d4954dfabc4862f6e23b107bc8430bad4f4
EXO	40	268608	2149587	c94f603cf5dd2763ea3e1e119a70d9aae56b8bb799778259a33a7d10e5a322be
LEV	1	169440	1356301	069b4ced912b6ca37d831c7bffbce36a17bf3cfe032bf802643e0dcd40035ee6
LEV	2	158256	1266858	d4c429c83ac818ccf4034ac3566acd236149b1b8ad8f953e84c1339976ad1d70
LEV	3	156696	1254319	199769c884446bd1878fb046ce4a2567daa8f6976d3e07c88e3ad68147e9780a
LEV	4	335304	2683113	5aba381de2f032ac4ffaf2bacc6fbcdd2e0692859d8709146126f3d7e761d34f
LEV	5	224928	1800174	5e44d8ec47b9329c08a28b11ded37f0612ad4d9146609d83565d41cf735d290e
LEV	6	282192	2258257	b29546a00d4f707337ac45e3904bbac442f9004d7dfbd59af2c258b4c2e7c0f8
LEV	7	331848	2655527	c5b2a066109abc192a4e85044d9aacd301df08d788cea9c8c39bfdbbd19ce4fb
LEV	8	327504	2620837	a27b871ef2a11d96fcf15ef456752a2cdd0c436aa3e5f5fe9b8172aa0fcdba8e
LEV	9	219216	1754407	a7ebb75f58da5bfb4dbcf6da954324b9254c5ea4651daa0882f0fe3a1a8159cf
LEV	10	234888	1879797	4dc1463841ebd9f63964d5c0947db08e3479e22d5b3059138b29f37d70019ee6
LEV	11	370656	2966073	d27ffcce9dc8e20bc060b3c780e80318fa434561e89b8ceefb71f7cb26d3675a
LEV	12	95136	761756	62abda15b37ee47a3c54bec03be3e788d56757c32a63e4e68025a8d531953ab5
LEV	13	549192	4394239	f9887cbd6345d5ebd78f1c8429324fa9266b5e071887d5edda10f6f2878b34ba
LEV	14	508824	4071366	4167824bddb2115d3f578a82398254edb3e5c6a5cc3c9ac769301a0b2fbfbd1e
LEV	15	309864	2479568	ed3273111df16e1b2b82387817cb3857e999b382c54276df89dc2fa154f36c01
LEV	16	352824	2823340	e14b8a988038ce54a3267a6f606e3be2fced4cb45136eedc7d3a51993a145f6a
LEV	17	163872	1311790	1e02f5874ffc613edb8e1304a355f1152dfd3d082af478ac3e2ca6be89a6892a
LEV	18	245904	1967986	5ab34bee735b9e262f37685b40b41cc1b55eaf8af629840b7422419448db6ff1
LEV	19	308904	2472045	713424302b5c33d5c6c9235371c8b326d4d41b88795c39b7095572e6d500fc08
LEV	20	279096	2233599	6707595ecfbea9716043a11a449b13642b8abe5d3d0f3ace193076ea93bf769a
LEV	21	194664	1557968	a3c1c5766dc91e6a0f670fe79e59c326e23ae7f80fa6efc5a187ece34037970d
LEV	22	292392	2339970	301b80526eb325b5a9b3a943d59f98329347f0b3bb8724fd09702d46c6ff6428
LEV	23	414696	3318412	80414a7cc1fe4af9495540ac660ccd0fbff2b0ae9d7d967475c068647fc56e8e
LEV	24	191856	1535608	21b1901a11bf2e2ceba02d6f984edab11f493a1d9f7f3b446a767f13fe3d2480
LEV	25	485640	3885792	83694e6d7c82e59a10ce96a251b2e50ed521c403504e8f368e1834aa27d3cffd
LEV	26	429504	3436695	fa04afb8c950e38424308b33a68c04478f183095b77113ce4a694a54403c84c4
LEV	27	318624	2549786	568871df30690b1c424a1ecde8a7a5318392b97149fde901c35b8fb2000f34ca
NUM	1	416976	3336590	83f7a0ae5b6dfcca860b4eecab2fd168212e8a9465bb50ce29abbdff750ab10b
NUM	2	235968	1888570	4d388cdd96888397c4ef45409a719ebf2f984bbdd7115e007ba12e8ef8d9b626
NUM	3	413520	3309004	261529ee975dd075cc363f4d3c7e6f60e8e91cf2801cb4892a6ba8704176e6b6
NUM	4	400728	3206604	68a323767e52e10ed4bad990e66f0bdb4f5336a40ad5698c286ea4e9782781da
NUM	5	306672	2454069	f060d1dee55e9c51aef5da8ca8ed89c328b14ed0da902f8b0d1a01e4de52c647
NUM	6	264360	2115731	beda323647e370c43c52fcbcbee1e9f99994ab1e9f274a5646873a52035f5bd0
NUM	7	767352	6139633	13785ecf4add0f4acf2e8e2ec7079aced89913189ad8366b045a96a0c6abfc73
NUM	8	238152	1905915	ed3f2f65cf8aaac28370ae0d67e07ddeb5a9a1927d3dcc03181edc63e975211e
NUM	9	237000	1896720	729999bedfc50bd0206ed8a59234170e4fe3a0146bfac5071fa4d02872fd1a1c
NUM	10	272616	2181770	e3e871bc61bbbfffa16a4f299f157f92313bb34e4708bbce3691e59f33819228
NUM	11	355992	2848624	6789ecf937ea7b710bf0aed63ede01a82e3c7d418182247d0db73d2e78942bfb
NUM	12	145440	1164249	9b96b3c58f4b3842889afa13c3dfd5e5860dd2d5c8d519c3dbdc00b5fab450dc
NUM	13	251400	2011870	5b7d1a7e9b4c74609aacab34056427146a6fcaf21b07063fe2b172e60fcc05fa
NUM	14	421513	3372954	d4cc66e02b5a5b36b2956fda2f9c8322b26827d8fba79c9564e1739b3540652e
NUM	15	363504	2908810	8b13d9c39de5a7a9bc7c18a1afe11e2e9abd72c3ebda42847585c4271a35d4e0
NUM	16	485928	3888089	655f8541aca00874d7453ce60c2f8c9618231c95db85b5f2f884f2d9a1226284
NUM	17	107808	863318	d0a62a696d828fd2b8ae4dcf9ae296289cb42a8c79e8ed200649e3aea96652fc
NUM	18	361584	2893346	36849097338ffd2d6b74ecfa3d5b8bf6dd7c376bc8abdd2cece777bbc0e0665b
NUM	19	258120	2065787	ee279675ca36ff0a607705441c568421e53f6b1a4d150f4a9384a7ebc494a424
NUM	20	275496	2204758	80b28d8f38a2eba7ce088cdf64438890f67560cba89c33d903e00d04af13878a
NUM	21	330768	2646959	f0c4de45c8b2740da6c3faf88809646b77320b1ace51b2fd85a820caac3fdc88
NUM	22	401400	3212040	6ba0e061386cda04c47be620eb6fb26428ac92dea6a172f9cc3d729343e5f320
NUM	23	271080	2169441	afdb07d3fc32c804a89ab19263f0577eeffbdd1cec9c77813bca0b894f73dbfa
NUM	24	240072	1921382	9d21a4f01d398ff33d26ad1ed85cce30b77a1521d499ac664fd958f17407f269
NUM	25	152736	1222554	edf78ab7c874a72e59399379b49d2c503b2fe90a0e16ceebff21a157d6abce3e
NUM	26	533736	4270730	180ad266243cfa176688197aa66064854ec7caec4832a3d18b3e4e8a1b1ad6dc
NUM	27	218472	1748556	17ec962c9c8a91c483472d6f3d15821b093128d3137fc0ecc314a5f6b0790bc5
NUM	28	287016	2296918	9d197f762c073c69158885bbe2522585baa07819c3aa077003e626acc266b4fe
NUM	29	373657	2990104	99f5947a425b2b2c60c5eeea159e85b9b4d7df8736ccdf5d1ed3b284c34d00e4
NUM	30	155976	1248468	52440385cfaca112ed6a1f722a628eab57d5c2e1f5b3f6559125870c8c6bb3d2
NUM	31	402480	3220608	469b9226696859ae3b1d3dfe78ecf26f22ae91cc3c4ce7af1b2961de9c65ab70
NUM	32	368976	2952487	323cba33384e57d2f5fda1c277cb09d69128cf7a3125c6ce5c5a2eec67188858
NUM	33	351024	2808918	86b368a04533fc3c39e00e08c04d68b66d17987a6394633fa715e9cd9a3ebeda
NUM	34	188688	1510319	77870cb48dfb9aff738220c8c06f2a2377243401ec6a4264b14157a5ff7030ea
NUM	35	324312	2595341	9d7c0318bab8d5323a79af8609faaaa9d15d2316b44e931f8d44dd45d78023d6
NUM	36	142344	1139589	b60817510d489fb227f62fa87296f2752fe642dfd1c69adea0b4bbec7d00d343
DEU	1	433968	3472430	14163bd944f87775f6d81b047486efdb35816b3c9ae394f01bd941675c31029a
DEU	2	362616	2901707	f879e3a582ee549314f1b3811cc3cdfa9477e6db36e8c1d611e1d932faec046d
DEU	3	312624	2501720	de97c6e2220d3f10afaaa6f125e16400f57dff25d2c36b940e40bbb979ef11fe
DEU	4	522792	4183170	c0d38ead1706dd17afc5c8bf98af501e003c6e4e2e7301c1b6a25ff9cc134ee2
DEU	5	321120	2569639	d494a08943130b834b56fefefe9b297331ac64e962716a984830baa496de82b9
DEU	6	235584	1885439	018269bb5e51fe566e31b6e06a877b6360e474906b394043647f8ac4e9e6664f
DEU	7	308808	2471209	e4856819ba3473b13e51dfc18f074883caa66d519035019e60dfc4e230e9c972
DEU	8	199032	1593077	8aee3fcb49d5bae2b830599b23cc98a48119dfe7bc63a837c2bebf6bf093e0dd
DEU	9	345408	2763990	8736a10b08691f9cf49ef865c6c6b46a2ddd17876b7b03a28316fb3b406dbcf4
DEU	10	225984	1808537	3273b3c25b2a9329a431fd7a9ca484ea35bd2de57c86b71b1ac8050f8543f6b4
DEU	11	312912	2504021	b84cc0f95236268278a456ee0d0321ff822ebdccc56bb12b3401f95321dfecf9
DEU	12	354936	2840269	8b1e35b964cc8bcbdf3599933565d76cc2592a830dbe990a906af57fd943165e
DEU	13	208464	1668521	a8fbf49752d101397e46935eaaaed11d72b2e525ab42395af2f00b0320e1958b
DEU	14	248568	1989304	217710b24eaa1e1ea158d4a781210745769647976fb427ccd11921cf02bba9e8
DEU	15	243624	1949807	da1d77e34fea5b9675d01571d659e85346455f4f28abe242f8dbb6986b3b8d04
DEU	16	244320	1955241	deb71de83556a03cd6fd1b007ff279a4acff76222ddd1ced6b139aa27ffa964c
DEU	17	235920	1888158	c267dad00c643d2bd75ff5a95e8bc1749edc73390887f3ca5169a71cc6e224b6
DEU	18	212280	1699032	8706bfc27a4b0e3f8b78d5dc711de040731d148a293621f8fe724c8a91b78aed
DEU	19	223272	1787012	ceaea174cb5befd4e95cb8cd728e6919aca7f7516c0194545aaed2cea6130dd2
DEU	20	215568	1725363	a022dddd402c4136464d8a49ffd0b54aae11a1b5e17bdcec83d06c7cc52babf3
DEU	21	245448	1964436	c9b98fa4dd0c672963949f54d6ea94397de716926d01197387eaa1c78cd8a473
DEU	22	305040	2441118	89156f96f465ecb23a802ae6e7d700f2b5531c2aa62b1bd4aa76f8a054e24726
DEU	23	220896	1767995	8c54bacd47f4ab689c25c0775a0c819aec1e6ca7ba1ca8ee18aa006afbc2d36a
DEU	24	234720	1878545	d41c48183fc2894af1622963495bb70452b786b32c474fb6196fd7179cca9141
DEU	25	184440	1476259	dec07e32c7d7b7f3b574e30302c342ae5d36777ae4eda9940fd2acf57d986f89
DEU	26	234816	1879381	e428ae3162f624b1e3f8f0db69489166c36d8b80e38833aa7fd512c7e085867b
DEU	27	245808	1967152	4e230453c094c9b80aa0fc792adf11c7a7bdcef08870329d16b0b640a45e6cd0
DEU	28	712416	5700155	7fc719cf35ef7c486eb19738b516b98726fe0d5f3e06e4c0a104dd8b1f711fa2
DEU	29	308280	2467032	ff3955dc8f1a93ecfe51af319bd1f5f993a0dcea8902391d337e15f65a4d3180
DEU	30	234984	1880635	83519dc9141dec9fa80a44629e8a61da6916ea207c1c37d3b889a54ea13fa1ff
DEU	31	376872	3015812	f1c553023b261a8d76d76d3ea61c24bb222910b275ce78ef9af80a762a513a38
DEU	32	505464	4044410	6cd2dee2580867517965c56c512b811497aa67277d70d37bb1f3fa5f06b8eb42
DEU	33	308616	2469748	62f45180007a9c00e7f5fe54c202b4dcec6652da2af33281bc43914368675c70
DEU	34	128184	1026326	35a8a3cea703dbaf7d23acd3d5cbe8b5a4b9457fcf2aca2c81e69698cc5e0d43
JOS	1	203496	1628807	b4d12e1808e53ae29e95a96e71cb56ce2f7251940fcb668b3b750a6b83a3697d
JOS	2	255720	2046558	e5378a601da09c14c6c75868a333cb46f376bf7f0be9a31c67045c7ac1f4be49
JOS	3	179424	1436128	cd56726280039e83baf80a9a60abee912d33eb39d90914f46943017644640371
JOS	4	229344	1835488	58f8e9f28f1cce93d3624ad9b49e8f075d6f7460b4ce4aeafb400814699b9f39
JOS	5	183120	1465803	dd6923c78732fc323def903ca206ff6f9c5fa1a5bcc9103ea736cfcf1b45b400
JOS	6	321144	2569843	f534cb351d8319ad6bfe95af3eeb240aec6c00875072286559c799a437005791
JOS	7	357600	2861578	ec99d5b01c464d444ca3cd66c16ff45e19d227dde49d86aebc20063990e0659f
JOS	8	414552	3317154	947101d67632455f5e77961c845e5a3c07ddae4f7b241309fdd08d2ef538d370
JOS	9	265128	2121790	5460ab5664e121a2348b1b9b02c5c6a9b265fc1e87773b6460738744cf0dfb88
JOS	10	481488	3852561	79380ad160ea0c8f8a06ff5421d7d34c00e928cd8470a4d0d4099cb8324f21d9
JOS	11	269280	2155020	133b417cd33709f3f769c811ded44fb6f58155f4ec219e8511960edacbd14dec
JOS	12	191376	1531843	bb1eeddd22f4e1a1c38f2ed454e34035326faf18f0f3a705d4cbc132f64124a8
JOS	13	327768	2622925	7d661b11ba10312e41f11571c1fcc3e0f0e7f3ab18be706f5944f9255418fdd9
JOS	14	177840	1423383	d8e3abf0972292927533c8973ed18de14d99c65d56d8aced38d594e94b675a0e
JOS	15	414576	3317365	9900c8e244e1d3d2b2ed7fde4dfc16f6844ba8159ebac84c70f94dcc5df22099
JOS	16	100872	807729	730cfca2fcba8620c38953f68617f40a1426b3011b74193987254bc3e13d8fa8
JOS	17	231984	1856597	288e373b4a997c91f5fce5c9fbad427aab10ca6f263fcd71596df38d15745a10
JOS	18	277536	2221058	be0db4a443f52ba15c9f7f991c001253fc65272d76fe7c9c27b62f8bccfad973
JOS	19	357648	2861998	b61fba1da9d9e1b3a9c2c921dc2f61e757ca772d2eacf2aaa1b862ebd44bd02b
JOS	20	109320	875229	00b59810131ed4a3c599292be0f329c53ae8e0fc9bbc02425375cf60ad70a470
JOS	21	355104	2841518	fc920a86cadf8c0b74b95472585e399ca8b71194707462abb04d9e4a52fde581
JOS	22	439248	3514641	35f9df28cdadf2ad98d119b0181127dc8431af2abadb9980ed712e2dc1972c5b
JOS	23	196176	1570086	6ded2d78585ec37fa06db3fbe0fa3ba895554e879bd5c5f87553951d76a9fedf
JOS	24	391416	3132000	bd0c182893c987f2765113dce787fe008ecf59c12ce843650149da384a1e41a1
JDG	1	358200	2866385	608f401fed9358c131a507cd838b1d44328e6c8946217038a3dced439b5a552a
JDG	2	251856	2015629	be6ac92fc921bb1a8856e3bc800636c1c3a4960ba1e2091d1bcdb7660320d4dc
JDG	3	320664	2566081	d073c0c81e6754834d77261c7d9d2cb8e4ea076b69fc4606a526dbd195bf8e16
JDG	4	266304	2131194	43d09f32b10b4eaca13b1327533644677a8abd7a723c4f14e819d5c5476f51d7
JDG	5	297312	2379253	c425ab8e24f8eacf34b02b6cc74e8864c9048e4ca36b7f4939b4f9837ed9a5f1
JDG	6	440328	3523416	ee93444f0fbf9c4a88ab29dec99cdfc0def6e3fd60719d1bd11cfc39140b6dfc
JDG	7	334152	2673914	22348a9ea403236052f9aa3208fbfb567e679256188149acf434bea3aae6e9d7
JDG	8	384984	3080589	4af242b147d2266683f94655bcfe73661be9b5e621ebbd7a6d0269e4b6da4222
JDG	9	568944	4552223	456d0ca2271fc873dd3d1963cd68947d52d77dc6da5ec265e933bec0f540e55d
JDG	10	168912	1352121	90c9587365d368e9ea2a9ffa6eaf0522c3a3553dda93f1e934dbbf9c44721ad3
JDG	11	429120	3433766	c0363af151d6227dbba46bd9b955ce7ab4d2ac79db3337f938aaa737d35de2a5
JDG	12	166584	1333521	3d5750f69cc99231ef3fa153ef8f8e5ddb49eb62f563b26910b221efe40bda96
JDG	13	271416	2172156	26b599734978d4066c835124932134f68412893fd40df161883ee454a86d2610
JDG	14	246312	1971327	9ea7652939ed0f3f2b72e3943af01dea7890cb8fc90f1fda5ec7d04547d205da
JDG	15	240000	1920754	dda7585cdf04f6e3c1e66183e0920731fe5e756432c62498b8615560feb70cb5
JDG	16	418416	3348085	658402e52cf20e5f9634a45664b7ede450951fa622c06062814b9de9de331235
JDG	17	143760	1150873	c0102ad4610e852012ca8a576d4fcd802368bf5bbe930b875c48ea324b78c147
JDG	18	339985	2720728	1f36b797c49e8b5da4c3420663b46cd5189015735b75cdfeec53089b343de228
JDG	19	355320	2843399	eacf49a9451776f842e5a6eb14930daf47e795462b862009b8a213be75dc5dc6
JDG	20	487896	3903970	1b09213fc43a9532291107af9e1dd5ccc24a58fc7e69d68a4b0aabd283591cf5
JDG	21	248928	1992225	eff6c69c4993dd2e24ccc6e59b81b94ba72eeabb7fca055b6064255952577cb2
RUT	1	234504	1876864	eb9fa0468e7d5abb1b271de0ae54d033f3f33cff8274811918064283b54e669d
RUT	2	271368	2171734	7287d1e01f5289880a21e873de421c05b857dee69be8be6b6034e0d356cc38d6
RUT	3	190680	1526197	f5588fa70d466151c87f7aefe243f2c6c699c2a4a886113c7953494a217d043a
RUT	4	255840	2047392	f0f2ea6bf2574059f68d48f376d2cdfe8cac8ea099f9f3c40cb899706c5f95da
1SA	1	297745	2382808	00efa49c37ed2ee3fd734d597d4898ff1ef09aa242e7cadb48e238b8e962e02d
1SA	2	444288	3554974	f5a1057d93699f9d2bcc47b9680507d2e696c32b0823b8d97d7a5f86a95f088b
1SA	3	217272	1738942	84bda6a34a2ccef8f16bb1e9bd5e2eeec6fcb76253287e282cf823420e181f6f
1SA	4	269496	2156692	a027c0e867ae7a77bedfd12d49e507d5e0d83898bb113a9a09f3007ed4854db1
1SA	5	147720	1182429	b65539e18f0fd58a71ebb91a6da424d001c7c8e7c6019f80dd0377a769831494
1SA	6	264336	2115523	152efab0f768162fe848d7ab87212dfad1151f5dbd2493bc4b86bfa3de554a97
1SA	7	204888	1639885	b494832a5089ef8f5efcb07824b0aa19da9e11799d31e72cbcb2f713b0dfa911
1SA	8	198240	1586596	815f812f9d0a64b0bc56839614a7842abfeeaeda51a9e95f11ef653012c6908b
1SA	9	332064	2657198	a2717f29cd4d55d19914ba85cf91cc5d82edd0096ffd2907d73587e6d24598f7
1SA	10	306720	2454490	d9c90c8949f1d1dc9895035150fade8cb779adc1ecb935e43e0f153b4af1f499
1SA	11	180480	1444491	1234470758ab3b7274494f4771c205f004b43ec50542468288931b802a627aa8
1SA	12	299472	2396603	bed3297e7e3e9d4f23d095931d34914f64ecd6dd03a71c207c93cf2ba8b62d65
1SA	13	270792	2167143	e2bd8c691dc8c2f49cc5b7bb86aff673663fef474aad7b59a2e8e7eee95a85c8
1SA	14	615288	4922957	7f19547e538eadc0fcd08619f6e4be2db13376296535647b0579c8c1f5095326
1SA	15	380856	3047574	eae8f4b13908abef349787eda9683cd847c08e240d89811e5a25f22e1d03e1c2
1SA	16	259008	2072893	41f5e40ad638d3d89947479a8ec9446ac973225600563ce5bd908d329197799b
1SA	17	611040	4889102	93a96e40f5d2617b1be64d57e171782c49ba916e63277fe751bc0a8f656961c8
1SA	18	308976	2472462	daa24f3a8cf4bb27560018f471a7665f425163a837ef82a1421a9c33fdc6cc8a
1SA	19	273168	2186160	af8db7b8adbe7d8fc23e695e5e2bbb4f265a15a189b38d90c5695fd9d30cd279
1SA	20	466272	3730937	302c89659c6147694172929795941e1442ebe0b9b28f45331c8309c47bd48dea
1SA	21	181296	1451179	1e3a22d7be7bb4d9f457f7888174370c1a142f1f30fb632a193cd96bfc619600
1SA	22	285888	2287933	14f0025b24be23cb3e707022f1674edb95697b1fd1417d8292a4e9a6dad65037
1SA	23	318432	2548113	ca12d53d939fab27e582d8f3e936871cb77dd510a9d868a11879ada94efe7dde
1SA	24	252480	2020648	910afb5c8e91da3734a43f8de30f84e5ac6a374082c0ebfa4ac3ddde5c5c68bf
1SA	25	499920	4000103	af57b8dba932b0e7984e422ae6596cf9999b3499e94434af34681533abb75cd2
1SA	26	316392	2531812	a7dc003e98a42cc15d4fa1451064f0c2a2b3bf1bb89119d4aa927a8a11030459
1SA	27	149304	1195179	a872f0dc3b1bdcc72c5743910e3b2f09195f0dcc082ed93c09695d187ac82665
1SA	28	291240	2330774	6121f22379b73718ad2628917396e4e6d5c103e17d96857261533ced2c168884
1SA	29	153504	1228825	972594e94065baf109933e129d3fa1c3eee599d90f6a58b601d9190fb1de65e3
1SA	30	313920	2512168	f62f2a341cce07095bfff617179078769ad1d8019c25a2204c4ae08e2591f874
1SA	31	142296	1139172	b84e1f43432aa25fae1d3a140b80cd15db46fd9ae37aafed1358bf05dd24b1ce
2SA	1	261624	2093789	9009aa19be53ba55e36620d0929f233b1877480c839fb81c1914c9aa09e595cf
2SA	2	333048	2665139	dfd37ccb591f3e87577f5ba5559e8780e714e81af17cae70027025ea95edf6fe
2SA	3	436608	3493534	81a3c8252d0903ad449de1517a96543ed6ad581b44a568f6a0f3e2f9a9e99645
2SA	4	168984	1352538	d347c10f10b480869278eec50597b8f629eb0f30a3faccb15eea1fc6ba753d7b
2SA	5	245760	1966729	79cbf99301604532885a79ddbdb0643e2803980f32bfaba7c2c510fcb1a5a759
2SA	6	262104	2097551	1af981ba34c1bbd5154a6a72bb3237655ac93f26d6ce65e13474d97ef85312d7
2SA	7	311064	2489178	32927341ed2cd9303a2a96cdad2e71565f6dd43ee10398b5ae340f8b375e264e
2SA	8	185544	1485032	253a5010aa1b19ef7aa141dc59b9fe74288490f3118edaa65a4210ef66196489
2SA	9	153336	1227360	fd4d2f5089ae1fc439a7a31735f13aac9cd06bfa69ba577ffb858f35b1b8e2c4
2SA	10	223536	1789099	4d0b0e9989aeb0e410010b891027f32d93b35825ce24b921feeaa2be93911fd5
2SA	11	296736	2374660	56c87eb5f9fad5e9e3a713f74c6a09492170b51616b649d82f16b8cea023ca0d
2SA	12	382416	3060113	0e0fd56e0b1a194cfad0143c9d0d7010d759d6e3027e0f99c3ac91824c9ff8f7
2SA	13	435864	3487685	77af5e8a92f5f45f9b7fce9e97be5864bd093773457b7ca3af9614236545c052
2SA	14	410328	3283303	bffe82217f3cc746b626def8c615ea4e2311e8b7b7e8ad8d3a00c93ebfcf26b4
2SA	15	414024	3312978	5f8a4be4d3c36bbf09e7d43dd87388258c69a37d5d1219aeb207f0159e9adc1d
2SA	16	283224	2266617	87f422be36dcbd2dc87775aff6461e4309cb794edad0514120977d201311cce2
2SA	17	351505	2812890	91abe982ef1c4726c7146c9df3087bb9e0ea49ea6aca3ef3c988ea17e504f3f6
2SA	18	419040	3353102	26d1383c023a6f1ee357f691aa3fe06faa2d819df6df1d7ef9a53e3de6a5b4fa
2SA	19	556536	4452962	2763c568b10ec7835672a03d4a5cee23143d55aa745dbd5f02b202bd27b29c90
2SA	20	326424	2612060	f55f7667ce0d15aeb21b3d120dc33ca5a3902542bbd69fb44eed6f74a3e7086c
2SA	21	305064	2441324	97dd4d287b7a034c0ca4cfe42def807aa1c7ad8f2d0d86223c6cdd557842457a
2SA	22	386856	3095639	020da458790e5ddb7119f07896e97c431f66cf864fab5c4c1b47c6686c93728a
2SA	23	369624	2957713	a57eab9314f1c077122e8881a6c2995b89b4a7c8330127e0aadc122e23ad147e
2SA	24	326304	2611225	24d22b04107455546ce8b83156fef513a66383a09e74c46f4a382524f2bcb77a
1KI	1	575376	4603842	79673fc663ba27b977c1ee56c3572a10dc04dc1a98b1c0e8f7042ab9ca9409fa
1KI	2	544056	4353275	1b68847af055b6f0c5bf27940197c52fbf07f096f415ce817b6390ea39f87388
1KI	3	328128	2625850	b4e0e7fbc6ce26495dca82a1fcc436db5c3abd253363b752a2ffd41c256ac2e4
1KI	4	310224	2482490	3302bb5d4f8e9e5a263b2def0cb06303ba196759a9e1ea255cecd69f50abd938
1KI	5	204336	1635496	293cd9c12e2ddb5bc5947868b7390562b5299291d2e850c945cc0e00a8d9d61e
1KI	6	364992	2920720	0c65625fcfd6f706584dd9ebb817bae9797b38cd8ce02ccb1a58a44a6a1d59b7
1KI	7	521808	4175225	9eeef8403870f7d3a3ad025ce2e07ac7920befabf9d383a39eecb1f39e615dd4
1KI	8	768552	6149246	3c68acbd8d854fb7f5d5deb1c03e362dc6a9fd33fda1e9058d5efda15363c4e0
1KI	9	314544	2517181	fbc44f99109a6a64de0a6fc532d5254160cb51bd1aa4666adeb54657191398c7
1KI	10	324192	2594296	e0eb90a0f989f9c1c29dd31e620918f79c52b622451dca7986d4bdf5eba2207f
1KI	11	499440	3996340	f83169f8533b281e816bf46b70e88e6bf2ee08d4c4f16645db89eeabe450fce1
1KI	12	400128	3201800	7f6788459a4fb931ec07c83c5ff902c3787b4a25a98260a921aa16779d5d6ff2
1KI	13	407352	3259478	c2e86c96196fde33c43ff1623765f1e72244c2fed61b7440ef49abbc330f2340
1KI	14	390552	3125104	2878637674cdc45940f7402aa741ec0477e6db35d137e9a13807e067556073cc
1KI	15	376464	3012464	c73484803e5d3409896a95f0e1ab9bc6aa51f3335660254a3b04dc03d1f4e94d
1KI	16	415464	3324471	dfa3e444a9e5070430f4b9e51f794619e911d1ec149d81b13426d721295d7307
1KI	17	258744	2070802	4bb1b9a2c4ead844c8e022d371ac9af755015cd3434159609f12ef1937a09d38
1KI	18	542448	4340321	c75be1833dfeb0f968f5e4dad4f14d6e8cb57eecda6293e06accf1f33adbb9bc
1KI	19	294240	2354597	f34209c24055855858d8fd078ca646b6f2d8b2a45f6936c623a08a9ca29851c5
1KI	20	577824	4623279	bb48c20734f18c4a78c17f9b9f036db39839262f9a2bb3c1e7a45f1f46eda1f0
1KI	21	346248	2770675	bd34d97bc6e338128ebb6680734b8e12465e77ad9b626549d4a890a3ecb1d746
1KI	22	593064	4745323	0308185ae5cb341343c20c47a62500b73b5b4d0803413fb3d14c463efe20b8f3
2KI	1	263688	2110297	af01fef0f450bd91cfe74b02e6745c6dcdf96e4238696cc3440511398b589056
2KI	2	331128	2649674	38115d48788b1a04f7da03744e04e252dcf5d9c149cc4ef3fa89254aa853423a
2KI	3	331992	2656779	c9f5fd010a6f89c52cbe631002dd20315bcdad5fca5153ed5006c7668d84e51b
2KI	4	512856	4103545	9d382c3ceebafe545d31630ad448f6b1af31778300e4a923d6470d3c1e8ee7ab
2KI	5	388920	3112146	618d0b5126abc85933d72cca391eb97ef563768d3b732100204fa8630df955ba
2KI	6	379008	3032733	b9a90773543a2b899d7f4e1f878d1fe4af97c1971a4ef77925c8fcb06687bf66
2KI	7	297048	2377164	653a0825a4307c0ddc6dac3f9d677292a4c074a64ba7098419ed82eb0a57dfc7
2KI	8	384288	3075156	0ad5010ea941df3fa599636f27b900234e38732901a0524ac6d52ad75490fbae
2KI	9	471552	3773148	f51da7cac032e8aea409123cabdace506bd006e2415c54bf694ac65ff98c0638
2KI	10	465288	3722995	ddcd068e61daac7b8745259cd4a5d63e8455f82a8db123c649e07e5045bbae12
2KI	11	271392	2171948	caa577d28ad85cdfd37b88f8d05876a763345966da0d32abdc31d82e1a1f591e
2KI	12	260424	2084177	21bcec70da8c896c6481b216d2d039caa179425013ab1c356e4d640208685d3c
2KI	13	339408	2715922	908335be877b837f2c8bd8940c43e693d97d25d3f6e88033b790e514e3c31e34
2KI	14	358104	2865552	87280a298b91b876a330aab1730ca8b63d798bb3b65616e01ff1df61afad5b42
2KI	15	436272	3491028	f58243ccf9b21063250d9e5288867bc18405aa30a81f023a72efb60d4efb57ee
2KI	16	249456	1996406	9e6103a1f705017b6ba61de8daa0842024c0de238f4824f602d3cb241c172dab
2KI	17	480936	3848174	a14e5742adedf886dfe40b79fbd4f2d687f062240d99f95978ca243c9d52e86c
2KI	18	467304	3739086	0b51dce3ad4e8154d4769a4fe7d042cd639abe460fe748757b7f22c95e6736b5
2KI	19	437064	3497297	fcddc20b157915cef116f95917192d61510dd4953145ef060c9e022bdd82e4f9
2KI	20	254184	2034231	e80c1e68f51337cc0e29b750ee06e3c76fc04e673482eb2ce5ce1fec0d7bab36
2KI	21	294312	2355224	80f9833e00da345263ceeec13407263590dfbf6ba6d67427a44daf8ce908cfc1
2KI	22	256344	2051576	199e8d19d5aadd9b1e9857d1c4ada9d84c01084a6dcd8368b371a4721f020559
2KI	23	531696	4254221	81837cda5c0fa19ba4da19e311baea250e544a3a3b9c46d5798b61531c149e6b
2KI	24	247848	1983449	aadef3637e187a38b41affff1d17bc53ef180603ec233eda842f1693ef9230b1
2KI	25	365376	2923857	426b6bc00a88f901accd6d9da2733963fa658b6fce79e92398d5502a4b711c8f
1CH	1	350184	2802234	a4647004c8df3201df0e156e23b0213d1ad407ec3b1f72ffddf328749d41c726
1CH	2	421800	3375256	5aec812c2deddec6cb0da67185fd599adb1a04a3c59cf401ab79d555ccc6130d
1CH	3	194688	1558178	5b12626bbad47af2e06640cb36cdb7c31ca1f8f36265a447d058820d340af446
1CH	4	383376	3067847	8af3d43631aa25d7f12ddb23f0bc8ad7bfa1bf39019d1ef76561484754a6991f
1CH	5	271224	2170489	d038a8f4e46e2511c7840d4fe48a30c3237a282635149c57b1b51bc33b605d3c
1CH	6	553776	4431021	d784cb35f23bec60276ee7354de4e38387ecc2ec647888bfa59d93c77f52b708
1CH	7	373032	2985091	8b031abf10d9b7f01c8b19ceb2eee82fe02a541cd3cf71a2aaa888199d81783d
1CH	8	246408	1971958	6e263a9d336085c179056195a34e8f8cf3f5291b37dcc3155fbc0452a99a9491
1CH	9	373992	2992614	0608979a6215a6ca34d441bed708c73500f79412614ebb223780fb1e02b0aac5
1CH	10	138456	1108456	f8789a5511c2dec9d54613ac080aa1222c06cdecd017102f38c432bae50bfba4
1CH	11	392736	3142664	5f7a5a4ae2e741d3f786f05564f0266d5a650d7331e5b04b663943c66f5ac3a8
1CH	12	386976	3096479	4fbc59a260d7e17f59fb7cc33679fdf767e9cef0526741c6b1b4c3aa5c1398fa
1CH	13	148032	1184943	31fd2f30eb94578810076350614eae9a661fbbc91c6bac8fa8625a9d425925ed
1CH	14	143088	1145446	bea8b803e489e90d47ca7f686185215e3b598c6d357cbb49da8b0c8e4127b7f2
1CH	15	289872	2319702	2c2a4686537f8fd349875665438e5f66346ea984d675b971ed66feecc32c0433
1CH	16	353088	2825433	7b28eabe25c86f7a391859cbd6e3e156c56396950725461e10503fb72765400e
1CH	17	297960	2384486	5b64e3544cf1cef449c10fbb14067d623e9f33797bb2d6841a3098219ca97094
1CH	18	177672	1422135	a68243539c44d79579074f9534d3982e49d7d167eaf7bc008cce930972c8c678
1CH	19	231984	1856603	50a8129ece7ee3ebdaa667e31aa51d4c5bce451f7ec571b05c90b630564f1cf6
1CH	20	113016	904910	7c1019e18d9a05d470973ba7fbc20c8818babba6329ad76faf8000ea95733fac
1CH	21	353280	2826895	75ee9b792f5ef7ac709d732a724264ac210e73cbfd9771eee50b7d596165ff0c
1CH	22	243144	1945838	2ec4d720d1d57afe151e186889a04c8d4bfffcc74d008e16a71c51aa94179f43
1CH	23	292728	2342481	f06b0827ad4a86db485199a43558823c19db9fb7aa4996adf035befb930e851f
1CH	24	247080	1977393	c9b52baadebb341d78765f7b29846f908b097c9d3968a2dcc913f7b0b27ead2e
1CH	25	271368	2171744	af18878c9be70086a3c5636ee4fda59bf9977f2c4f3b513929829d47ec25ffba
1CH	26	332448	2660339	e7d8db09c433add4b0e3455b5596f78e9723507056202affb3dbcf2bf9e53a14
1CH	27	347904	2784055	d5dbfb980e8d3f4cfcd864e580db401e668c1235a5267512066f2a986a77a596
1CH	28	298320	2387411	491dd2be2b1e26128a8bf03d407580c84b8c552aa40b8461dc56555db032a9b2
1CH	29	393384	3147888	627c161e7a066ca256191a17e555ed0bf6c22865ea4b74b166b1b2ffa2f260b9
2CH	1	201480	1612513	929a7c99e68b8ab3c96ae6e0d51bc6421033c3db5dd27f6673e813c6b8709e68
2CH	2	239160	1914071	cb1784007c609cf521f4e1caab2bc3e58da72ee29e2c067395b0a53903f00321
2CH	3	185160	1482110	07547a472398128783eb87f7bac238d2bc6eda47340912bced89a0b5785a6a3c
2CH	4	216720	1734557	2d2ec373c58a08b2c607c4fd1bdc9116eec8ff4d2caa452daeee21052cba11c8
2CH	5	178560	1429238	07249cd24f55d1bafb5fdaf0b16ddeebc76b706eda34dbd78d2c01153e377421
2CH	6	530088	4241476	fc1f01865d201eca54784312268fa076f7218adc57d270ef5b823f6bcba91d7b
2CH	7	291024	2328895	1af68d557cb129cfa5907624a37cb0266c40a6d09e17211864ad5c9c8fa8d3cc
2CH	8	207432	1660160	7c089c602058fb253402f0b3370fc876e7b9e54853e5ebb3dd4ea3eef0684bbb
2CH	9	344928	2760229	e3d2740c308148307115304d28394f4a18d418b68ee4452067e2700ac51b771d
2CH	10	220704	1766324	9976333150736104ed4f44213969adbc41429c1f25828d13919ffa1897bbe910
2CH	11	216408	1732051	850f09f3cc551391689eb85123624b19ef752ef963f55b490fc5632610018a94
2CH	12	200592	1605410	6d208146c32c75c249a21d790912859e948bc61720a0b350793bb60b77dce248
2CH	13	269256	2154817	816b570c0280346959425bbfa15687982ec72d88991424725fe6b48dce85bb5f
2CH	14	188232	1506562	f3621c8e09f827b2f372f11430d48d96499ed423188c4b1b315f79f2ea1bfe1d
2CH	15	202633	1621919	e510f14b360258528677698f3fd57c172964e1a250b9e1e0e1cb167dac5c4ba2
2CH	16	189168	1514086	72561f133d80b1220db039e6ba9a1db7c6c35a1cdbc46e33ba1003a3e47c1dc5
2CH	17	193296	1547104	1ca27cf676b5aacb09170836bac9b632e54adc76f4a671d0a0c394762741b136
2CH	18	416472	3332626	168361c3cd36b45f88eee8df423904515327dd6aa2ddc04ab0b67040307b9070
2CH	19	154752	1238860	b0bdb2a42f8e2e67b35fdcb65f9ded170b85489e971a510b54d55df636f52671
2CH	20	477264	3818922	67fb28a4b1adbaad1e25d0974ac6643c728cb84f2f6258548c3c4d855cea24a3
2CH	21	263376	2107797	426cf93f0bd4699226ff23562f38f18c884f02103981264e78980ed6b2bcc15b
2CH	22	201792	1615023	0b618977d0bb1f73c18b8efe580503a57ae888882c9f7a9080ddbd0a56fab6ea
2CH	23	296232	2370693	2b1b45b87f5dcb46dbd17ee66b6d30d9b1ca0ea639822b63c14295f7f46a508f
2CH	24	368304	2947268	a3c71650b898f171652cd0d402d4185a02783ec76ca86e0c06b945bac1795e28
2CH	25	371832	2975480	532815dec7c8174d7d7947b16232c7e7b72a62e72ed4e4e3cb9cf481af52d5ce
2CH	26	292584	2341436	94836cbbed8f203b25dc357bae8bc369e8c3c539f112b580b39c67145e742c39
2CH	27	98496	788718	7c25f1336d5d552a73b6c9a77d966be2536b0e3736b1e995992ff229074ddfb0
2CH	28	347880	2783846	8157c40be511b04ed2a0e51fb94932b3554a23f435e551c19d30ce53c2d8d4d5
2CH	29	458880	3671800	2cfa3f4bb9bc71f653dbb891f783cc1f160661f5a143163d873cff0d09e58f7d
2CH	30	356544	2853018	c15fd7b862b92f9ab3fe8aa8a63b313ebbd02decb70d9ea1ad4419ddd0bd1478
2CH	31	308568	2469331	019cd9a96fe5019fb310e8b04b699000c200815f7ab1442aedaeb4a32d5e0032
2CH	32	421080	3369407	b7c6ca3a4473f309ad1f29eaac03d63c7cd4f4c06ee920faa998a52adcffa4a6
2CH	33	295368	2363797	a19eef1a8dfee732772931c7a46aacb5cc6d53256f8f7ee411467e367c448b96
2CH	34	450888	3607852	44e1f8722f734e8e58a69ed7dd94025452ca595033c13db7bcefb0f1aaa4e5e4
2CH	35	368184	2946223	746520f267aa9a1f2da4a479a90f803ca2d28dd49b925136c98ca48718bedd6a
2CH	36	312024	2496917	e4c1c50b5f86bfaa0207ac5b6994e1ff375603cb372eceab09ac3a6307ab8fc3
EZR	1	144600	1157557	c16f457f70cce66d85f41d04a14001d111154fa2c8a825303501b4df08a2ad2c
EZR	2	441120	3529684	839d9ec0e44da81d14a071a331a3ac34530ce77886e1c5c9e73161aef7d8be39
EZR	3	205536	1645106	108c65bcfabcc547ca5ba9cb78a7826a4905abec3d7ba9a2e2d940a9ce2caa21
EZR	4	286800	2295241	4810fb7de85fe0fd1a7ba16a91a0789176eeeb7e38fab90ea26c20161a2c8462
EZR	5	217656	1742072	2b96869779c3e4513dbe19d534037bb739e2792ce989b4e868bea6caadc46ed9
EZR	6	299496	2396805	e1304bfa1d93288512b1e3d4172aac258d8820cf0ac7145180315844452cf68b
EZR	7	315624	2525746	696b69531b921db3a2284a08f26372bad4501164a9fa46d4b21b38830435633c
EZR	8	396288	3171075	bb78e37365e0e649cb68539dc78aa225b3ae7bf43f4afc3440ef2dfe21b52787
EZR	9	234312	1875192	8a4a6965f8f5520f71b99fe8f0e30f43af0cbf961d78a01ce6bf940eeaf82c61
EZR	10	409105	3273686	757a4d21ba08c16bbbf2b86dc965a11b32977f1535426c02400ffbb73cc2f4aa
NEH	1	148344	1187445	23538e9a2c038b6a4337ab49d545d4281d227364732b43364ff85014484f3ccc
NEH	2	255744	2046769	4441f83bb8a53d5a3245a6ffee2e7af2994a61fe61a7683e619383e834d6b016
NEH	3	370536	2965025	629a36b50e47c8041edcd7f42413e1ffd83a9cafd1cd717f15c813a297a91d56
NEH	4	251880	2015840	576687e055d7eb9b42b45a8ea98971bb5962abe5db6ea01ace79e3d11091c6a6
NEH	5	249144	1993897	3bfcd6d860701b6ca780a5a5c0c90655635a37715a222fe3dac64cbca7702734
NEH	6	232176	1858060	cf277b8153baf8fe540b1d9fc8c376271909f92be796ba584cb706e6073d4b75
NEH	7	509256	4074707	9fe03f30603448b17390b34fd30240f3e2c2744a3f1d7ca8853982a28fcf4074
NEH	8	268224	2146452	fbeef6dd26d0ec24f0d43626e3fada08daec360f724bd6ba62c83b54934af992
NEH	9	537864	4303748	529147c2abb92ed1bcfaad864b372a3a0ff0088ec90c290fdb1a7913721d7bce
NEH	10	294504	2356687	b39bc5b66d04e56e05f14ddbc364922606c874e0a4ff6c19837456bee5806e1b
NEH	11	328008	2624808	657b2e4306812b8e72c2ed2dbb7d3a3100d6ce9fdd2698fd59063d8f33178f1e
NEH	12	439584	3517360	d325366f5367a34397485bed7a73aafd5808391c1c94e3adec14de51c812168c
NEH	13	409368	3275780	ed2d96eea4462e58b6d61ed39364caae307f947d7027372f84258b8099e21611
EST	1	273288	2186992	775d44074afcc812c23764d2b967f0fc034e3e6f14f0bc6b03113cc6940b52f0
EST	2	305304	2443201	eed362fc1c5577eb84a98ed93b84bf662ef2a88b492cfc2282d56f03310aaea2
EST	3	214632	1717833	8ea0cee07fd7ee50369bafe36203de9646222fc54a6d3ad8f3b2a36d68e4ff7d
EST	4	201552	1613134	04d102add883e1cb5a932c16949798034064319172b2357b6c7cf9af65f117a0
EST	5	178656	1430068	ecc32d63b9d1c4c99ab97d15f59f25f6082d2dd6b343d6a92f95181fd44dbdb2
EST	6	179064	1433203	5760308befb6679b54c54f7e779be10da93a621eaac8dfe8f8f94557c133a3c8
EST	7	141840	1135407	c3c6dd21c5a63406c05fc228db6c0481fa441e705a03faeb6f5539e114e81f45
EST	8	252768	2022943	3f0667c30989fffdec369131aeeb3d82ac970c55dd2eec6a25a9fa5bfe48022c
EST	9	370104	2961679	13188d2c07096bccce3c28c8f645b9c712479519cfc002bf34c0e6725ec4d174
EST	10	42552	341077	7fc8082068f3e6888c90fd2266f006dcfdd225247e55632cd1ea27133b29edb0
JOB	1	233112	1865578	72cb516ffd1d335f2178fd0ff4d471f641fa89c7e494c4fca7aae0dad8a84493
JOB	2	148896	1191828	2eb06bb6f51c616420a1da0cb0da7903cd43109ab2bd4dd22dc82c6f65a7dc4d
JOB	3	168240	1346682	9f8678f0942c45a371312a93e2de17c7455988c3699320e541e04cd322fc7154
JOB	4	136032	1089010	866174377fd9f329fc83696264b59cae114e5f4aee4864f3e3eeaaac0ed2fb4a
JOB	5	168384	1347727	0779e9a7f1c8c80d779759ee731a747ef7758f46578e60caa07cb195c4f18f98
JOB	6	178392	1427975	8caa7756ef61b0e41a00cf96c5a8e9a1240cbe7c5c7b714d092e73f1f5e31dfd
JOB	7	153888	1231952	e4e419a78ca51489d58e92be20139eae57300268edd46d997b24f6d413d6a733
JOB	8	129360	1035720	2ee32e472a3eaf7f91fae00ce0a9c5b07d053e1127574523fef947ce43c90ba7
JOB	9	212856	1703619	d3751aca5e7ab0b8e9b9db50f223fe0f0dd2dffbe4aaaacc9590e70ad61a0e7a
JOB	10	148416	1188069	6675e4fcf62fe31f11295366671335fcc461d2e62eccda6abd12039cc866912e
JOB	11	127032	1016914	2259d9f20c92de1b39244fb7db48b84c475bd4108ee57980935997f6bf275ca8
JOB	12	163656	1309904	d90db05e9ba323ee2d965aece9ff3f62a6f676d2d85d8137ea294662f0efc798
JOB	13	172128	1377822	4a22ae8b28209be70006098cfd3af78956d8216cd52ab3bc90fc4546840141d0
JOB	14	156672	1254106	337aa72984c2dd3d64ee06444972a27ee316ba0bba4e9f64a1f20f744242a742
JOB	15	218520	1748970	106628b8f5be65e86c456e3352b419bbe170d9c6ff9a7c8772770b5baadc0d05
JOB	16	145632	1165708	e9ff68173692863f9b8444e09beced53d2508a403f38f88c4830b6f9fdbcb618
JOB	17	102504	820682	e57e0ae3f90fba14320aabb6f9a452038fb46611d4fa9f09359d6261395199ba
JOB	18	124057	993300	d335ba0f0f6d08937c23fbe88dbd06b71669dce7525f9a6039c3346765f698f3
JOB	19	176520	1412931	d503b7bf84bb409033d11b8b397c1ee3af33c6df1dd3326022b67d54d25883b8
JOB	20	182376	1459742	c82c712640e52b760f5006b5802407ef6abcb3043c89ed86dc35fe797157c458
JOB	21	205128	1641763	e14c19bf2488be17e3ea0232b1b9d3dda3b134a7ad42fe49eba51128addd662f
JOB	22	170137	1361940	7152a2240a27a39f089161e0e12e7b56476e521aadbe06c87b1d0d81a4b5d7b8
JOB	23	104928	840118	4b999f3daa565214d45dd779c60f4b8c1f0e879f53c8dabdfeea692590cd9bca
JOB	24	177624	1421708	e4824a4deca5e1f64bc7e8d5465629b502843645e5da248edbef5dd117adeddf
JOB	25	37584	301368	1baecef2e677a07ef43bc5e53b02d3f7f4282d5378aaba19245705a976672974
JOB	26	88176	706162	b144f5016729c3458311892fdb5562723bef83345bd850bf1d88e1dce177f33d
JOB	27	145320	1163409	9f662bc7f133ca111b86e2e5293525c3dc554ad57e4beccd48b6c905d46ab1da
JOB	28	167616	1341669	2d05591be0ab2a8535a35ef2276f3b0a22bc2da9956277497adb82d5cf64cc0e
JOB	29	150984	1208549	8c9886de66fdb8e87d4b96a1c647f6fc57db141fe9e9f3f97a11587f9a08904f
JOB	30	195288	1562978	c45f8e1d13f2a72d654537b776e88cf06fc3c42f851e590415371ad2cbfd7d12
JOB	31	251616	2013747	aa39e54b6a57c43a972f8679763c09a3c0e0b3a4898670f24b4e18c4cd1bbb53
JOB	32	147120	1177620	2bb450556ca457c4817a8c2d3d3edbd03f9a8e25139eb9b622312f1cbd984f3e
JOB	33	204120	1633613	7540847ef4a259afa90c5d54e2de308ced89be44bdfac5fcf801c02d60bef0a0
JOB	34	234216	1874566	bcd4575120ebbdfd3c08527169a519ed0e4a724400583835eebfc7174505cac6
JOB	35	101568	813368	406dcdff26c7a23a0788466b9c196e6ec84f35fd4f60dfafff30808000c261e5
JOB	36	199128	1593698	90d8cd97448b5cd92fe8eb11bd7411871b8a7c9cbff982a792b5d7e4e100a26b
JOB	37	158832	1271451	57ab9b620fd64532f741a01420d85fb248b4d792fc7a9116c31964e45f542edc
JOB	38	232296	1859102	0a74015a649a6574d07ddae9a099c887b44a927224ea48bda97a31bd7955cfa9
JOB	39	180048	1441143	a7b1d0fe27ff59f6c21a3f0a79e30098ab190c72d969854de4122c3e504bf106
JOB	40	140232	1122658	36e858c8f019019e93c049bbcc921ab3b8c17ca05dc1eb50a380ffa1940ea1ec
JOB	41	190296	1523063	a284a33f33dd9a6f06afcd87633ec76b66f4379b144d4fe60e9019422f28533d
JOB	42	164040	1313038	92e91315ae127a63eacc00c04fa2650d90cd11b0ea23240cffab893c32ec7719
PSA	1	53592	429474	f0f91aa867786b337c79c4b6909aa8056d754109269d074f3ca87719539abd3a
PSA	2	85104	681503	bf91645821d51e7fed07715d9b7e160185322217f869410224b11cb053ad9c09
PSA	3	60192	482345	17b825e757dd86229e4717d6a0812614334083a112bc5fb1f8129715df4c5266
PSA	4	72552	581193	cf02e8a62528adba5c6eb09233db97eb6eae69a7a1f7bdb57749a8ff2af14c57
PSA	5	121224	970522	0626481c9f2ca835bf1c2eb2e968a5a1893b082dfb99a69acabcb67999b60d09
PSA	6	81120	649738	6a50ddfb2a1d096e48c3db796eec3feed4a763526a9f7f31e72448a0e4c1c1c2
PSA	7	138312	1107194	ad26a06c1d26102d8c5818309b7b6fda8314d9ecf77e8127f7fad097be7b6e97
PSA	8	76416	612122	ebb3f560c4c6ead69b7a863dbe1a45a50af0e2cd1941519d91fb6327e5f377f8
PSA	9	154488	1236553	e6fc0f5db019dbec78c7c1c3f1366d380f4ff9dd42dc6580773e06b3d0b88567
PSA	10	152640	1221926	3ce5b1e252f92e404a31918c2ef7fe6b1d985ffc5becd0360da111bf77495112
PSA	11	66192	530204	3e550f75e003930bfbdd91bc1277593f308e5ec71ebc4f7267a54bfb5d6c6084
PSA	12	71208	570328	7ec301e30ab356b55cd89961d685a1d29745603b2441e47ee38cd3d9d0c7d7cb
PSA	13	54672	438044	cb5eb1b86c3b44d4b87211d5474892d1751d2b090d0bf3df0dd5707f46a8a7b1
PSA	14	71592	573463	98224a544cbb683eda929ee0887750c52b25c22f1b9a08c8b92f4874cf0e4ac6
PSA	15	49200	394367	d4efc6e1816db1c3e6276cd21eefd3231be442eb16075366fbf03b69e6ed1b3c
PSA	16	93408	747961	ecda294dda74330351c61d0343f764f20aa083e333b876a48fdf3022a7663e29
PSA	17	130824	1047428	d56aff9619b16e41e00440e90f93b7b85a46463495af91042012473340731856
PSA	18	373344	2987595	e3634cf13b9afcb80a61edf1d165009b12593a94542f7f7869f20564a88fbd8a
PSA	19	127080	1017335	c29ddb68eb511cd41d91a3ee7a441f747b71c282456d2efb53750d2dc5ea62a6
PSA	20	73440	588300	eed552dc87eee1900a964e3fc8aef65217d50c703b427ef8d734cf859667366d
PSA	21	102264	818805	eaf8a582454dd1e33122a7376c9fb683d33483b89297ad5bb23fb73a11546050
PSA	22	248256	1986792	d2e2479054def2adf760798342691c043d1750ee8dbad3c50c2d87538da8182c
PSA	23	56064	449329	c2de4b961a45f35d47ac563a605a4517425a6ea116efa0a6a441b2767d0602f3
PSA	24	77520	620901	57cbf24e9f3573b0d7af5138dd4600d2f0f06faf791e1f7cf14da9b2f04b68b9
PSA	25	156024	1248885	c4d421851431ed4ac058ca14f394b915d7a21c8b9ef7e6c41bb01107f342ed85
PSA	26	83496	668757	8ce6018ef9555cd4ed04cd6c4151f56e71ae2ae88f4a93e13bdc92826c8cb9c5
PSA	27	142152	1137916	e003bfb37248b644ebd60409a5d894e0ccd183d2391e4107a24071f41e9676ec
PSA	28	95544	765097	27a039c3acebe438d4c2fab11f3d7bf784125fddce9724b6c38a3f99c1733b08
PSA	29	82368	659771	0d6a56b0aaca32a4510df9a071058d532344db6c77999cb80c28c7cb13abe917
PSA	30	103128	825701	5bda0418aa2e9930a6ae3f11e9e62ae893dc4995f5b586f2c99bb2ab751651cd
PSA	31	221352	1771543	022d4861338750daca8b8bf889e2948659498c9ee4272930f42528d3cdc1ebd6
PSA	32	106176	850152	0236e55689a294e3d7a196ea65ca0093bd725a3992c925e374cb2528e65cbe7f
PSA	33	141744	1134782	9a9838f635ba3102720b336beff4b4c0850fbaf048bb4dad8814ca3ba3761734
PSA	34	154608	1237600	fbc493c8f531c1e1dc143806512c42873efbb4ddeb8ee7933fe02afffd5f44ab
PSA	35	230640	1845939	0424899c13e509df59fd1cd65556d7085fbfe4e5747a08061c6107a445816032
PSA	36	104688	838240	60c6903111187823fb2eb5740319298b4d6ea8b9544eca75a4f5b49801014548
PSA	37	288312	2307157	0c85c900cac370f44e2d569d8cce1b7f26572838807941df5d25e1246342e285
PSA	38	156384	1251810	74014ee512b98a7016d75aac09f408be16684b3d18361c1b3b0ad38290394e1b
PSA	39	128328	1027366	10a83d307b9f093b93887cca61e80430a07a7b2b674b70293fffe4b40d597e13
PSA	40	179736	1438638	9d32661ef16241fe85122e6c99baa87b66a923300b3178e4c6ad7dd35ad649ce
PSA	41	104976	840538	91fca2f1a1c1189c3985b1fb870f80c60e1b35a382a8977b709fe9612f0b399d
PSA	42	122712	982436	248c318f5bef94b02ffd69afafd68b4105a8f9d0aae04de9cacbc8b916603eaf
PSA	43	58632	469809	bfe68df55dbe0659ca6cb1ec4e468b4cdd5910f65addc4b58a8ff76d0a07581f
PSA	44	187224	1498615	675fdff717313a664e8082a3f0e724a2dcabb2397f948722468eb147a073d4e9
PSA	45	152160	1217956	51e9a07e1bb46c104b4b6d9ec09ad55728ce53fa196cb91e1eab17c31caa573d
PSA	46	92856	743572	4d0f22b6bc16473bdeb524d0707221bd56e04f19f155fb8d5efb3b23791af8b3
PSA	47	69552	557162	df3a69f50825de9c8e169bd4b2a64d5f28ab0189928870a963edb861cd4c43f9
PSA	48	104904	839912	3070ff2a656a9b2e6593b3c2ed353157823ce99fefe947c2ed00b6ed0df06695
PSA	49	144744	1158605	416b8142eb6c8d7575281ab27edf67e2b6c2d08e25339a9f17266f8d7b0ff96f
PSA	50	170832	1367376	f1c9e0a2360b2424ceb15b0248fd166241131e0bde3beea669eb961406040347
PSA	51	160872	1287755	1318ecc4b42a31a9f622a440eda4e53f969dd28c58357c6a83ef0114d88e29d6
PSA	52	91512	732914	d44df4d6bd503b27bbc357c89d4c0469a00d1e5eeffb27b02dacab0c2ecc87d6
PSA	53	76752	614841	518cf329612319c3f504ac96cae123ee0ba381daaa9554092c3047d30f884623
PSA	54	63336	507425	6ba94f44d54f00c27ae5550504072898dee78c3985cc08c3def18b7070560d68
PSA	55	186216	1490465	ed35bbf239e11f9c0d5977ccb3acdcb3fc4097df62f5052e7c56dcf596a5795d
PSA	56	110952	888395	d54cf7ee5ac15d569b17b7ea00aa20695d56827f00ad28437b3623627d37a774
PSA	57	112560	901143	40fa8dd929762a558f02e74bb4d4e614992c6729f69beed99fc41f6f998c6e58
PSA	58	94416	756111	623289188b829eda1a63d1a4e9dc7e84bae372507154849c3ea762925bcd1876
PSA	59	161472	1292561	3ef7f044c747e160073e85d585d2ca3e944849d8d6f1442bc4e1a0c10edcb462
PSA	60	108408	867915	c1f81e2bc194a8c7caa5dee2845d4912f1e41a47fedb77c653c217a22bc8c6ff
PSA	61	69024	552983	4d9513987d22d523357ce6778b80449a9a64d6203338cee270383fa671ae5040
PSA	62	116136	929773	ccfa99b712c371a9a2ddbedb0e47748c298367a1afc95dc18a4c870443c9e849
PSA	63	91800	735213	10efe55b2130bb88bcddad08655ad65050269ba1be828c970ed71854e84fdc9b
PSA	64	85920	688192	3acaa0b7e4e778c0abf3802b4cba0ac638df757dbfc191696253aaabade04e34
PSA	65	117288	938968	f8ab8b4b21660f2023d698a07b2fb35db045a1b9f1f83f27cf15ff7050a686dd
PSA	66	145248	1162785	c7c8391a0f77f8bcc4d7eea6fadac4c9b9d9a8cf81c2c35048765e4393e2acd0
PSA	67	56424	452045	22896f1ebfd2a6cfd17e576abc388f31385d6ab72bfa1457f1f4c27dbb4843c8
PSA	68	289248	2314681	4a4d819f615ff726750efb5b9126a65b4b98f9b1dd37d715d6221104f24ba83b
PSA	69	280320	2243209	fc7b4e8f0e77961003735505a3a9d53c17098b40609dcacf3b8042bc5b55e844
PSA	70	53736	430729	81fff6e237f4a5a01c17d2ec2726a6deb973423b96af98ed8e57548601affb54
PSA	71	198384	1587849	5ea0fa5d71968b61f377e9264dfcefcf97e41fa5ef704302cbfd8c3e9cc0909c
PSA	72	169536	1357136	3dc8d9eb1a5d55e999e5ae83a2526ed21d6dc8f06fe1f67e1898ad53f20582e6
PSA	73	178944	1432369	1127c8a38c37af4b30549e684594990fe16f1af4c7e90e857c95bc207107345c
PSA	74	177552	1421084	5f3e3a4fb934ba381a6b9ffa78ee157d9563e57d7ed0bff12c840431712e82c6
PSA	75	86184	690282	89dc0b8cc598369910fcc14940e713bd5be09b9ea085cb7d45e1e9b1eb3d050e
PSA	76	88152	705956	bd8a92900238a202cf9b92f79ef2432b71b1e133bc2292e04e644594fd69e577
PSA	77	144864	1159650	238cf5367f0dd0654dc781abc092bd8517c68e44263d6bd721ece5b83da02729
PSA	78	483384	3867817	c26a7dfed3dc9b9d1c5d1ef86c7375c83c3e798b84e5199f04b66219e1a9592f
PSA	79	121728	974494	6c28a8ba809b250a1c0363de62709f6fbe8cf799e9100da1a4458cbda66eabd4
PSA	80	143904	1151918	7dadeb0e1d57e8a9d1a04a82b7c872bab28733b0601802e16fd75bc57768ba43
PSA	81	121440	972196	0341a4c90bd711e50db6889ffeda384b1a0af15cac5cd6802e013d44e94a5f3b
PSA	82	62184	498230	398cf252863c1f6a26604e288703d28bcec0dc4a6131fae5d13012e2a14bada5
PSA	83	122568	981391	6463c29302274e8efd79ffc71b930af9f65fd87341bc9dc2441d4eca02c82165
PSA	84	110040	881081	853dd6335faf0365b786d0e494bdecdc8ea91101fdb34bd58c24d8ff57804b04
PSA	85	96696	774292	a6c1a93c594d9acb8d1217f47bcc48d5e2a5b106c1a2022e3344b7046c3af898
PSA	86	136944	1096329	c03ee8b3f81e8ae8de5149688a2ef26e93ef7ccdd6bc8d8f8737c6d79e99470e
PSA	87	56232	450583	fe71d67a2432c1c061c748156bd0024db80d515e732bdc3b4862ba5cc39f319b
PSA	88	137904	1104062	db962f555d9d0b2a2ec39e931e3950fb869996eb215e4cd3ae4b4c9eafe24a8e
PSA	89	370056	2961263	808204622204aad5a175d19b618c0567d7a128a3f39ad78298cafd1c7510a034
PSA	90	127008	1016917	b8f8c3d9e4c341ec8e56a9d61fa9f2f9f77808cb1cc44904da7ce32fabed7d1a
PSA	91	114528	917025	f7e07a36ed4c87273a7721d2de16928193b03abd04334c6c2ba247f435e579cf
PSA	92	105456	844300	5b3acb03acb89579844d5747691664a9668d2980b1a6490c676a5d3a5bfb91bb
PSA	93	50424	404189	e9306956f5ee2b7177879addadbb78060cc05e19263b63f7aafe429f52a7f1c6
PSA	94	149280	1194968	4ffd20b41abffb847105f4b52e46043e2403faab1189cdf627302c4e38c98415
PSA	95	85344	683595	2ca76f816a0bada9bacdcb009a1a7889bf4eba7e4b588c65b611d5ca4f87a632
PSA	96	107208	858511	84e0d89c6a0da722d64a329f62e1abb214dcd2d16b3d9b4801d33615dc2c3907
PSA	97	91128	729779	a6cc7b7e16cf107a1751de1cfe8448c37e2617f54585ad592572da24c0cb4fcf
PSA	98	76752	614841	217b6f9d734aa9639d7ec4281e5019d0791db0dd4dd995f369ad16323105bf98
PSA	99	79224	634485	f348147d4f95ca499b76c8cf4c6f92d22d006bcc562f9bf0ba896e64496b37c1
PSA	100	46920	376188	ba2703c54eeace9a3065e59e2fb956ffa7e88f1426aa176b88ee9c216c13bcd8
PSA	101	79824	639293	21c793f41d9deb4fd748ab49158ab56322fc73d72032a81747eafded1681ab13
PSA	102	190488	1524740	388e15fb0f82954f9dd1f8b26972e560c88030ecf055a3c7095e0d547a10b2c9
PSA	103	153048	1225063	1dd85e775c20439cf930a2a4ce639b3a1d2693551a5cce3b6e0b4ccb026bd791
PSA	104	243288	1947087	f0aa6a1f0bae96c9cc8c94dc3bdfab21601c941839947cc64c838796616bbd5d
PSA	105	262224	2098598	cfbd450d2c3d664ea617545e5964b97ec5c7a05ca47c52648fb9438a27ab4616
PSA	106	309576	2477269	7c337fef6e99f8d3c4898d8349074b28ce67e87519d8bc03029c138ccd288788
PSA	107	264912	2120123	a9b35100c298e3bdbcc7af214d1d4c2ff8c765b1c93f0ef94b48d2ebd3963140
PSA	108	103368	827793	b2226f6f2c98644e7e94316ed1fb8596180660aa2322e586d29842260e134f73
PSA	109	230088	1841553	87fa0198100cded9c31abf8c9d0d14576e10def28e255c20c924e900a9949b92
PSA	110	63768	510980	bf71a54440e7b2e473070a347db96a7d02364d11113b283876cfa6670cac076a
PSA	111	82296	659146	bf3e5aecb169e31029a509648b3c8277e70e2c25474c55adb62d99569309e8c9
PSA	112	83472	668550	d91c545e2452b96c3e83a973968917650d32672f426320df3c57e335408f1584
PSA	113	60024	480887	a1f11289078e1670e981274ab87c87bee5099e924f3e62beb72d8cc5c40019c9
PSA	114	50136	401892	33bf82545caafd14f28059c6256b72298d558e1fc4ff5dcab61f1aa2e5e3c9f2
PSA	115	119328	955479	e67bf1fe0db6af7c31dcbae13fd904fe2ac3e37f1eb8158f753d2f6365f6a1af
PSA	116	124776	998947	0f8f79d7ff6aa785801899f6803a3f52cfae38345b0503ad26432e1ec8c2cd0a
PSA	117	20784	166999	cd7a569f0b97c307f923e0bcc34c5de68adaa5507b4911a062515a8e3313fd53
PSA	118	203688	1630274	cb1558b885f02ad258f0c250bc663e6fb3bfe893798c25d5bbf55376594372e8
PSA	119	1041576	8333295	802e1e3fcc44d9a634ebd7b9fce3a894e917e0dfb74da756fd54196de15da654
PSA	120	47208	378487	a156610e21520afc96ad3bbc92acb5df2abec32480abc6a1e9de3a0df178476c
PSA	121	52152	417984	d2007bd1dcf713ac43b22cc91b107e0520d059ae11a676a30855910a854858b0
PSA	122	59665	478170	49d94c320bdf368d44fda699d56e0c7e0aa1f6c6dd9be5cab6d33aad57fe55cf
PSA	123	40704	326451	64b42e57fbea8167a133282d3b1ff4694f4d1fceda04a80cb63e60814f144b54
PSA	124	52416	420074	ca37b814b81b3a8fa307b804c54c78c152be8b226b1675c5fdc48305575b0fe3
PSA	125	48504	388727	35c5af5ba2f08b7b4e1349f46fdf78e62b2b123858b3d9439101facad1db5413
PSA	126	49848	399594	b8278df522bb230068b326cc0e08f9140136cc61d2655739a482fbc1ae3d3ed5
PSA	127	52224	418611	2ba1fe6b4ff0ba593acc3352159db88822981ed9dad8348e9935c6f6cbae1ac6
PSA	128	48936	392279	17ae8ba0407948cb25d2e7ad4bf4099b265020a10b5f8b11d814b58196aed179
PSA	129	56280	451003	0afdf28bc23676ab81e4281cf4165590630972a1c67203518173aecd50d50254
PSA	130	60888	487783	5588e36ef7f5d87bccbef9ab970b143edcd03278cd4828f3aad8457760d08483
PSA	131	39384	315793	bb856c2ade571ff5a81a4da9b95d9fec209ca2aa83f337908ab3d0eaafd8fa0e
PSA	132	123144	985990	b40d894968d56eb2cc0b517bae7130ec099ed46009142cfb79715ab8d581d38a
PSA	133	34608	277549	03592d19fc860a96f0fd3978ade85dfc2d8fccded4e429808cdb2348a232856f
PSA	134	26256	210885	fc8a6ad91533a7d6a64b4473b0040670faf21edea727975027dbdab94eab02a8
PSA	135	148224	1186611	37f32f025992ca829fe0e4df4a8e8571434d5f12da978be885e9e54a61a13d80
PSA	136	184464	1476465	c07a3cabda3eda0fcd2b5e614cdd11372335d709dae2d6015b325697566558da
PSA	137	71232	570539	b82c423a98130a38e14e9b664f7a5a22983757a0c2d6fc9dca55504c439efe28
PSA	138	79320	635323	d59e69491afae68b2741559e9b723502f92c1ab2c7881c1d0e99e02ed4ea1018
PSA	139	181896	1455985	4310a7426c23e44adfa6592468586e859c818e4a62107a0b2101909d9d047afb
PSA	140	105576	845347	7d05ba019f6c52e185e6e2c7ab7149a656e88cd921c15bdf0ed568dee5a24b36
PSA	141	95904	768025	c605ab25adea4113af2cc182f9f12593cfc876b68942c412d573bcff9b9284ef
PSA	142	51696	414222	696c1e8ea3a7526a6d5df5120a597d32c525a7d368079577c1419e5797e1d4a9
PSA	143	114504	916818	b8ac4e0d63617cff22ad7a62168c60feb233ba6ad16c027784ea8f1debc33ba3
PSA	144	132625	1061850	c85dd723feae5d702b069ab222cf78f56011e55072b2187cdac8a59583e835a5
PSA	145	156528	1253066	5509099c9bab878d1314a172b8da3138053fda6d2051260de3d3298f717294a0
PSA	146	82008	656847	18004b5c72e980b0facb9920c3c8583d2345958db91c8641f45c1b69726678bb
PSA	147	139008	1112841	7428147465e61301aa0236152369c1e14ed0aa3f43b98c652741c981e1d2789d
PSA	148	103368	827793	f3577a5ee76b00920a4788a7152f6e2bba500b219e28a5ef2ac030f75743c756
PSA	149	68233	546715	9c2ec490753d24ca7a2d7b2a0806bce8028438b8132a1c03e65cd67368a44ed1
PSA	150	42360	339616	161fc9b88e254a967f26681c723e379d4c43413e32516c3d98584d40ffa59bea
PRO	1	223560	1789306	98d56cd4c01d0c9a5514f6a72c91faf2cd1e633b86bef7b91372c1642b68dde4
PRO	2	133128	1065818	3204dbf8b1f9c16823d837d70a431116ef5422122737bdaf58d74c2b0818b61c
PRO	3	229848	1839461	d84f87295110c13d97f676172ea2c094f404e57417ad9f7955c130326f4d7c4b
PRO	4	181704	1454312	8b0ac9fba91af4e8e50875ed53bfa0a0e537859d7fbf5d4c29bab21cde8202eb
PRO	5	155424	1244078	5a60e2c045fea4cf3f694a6d15477b5ccabbcfb343e1bebfb744fdb86cbcfca6
PRO	6	233400	1867882	17467b2a99ebf71dadfcbdeef28e0a7a3d92bec60fc9c77029f8399357185e26
PRO	7	165816	1327252	5b3b78c129dd61de8bae7c19d1e5d5b960c20a3fe18e6233ae9e0fbf6f6231df
PRO	8	243264	1946876	8c130bc6205741ca8e795347beca1c91ba61e07cd6ea07e801a3372756e48699
PRO	9	123144	985988	e07ae04d93743f60cfcf57b5d68f64d261f546961d535ef0a2ac7616ea0ebe20
PRO	10	256584	2053458	868eb71ff5547d5595039f182e7a466d7abe1b78c09453e1b0dec16fdb218ad9
PRO	11	243264	1946878	b6b8bc3be1ef6b764e53c8407a5b3776472b226e4d7290c8eccc7b2928693848
PRO	12	225360	1803727	bc3ca95b832fd6c4d993965286a6addfdc418039295d876837d1a67a92e7bccc
PRO	13	202272	1618989	09d0b0766264b3ac7428b55fbd087350c72026731419d3924e14d6cb4e51ae6a
PRO	14	274296	2195146	9de9efe77415cfbd3140bb99cdec50bf2725b39e8ead07ffde59f8737dff0dd9
PRO	15	258504	2068714	84b0105b4a9b5c01468ed7bd07a711082542779f1b278a5167f6e9bfbf920e14
PRO	16	265872	2127646	73b5f4966ef5b356a226e697f015d6f4abe483aa433f42acd9a1072303f324d4
PRO	17	226896	1815848	569b3bd51e3ff9780f2f37f3b3c92882f3c8722d79d0a4a364d61959780b0cc3
PRO	18	192768	1542921	5ba3e73228bde521a8590f350cf74c692755e3f1a68852c4a181fb9d84e329e9
PRO	19	243097	1945625	82eb13ad89f666b933499fca846c10499fa45f00b5c1f87d6dbcf893f7c4d822
PRO	20	237840	1903411	7a58a395e320af9e6772c73a35a3d1ab1d924539d9c388781c226b8a2e52ca88
PRO	21	241560	1933295	fccb33ba0cfe5e499c6b2c9db1e165a01cf2ec6620eece94880541c2e4cd80a9
PRO	22	220272	1762976	f7e0127313edd86641a9ea11a23938194b360cd199723bd19d5f2cb317808720
PRO	23	243408	1947923	8d5c140fce474f3249547a053bf2accacac48b68780cd22380972bd972d6f34e
PRO	24	254160	2034023	276249ff6be67eb7f97eab1fc98436718f1b4ff4fc0e95cc627c99c2698dcbc3
PRO	25	222624	1781785	124bfee2e7a6629cd3a0f9c3d8eac20643d8065cac8d65a9a3cc6ac10b5884c0
PRO	26	202056	1617109	409fae5c9c2e9a745394bdbfe5753ee8c5da76c8d6ea109d6cd2efe34f1dcec7
PRO	27	217896	1743959	74f9566b47b7e731f981fda986f7131c51ff76e90c47a34204825f56f17baf9b
PRO	28	247296	1979061	67431c1035798d2eb5af96ae2676213d3e6976d2b88932919d2248a93014f39f
PRO	29	223056	1785128	6a14d4e7cca5daaec54200d9fc2bdfcae29f1dbbc341f51166ce8e2484eccb6c
PRO	30	286800	2295247	8b27ff7b9d197136a8efc52c99c1e844c22570cfc4356701d8b187376bb27dc7
PRO	31	209928	1680220	25c47211f3a8e5800d929af55b265896aec0f3e252a6987625e30c1663606f78
ECC	1	169248	1354841	3a2839c0c019468a1559a328a3d58867317c4a01014cde3321af12fe27d3f1c4
ECC	2	287113	2297757	ef98ad40176755cfa1b3ed44bfafa6187fda32a119195dec60aca2e16dea45ac
ECC	3	211536	1692970	20ef353bc98d0575213a75a10a65b2e1dc75a62f2278915e8452cfc74b834b55
ECC	4	160104	1281489	fbd1405af0d45082745e6c8e8a4190dead3f95c0f707defc51e78cf4cb858779
ECC	5	222096	1777607	a221ba742aaebb281736d4d950768a04b6e630cbe111c80b5ef25b6a083e2ae2
ECC	6	134808	1079197	75ff2b68b30f0a7c3ca20a56f9723ca3208512e9c039feb1021ae0cbcf732f83
ECC	7	263376	2107795	c11554b007e4368a38ae34f674693a4f22e59cf0862f2e2a7ee014708fc1e043
ECC	8	202920	1624216	a1e4f432400554c0ab99779b051badcf9e7d6a14ddaf5131ea0650e3b8692cdf
ECC	9	223032	1784921	f4061dd971f8c3fe80065341384f07a6095c1c5d27dccc7f663dfabe10d0988d
ECC	10	171864	1375741	1e598eff9df7303dd7199a8c435516dc36d2c49265b67fd79a1fb570c8fce592
ECC	11	116520	932913	13e8443e84d50896e2a2946e4a76b788f9b297b4640743189ba1e83f09cf3c89
ECC	12	154752	1238860	93b8a00c4c4909533df76ac39593022858ccef840f069d82d998b9d00e45be54
SNG	1	172728	1382628	702d3fddded18f91d23321f360e2f27861ae5205ee351e7875bbe65392b57c7f
SNG	2	172416	1380120	a9538ed9c03fcffee0e8f95fe0bb149b7aab90893f390c41e6470a34797dbe6f
SNG	3	115608	925589	d473f64d589dbcb50b1987a391f196ac7913fc5ce79a50a8a3322eac0b67a1d0
SNG	4	178848	1431529	518b0924be654a8b2ce7ed8123aec6ead0ab35e80fca71323b91576a8f18b6e8
SNG	5	186456	1492342	b5175a114f40b45c06ef2f928ead4a743962b623b8a13e6bc02d5de6074526ba
SNG	6	142008	1136868	2bdc65ec5265db547092bf365f31885909718301130302765e0cd312c1764f59
SNG	7	126552	1013152	e534cb1320d95ac0e96d284c12956fdbf29327bf5fefef92310d19a36c6728cf
SNG	8	170496	1364655	bd29b527dad2c0ed8354fe334c848c77aa5340ef591f0c5e5404d7092842c3ee
ISA	1	345888	2767955	ee84d1c04369eb33e71e6e9aa8482d41c6af4d8742c4d2238d85cc3b0d9bd118
ISA	2	222912	1784079	3b5cf028bb9ac1162930577598b716935d43b8d62ea86b869743b6ebac173826
ISA	3	223897	1792021	da4aa6ff6364d84c1fe71912601c4ea6505f85f4d153d7ebe6b42340cd37fdd6
ISA	4	75264	602927	c0e0ae6785d77c47606b65edde12ac279ad6b3ed7a3cc26e17acd654b5c12f29
ISA	5	347256	2778822	c76ce2a441b6b0c54c5a7e9f98def65c22a5ed64531238975f83b570bc703c13
ISA	6	160848	1287544	0d5b38353eb4a3d9fd62aff5877e91e8445c0e536e01679b4495436e4a02b72c
ISA	7	263088	2105490	59ba0ea3ed63bea59466f17787fdf9732eca36e1ad7774cc518942468f2ca7da
ISA	8	230064	1841340	d614842eb1b2e1aa00a06db49891b015048b604a5471d96bcc6233894a20ae62
ISA	9	257304	2059096	c6cd3e1c41aa22e0ee98578a657f1ed0f755ca9770161741cc2169f147a2412c
ISA	10	362472	2900450	00437e282eba866aad297cfe182adf9002f1cf4bccc60bfb1683017817d8f15b
ISA	11	201456	1612300	f57ca4e280332ed4872b48698e715dde5154b6a3ce44b5d992231e57d9675afd
ISA	12	65304	523098	8c7bb6ba10d5d690cd700988ffcd3ab2223c9fa7f850f8350306257ff4da11bd
ISA	13	233952	1872271	308879d475c14394e625e5ab1c0061899fdd1eff4dc3c6b24626e589c41fbf20
ISA	14	348720	2790527	6c6861e092ee7a4cfcbc5d58f637f38c6453288b16f73d29d4259f541bc91456
ISA	15	108264	866870	a41a0b8c5c5e3fae0fba91b2328d64c5d250d1ed2162babd5bacfcc3226e17e7
ISA	16	170448	1364241	8d09c318bbd63154aa80e55abe6d47b4b0048e7aa1a0f59297db59372d38b64f
ISA	17	165408	1324117	b52d66f22773300ba766c00fb22ff774d8817ea3d126982817cc8715f4a7538a
ISA	18	102600	821521	da259e3b67d13c8f6ccfa100cbf4602e97b95fbef9e1dd3752794be8b42882fb
ISA	19	285888	2287931	62fdf0d76484d931ad44bb0e2a6492d7cee4825ff8bedea0c922c63216e982ff
ISA	20	78456	628424	df4d44b685c6a9aabb1761b732498524dcd98151893c4fe32cd1a5e035668a80
ISA	21	182832	1463507	8d440c66564551f8fb24fe622770d953fdf269ccbd61f39ff8ea4cec9509bfd9
ISA	22	258288	2067040	ab0b952f79e4b259cf2b8292a7da8c1149fd3b7b0a6aa42db8729f9d71ab1fbe
ISA	23	201672	1614181	afed3670bd815ba97f7f1ff341849cafe6e18eef2246d3488e4d3d82c12880d4
ISA	24	226368	1811667	1440c1845892000d6bdf6cec3d366bf5c3e1910f628f4340d0d91dae88a9fbf7
ISA	25	150696	1206253	8d0f71b7b1c63a4393d53ee5d412644fb3ca4989570983fe0c9157eb0a7c9a39
ISA	26	222120	1777812	8c4b249002a4fec0956d098c093b6d7f01bb8d60b81db58e510446606e2db743
ISA	27	157992	1264767	d8e2c669ebac686de3ba8810ffcb75ce469bf0d0e6dc6ed91ca299d20309f7ef
ISA	28	330816	2647376	be970ff0e9274d1e44755183efbc270bbdfce316e872aa2f4427f564aa4c7ff2
ISA	29	275856	2207683	6e1a0aea9024c1c8bc17c0aeb1b28c2cf09782d802eadb15f48d4d058b16ae8a
ISA	30	391968	3136597	44a8abc5e7cd82d4620135211768a8e8dd2be29dee30f0541ce285db2601d772
ISA	31	130920	1048055	51810764b47109e11db50b9d4e0681cfef22b6fa86e82eb4362f27e6616f35d8
ISA	32	183120	1465805	8d3c2b3b66686f0a3acd646d9ee2f4810d35f40015825dc94240e48b55b83513
ISA	33	261048	2089192	6860cc8984f183274fd75d14a04250e778161cf259e6240615c2e8a6fd05115b
ISA	34	209688	1678338	a1e38c36d2066b17c2b905e3a18b887f990f0294873865c09bdcac350184f0cd
ISA	35	110784	886932	29b72a48c02fbb48efb6de519b0cf71592672915578e556085062c3e2d1de2b3
ISA	36	262344	2099432	2f64bccea9e40d57b8f99a74151361ec0e57a8e12f92f0df5c9346d49d6cb298
ISA	37	435384	3483921	def6fb8a00eaf7d4766eaee449382d3facd7659b42cae6e91d37a5045d5d0e83
ISA	38	237840	1903409	213f38ed531f780459371075d44cdf9aa4686fad50b43a12a5d3fb4d0e034c3c
ISA	39	111240	890694	a7403a40b9a43d146121db0054327e540e39861d32a5ec22aa51188328040e8e
ISA	40	324240	2594713	8552194457d464d5bac72699f5d7f366209e1a23e0596e4072933f96c537e44f
ISA	41	323640	2589907	c475086926f321a1567d102f773939744a1f861721fe0702d2bef1050a40c55e
ISA	42	283200	2266406	57056e671a02b5d012d20f19803f7cbf49e236174045cff40da8ad1b14718944
ISA	43	288048	2305067	584d7a8dc028fb0f9ef37319ccb2b457c9d77e418c0fee1a125087b90e43d58a
ISA	44	357600	2861580	c16d1517ace1ca93de57f199aeea3d6464c3ab6925cc93ebdee9116644f6f294
ISA	45	313512	2508823	85adf817e3754523484433da02207ce94b3848d25344cd1820f7952ad6f4d31b
ISA	46	150096	1201446	2e387f89937b6166f7c80ef7e99fc01d3868af1bb59d117b83dc662eb0c37df1
ISA	47	185760	1486912	2302cd48d8069b7344037f1ae8cc23b344593cba1e80b767de2669520f769b62
ISA	48	258168	2065995	643372b62e83c4427e183f2a0245111d170534d8c57159c390f4146e81f20fe7
ISA	49	334872	2679768	5c168a5d35da4c9bd66d8c375167c10a168b69c8615552771532828a716a1fd2
ISA	50	158592	1269574	fc0d91d1d99a38d2bd2410cfda76fdd93c43dcc73ca7b280fa6d58fcdcaac84c
ISA	51	313368	2507778	4cbe31cac9249884c7032dffd8a67c847a50901ca15a811e84a10b3c81fc1aad
ISA	52	184872	1479807	d08a8c3b807d74a7803eee97c7210597026dd877093a24a19778d052832560aa
ISA	53	178080	1425472	47ed6fb04e002d125cc46bd27280014f697a7fb0bce3bc76f6a794a0a2dab96e
ISA	54	212976	1704460	9250da8edea427b868fd16b50854c673e0b602a862bef9181d6e4d5e633fd616
ISA	55	157080	1257453	82d5b5a0a6970c4b825a910e0c2d8ebc5792dd9d66eb3ca7211af504cbd53bd5
ISA	56	149472	1196431	827a7b3a4be0bf73394dfa998608d65edb1e1e7f211eff4d1a86c9063ec3d35a
ISA	57	238320	1907379	ba5c9fbe3447f79d6e270b7013fc6d362c84fa45edf115a5eb9820986ab1fa7e
ISA	58	203136	1625884	aa1523ea9a6e47bd3cb42d87c345769273c5b7e45f2827e5c3d31d46f43c5d1b
ISA	59	252384	2019810	d9cc01331caee25bcbf51f7884388e25bb3817a4a62045621d8c718c9446e48d
ISA	60	263256	2106746	dfcb4702e23957c3e5372fbbe9e203662472c84ece17f64f1e7d9b9acce664c1
ISA	61	160056	1281276	9d599f375722db25952b672672e819b3171e477659808276ad1ce0ad9882c8d9
ISA	62	149640	1197894	6c01354ded0583b3335dae78252f4ed5b74de09a18032612ebe8db60ac642d4c
ISA	63	222408	1780111	76c525710fdb2e4f4eee1d1cde9dae373b5d2b4fecd622781830125c005381f1
ISA	64	134928	1080238	02ace475f9976f9c72366671762204585160b03c8a94889104eb983b0796ded8
ISA	65	319632	2557724	c1bb8aeca92bd2be02e230492f748d9407a8e083d495156f06871dcba0f34bb5
ISA	66	334872	2679768	68c7caa65c8d8fbb8b40805c253c08f930735da4ef00346693ccb165b423a48a
JER	1	208776	1671023	27c4f14a2e9fb97618fe59b9722756451b659c68e8914b535bc3758363e77533
JER	2	446352	3571484	67614320f2d1fe3bd8a4fa7bd69a8daf700c489a9bb3fd0c7d7d727af29c7bbb
JER	3	330216	2642569	f43c37e7d34112b7c31f07235664cdcb86ec23d9f2e8f4256f6bfb3e8870cab8
JER	4	372696	2982370	0a2a827976c43bcd09dff588067d4827992c29603749c4827191502c76b9f8e4
JER	5	372144	2977982	3b84c5326c12ab02c857dfb0e245eec4dd1fde9afbb3817f15172d1f3bb61f3c
JER	6	366384	2931797	b92d3f7b02793917514bdf7553b464cbbcbe4bc7171acc4832af02d4313f3927
JER	7	376728	3014553	30ceeccdf28505c1d8c7e3fd5f4aa6ecedb9849b761958e54889b3f4406a3a85
JER	8	283248	2266824	91c9af21d752b5b704350c0f2846d932c7ee0ff4246b8a1f2963c7b82414627d
JER	9	328152	2626060	274ba1f756d58f01fe92f404e17f5fedeb05c603d2b7385c9cce29fec64f3bd9
JER	10	289488	2316563	2156c1a0613b95d00df7c6f016ae8d02c5a83630ce26db93e3445748548acf1e
JER	11	288696	2310294	dfb7c1d70a1f5e5c127717aa74126f4db14a50dfbf4486ed19cb84cebf23fef8
JER	12	227784	1822954	7d15005a257d99d5a7725b4db0a7b4882468e25d4f75b47e32b19787b530d148
JER	13	295248	2362748	c0166ddb172fcb8207be5c58997dc03a6afab3e0261f7b8013106f366e55e8aa
JER	14	295752	2366718	9ce09fba08b90bc25333b6ffe615c232c740b37f8e2d0a3575be2caabdf44512
JER	15	285384	2283754	942ec1b1ed258129ba1c49290ef1f1f08f2fd3e7818f6a996e0caffd61238dfa
JER	16	275880	2207894	6ea49811a99a252e0b94bc500d77080274d3d04670c71095c231df7d2243e4b1
JER	17	331824	2655319	ad98dca29568b0f69658ebb36cee54fe30191b372dc0bfb05030d9e7bad1fa7a
JER	18	260688	2086268	a2ac6d4d5db5831d1002de36901f6ea725e97516a92888b419b3b52b73da4c6c
JER	19	218880	1751691	f679403c3ee9e4a27b8dfebb6a0fcda69f602f5e9190895bdf4d44ae97b390b7
JER	20	241272	1930996	599f3b908ab89eadd489e2e89c246f6f14ca76f79f913c8da38d75923ae23e37
JER	21	198048	1585135	a8b9984c273ab229434e6b108d36dc9da91811fa78b34b3e314fa58d928868d5
JER	22	365977	2928665	cd3e10d6f264c257a3384f1aace0784506beaa59de9a5fb8f2b855c0821e0085
JER	23	512424	4100204	c3c1c92cff43ce2610824984c19fdbffb2c1bb1147704b7a330d91dccb4bd6db
JER	24	144840	1159443	fbe4c807c591172534f0ae872a013d1ade216a16ac0c2d93ce90d8c9335fd5ad
JER	25	440280	3523003	96f2ecdfc6b4f723e346c1b29852abad6d2f29b7a9da81947717a992adbaee04
JER	26	295632	2365883	80bdef528b8f31e5bc568cdc7a03ae10e565aa9bec8dd4ebc96e787c53c9648b
JER	27	279624	2237778	326cb7fae84b23772e98e7fa975334341ed0060b2d6bc3d422f136855aa9b966
JER	28	218640	1749811	ecd58450d1ef7ccf87c0271c19c55f109e975904b6f6b5301cce85e0f70cbdc1
JER	29	403056	3225207	2cd41a7bfbe30126b47654aee535e41a591ae96320a4ba6f1ea2d1b1a8ae7373
JER	30	287856	2303607	8c96ac7e6ffc9368c7f1f35124e62f9a73a7a4c68d9bcf61656c9865c65db460
JER	31	520200	4162271	947ad814e4641f9a627a2f8c74425729bb2d9c1aeceff77932a96ce85a4d9611
JER	32	547968	4384416	25235b7b7157b642f9e077b65f66ebbbd1d14b8d831f8515fa50225a5839ecb7
JER	33	330288	2642989	555102f9903a8e9ce529222ab166f5002a666fc9911cdf1fa627d55e6213bb3b
JER	34	313440	2508198	d8993950cd36d36a686cbaf6f7d04aaac9deb6bde964f054059ac3c19eb0252c
JER	35	267072	2137259	87cf628958874e392e8f0792fa095684e638d94c5fed944bb77e8c590329a673
JER	36	411192	3290199	dbf61e1eba33bd7a37794aa5cffe0f872eaaf7e651a330a34d479d4e08c62ebe
JER	37	240096	1921592	afcdd2a8b6ae891a2953cee7f4fc8e2e1bc67e375d6d786d4bdd3646899209c3
JER	38	362352	2899616	30fb9443537c4caf110166ec576cb6379f8edbe537cf8e9cae138fd50f9076b0
JER	39	218400	1747930	eab3383fc852ceed187db93f61c58f48c9b9c25543643f0c48e7da6101ad956d
JER	40	263424	2108211	8571fa8e9eef1d2f457a6105ca706e6471a5541126ec3201929bcc7931b8bbc0
JER	41	229224	1834447	b52de907c26962ff55838c593d6bf88a171d123264a2adda891d02e2e262c77e
JER	42	263208	2106330	82bb6f6fe2058517a15995206b5c71837aa4c7958430788f30a8b04a069567f7
JER	43	177000	1416697	fdd724a54d0e908aefe8762bb7c22ec8bbe257a2270c457128997b7ef764bc18
JER	44	458280	3666989	90277663b9d6253acb4ce70fb17de4f09327897eda20d7dcbf02b8a3d9713ba0
JER	45	69888	559881	ee2984aa19937ae1a40cd684a2da8cbee0dec5d59f08f6f3671f8a547fe4afad
JER	46	353640	2829817	306b68f11e1c095b9aea50e414659a3b9d552ebdef7482406dcb764d0f5ac053
JER	47	96120	769696	0bbe596d8da5da62e9f30ba8d345bfb700c9ba842a6418182c02195de9987440
JER	48	511512	4092890	189f8eda7e9af404f355f9b1aba5f5df1051c53d32ef303025b7a1941c1d496c
JER	49	507000	4056736	6f85d2e4375898db3f95c3e273e4b83b8dc9c2146a247e0497beee60973961b7
JER	50	604080	4833305	7abd7ded09b9ed556fd4b8a932e5cddb8cfcd09326ba011cdd8ef4c845750778
JER	51	768168	6146114	30a9b59c54d15e51e355943f4a50e0fd56e1d9f8d6d809a0cac5f2d9f09a3da9
JER	52	386592	3093549	2d22d05f1a7661929a7dff4d020fd629a49d1aedead7088b0b7fa73db5a5613a
LAM	1	339144	2713836	a38b58105a3e0f487e58ded1b43ba1b8ba33907000a7cb52c8a6149a477e5789
LAM	2	366384	2931801	7a8ac8a34f6eba2e74b287eb10fd52766c485bbd43edf4e991a98e842e7c0a86
LAM	3	371952	2976314	4035ee923ec21efde135ae565da3156c4063c4a304450d8f96d2527f66dbd8c2
LAM	4	251784	2015008	a02ba03c71a6c38a44665c816d7d21951967fef603ca6ab9f667591a1ab93fd0
LAM	5	139248	1114724	2ec6754be38e9c65161a25bed238dbd925e78086b3a505340d24f2f7ec26074a
EZK	1	292176	2338085	7f5e34b1db5a6b1cc33a3f313b6bd7e71f38062d8bf7474e1276303d6087ecd8
EZK	2	105312	843254	e7f278f15326608bd0d49fa01be20d06efc3d971dea2fc44a2971f87541d7ac3
EZK	3	300240	2402660	99bacbf44310d37971f54af49f11081f1437d9d374bb68574773a29009e50a55
EZK	4	197712	1582415	51d4a782c5deae729619c32d76e23992a497d8faa8be90ab111a0ff2713ddd77
EZK	5	240624	1925768	bb0752b99c00dff0a54a9f1b3b1cb8a41f3170a8f46fea946bc9c3b6e2a6beeb
EZK	6	185712	1486493	827c605581402bd7b0ac1484ec09fa0e2d983f8a686740d72f025b8aa6bb2afd
EZK	7	323544	2589070	693d417e35325cd4fccc0bb72dbedf60f1a93cc67e49bec6c66f3abb70115e6d
EZK	8	235776	1886898	929bebc959c8d05550793e8d60b15c73221e3fab9bb4f717b5aabf960bca3ab2
EZK	9	153144	1225896	27b555d01d924d7461bb9578a9f37a90ce8829643f8aa5d7dd84a7738fd4a71d
EZK	10	230136	1841761	014a73018f61dd0af6550094f384a8385395a9353d55cd6a48dbdfac3c6b0190
EZK	11	276480	2212490	41006914903edc6072c7715da9cc6e38abc34f15f070d879bf0bf14502b1b7a9
EZK	12	307176	2458250	fc52ca0f6aee428ca3d09008d452b888f7ab28b94acf89e1d5c28a9ac6195a3c
EZK	13	298968	2392422	d5e170d1274bc0a7aa1d1302d3b5d5b9c3e7ad68a1d13be1b6203ad1279b53d2
EZK	14	294120	2353761	0dbc749edb99d7d2fcc291950f5b581fb25a9fd362c121f35e29febba5ec24a7
EZK	15	81528	652876	97942cadfe83cb42402fcc84f61abfd7348cd7b126fa1aa85d82354f09366e46
EZK	16	709992	5680716	5c66ebb552a6e27e8a500f9a31cbcd04f0fc71dcc746856caea897b2fbdd9e73
EZK	17	305544	2445085	0ec264e92aee2d7bd977ef00abb8e03b1ef048303fb7b1a73a5402063044cf02
EZK	18	371256	2970877	9121564a97e3d17c6e56bc015d75eb61402eb4230b024e40010d10f2e84326f8
EZK	19	148800	1191207	8829dc834e2e74eb8d9eed2dd410418f3a7e866632ba3d50846eeae7ebdc9559
EZK	20	627288	5019086	6ba1ceb3e7d815a69c08aea8308958d688414c2e30d16bf69409085bd8033bd3
EZK	21	384024	3072859	8ae2ec63ee41f0c00cbe5852ebc23d68fe7862170c86a1f33cab07edcbf65be1
EZK	22	344304	2755210	093c4d9789f7657040f7f359e6d5552354e1cfdd21d95591024d84c2b3dbe349
EZK	23	552792	4423077	5b99e10a2088cfb9b0ab1bb0863b5120ad632de84811be511c0c64467d4b31fc
EZK	24	302016	2416873	cf0ea716c92c547f6016f843674e62fb6adfb839d328e4dc9e400df2ac3dba5d
EZK	25	216528	1732882	4299f91e4d336208a4ffe2d024426754e376667ad1beac5f1d152df705a64f96
EZK	26	270264	2162962	fe962262e493c09f3d3c6aa790cfa28cdfbd7ac8704e5ba9f4f095c43078c25a
EZK	27	339552	2717176	21e10e364d09a42ea28f81d90a9f6c7b2f2ff09220c1d6a98631ffca93bb8da5
EZK	28	314520	2516974	a950de697e43766bdc46b7d2ac874c9bbcf1a45fe2d957407dc86298a1a2e2e0
EZK	29	273888	2191802	7dd85ecab9a9517ebc228eefd96a8d19732b436590dd020542475ea6a6a25243
EZK	30	298152	2385944	4d8582a80e5a2a31594fcf48de1521f7745eaeb3fe8222e981ac5a2084a1e4dc
EZK	31	255024	2040918	4d52069fa589e42ce2268c6f4762ac278751d4fe754f3056bc85001128c3a942
EZK	32	398736	3190724	38d6ca553ad4c7fee28f49124c0f4afa7ced1147b140ca8235188bc53ee18ce5
EZK	33	425616	3405764	bfb3f7048d566ff498717f35750c5dbb69fe07f8b94e267929b6dc3b46c3670b
EZK	34	353904	2831906	92f74dd3b4ad671fe491bd229609826335b48b9391480973bdad871996693582
EZK	35	165816	1327253	7142d86a3c79add75e2e51dc63e4873ad1167fae3133614a7c2ff1966841e934
EZK	36	470688	3766254	97985a12bc1e160b4ba9712d1941e7a15ae91b98d95f04a00cdd2136cbd05cf8
EZK	37	345792	2767122	a7b6ff73093e3f32a5c572a129cbe6b47e21f24429bc31c5e9dcb49acf000c77
EZK	38	301248	2410812	6a2857a9a18ede78ab8e98450ff62a30b89a316067e527075e24bccb2a493a87
EZK	39	352440	2820203	1da15bcfb4cdb544c6a5fc19ff2041583e40bf1ea1218b8be687c1214c5841e2
EZK	40	558240	4466753	8c0bd1773610ca35fcde6148bb884c22e3486ba2aceb0a5a2e729eeab7543003
EZK	41	300672	2406215	5414081f8175dc8372f0bf8ccd4fcdd3dfc49b2a130d0612ecb79ac45440cf18
EZK	42	207408	1659948	a3a2de22441716fa4ba9d46fc1c02490985226bb5644d6616a314b262771e2ee
EZK	43	335544	2685202	20ed5f0a630c09000aec575434ba123b346c49c66ff0eae34401503ad9d2b9eb
EZK	44	393720	3150600	bd245cd7efc941206fea0bf971fe12405fd98eaf7cead91a1533e1d09788623e
EZK	45	349992	2800768	9b9836663411dcd0c6e36aa3b6f2fde8dea623eb4b84d4ecf76aa195ca36a5c5
EZK	46	324912	2600148	fe267309bbff51515dc978e0915ab9d9ca05cb528a59ecfd4c65154106b11274
EZK	47	281640	2253868	ccdbd0294621b265185cb3730a48344f04529b3d99eaac7567003e92308f04bc
EZK	48	408864	3271599	cd3d06818e608dc032294916218f30fc147960f53910d68db572f6c94e8d21b9
DAN	1	227328	1819397	452c4b1f71f77056d22f967a1df9dc59f8a0849158a7dcaedc09c6a2714f9f05
DAN	2	583296	4667162	4a0cc27ea8a08432e1a2e3a64efa1e3bf285d05de720fec1e405b3cc6c815665
DAN	3	387552	3101069	27062b871bc56b894fd202168e0763d3bcfefb8b8ac5cc1d7b214ce4af3cad07
DAN	4	517200	4138443	79810f70abaeaf703ecc80adc891dab856b863848b9942cba968286f4d92e4de
DAN	5	399888	3199916	addfb235623d6150dd5f5ca115321febaacdb160db307f0cd9ea5b891dfe8519
DAN	6	346777	2775061	f68c9eed92af979d0651520b0cd081f4c17125aed1b921e4dd7073aaacbd2e8b
DAN	7	379080	3033359	3ba3326aa15692a9c7aff8d9a9b5e80c8cb6ad9c5778092209bbd6b621eefe23
DAN	8	323448	2588233	9860ba7d3f43874bec2114688d4f0703e3c8789dd485ba112957740e0d103ecb
DAN	9	392280	3138894	3d6149c8debf4aff873c85721aabda698a0cd127380965352af8bf1bfd645898
DAN	10	249888	1999957	bf94515fbd6a63cb319ecc1ae6ec1b67dd1c77abf49bbffd0fa6b812d25a6cab
DAN	11	552144	4417851	11c1be848f00c3f2175c2396e45de3bcefdd508ba9b7695d6e3ad27bad2d4aad
DAN	12	165360	1323699	5e4c89d1894ee0a786911d0937941db8194ff4c2a9e90bccb2b1c952fe4b3e24
HOS	1	140544	1125166	9e87d4d6bbd17531c90bd85bc719bbd198e19bc6f23b8859c28904d02fd89c5b
HOS	2	266064	2129313	bf911c92e85e6be5b19fcebf1af3726236046af6682d88f805d9e44662ee0420
HOS	3	65232	522678	f5da4dd072786e5e29045b7d15be77a203855f6ea321db3a44853a8701991898
HOS	4	216288	1730998	40f9ea753a60bb0fc6576b12b4a6b7d9190c0b75ac7540331dd94622def8f0d7
HOS	5	163632	1309904	2b671e211ff8018cf4993accf0fb23021dc88174b1ea0292efe2192a5ffd55c7
HOS	6	114360	915559	c464daf73fac2ed0e61ca24a595e1d62a88f96437b26f6ecd01143a10c3968f3
HOS	7	170952	1368418	a92bcc7fabf7c0cc1054f78897deb9d0547cbe456296430d03a9820186f5b1f8
HOS	8	151752	1214818	733c952c8f19ca3c08f9573514000d23db0647e3410cae0aeccf2ffdf3df0187
HOS	9	212664	1702158	1e4035d8c1c5415945f841a0a43c50bb1cc1770de375489d5985de864409e236
HOS	10	197064	1577191	cbd8ecb184d030e00a98cd44d54d83c5c5a6f8b5a23818bb3219be9487b6806a
HOS	11	135096	1081491	7c5ab7cb268033861d2d8c7611b78e1cc464ed417f581ee559f11c606fc6c3f2
HOS	12	137952	1104270	50d0a5edebaea1c9b432882c4a82466c090618e0cb43e789f6854a806fe8c16c
HOS	13	186048	1489210	6d3f8284fb0a8b7c15d8b8687c3d177e2ea3e4530d074ae0b58bfc8e9b1202b0
HOS	14	107040	857047	e59f17c1bc726cca6623562a38f4c45d91a20fffa4c4b4be2d63ff6c40adee5f
JOL	1	219696	1758373	d115289cf15bed2b68499fa3a1e23af535a363e50bacfe4c91d88605d297880c
JOL	2	382392	3059898	796ccfe83011cd0626b987fb087ad5808c39359909b88e6c0f0138593fe194bd
JOL	3	231336	1851369	3283d26dc3d0778cba4052193d3ce8f0e5a933bc42f9c5b5ac8ceea0cd2f3bd1
AMO	1	197905	1584084	16859db378b738b32b0c459b3f526b3f70851091ac542e443ba1086a8737247d
AMO	2	176568	1413348	c1bb24baafb5beda2e80d6ea6863cd9572b62d933e66798d9af973df3468a482
AMO	3	161472	1292557	58c8f2f626d589c57e4ce66849ffd99a6fb97ef0626ec14f9d0933abcf7398d4
AMO	4	173664	1390151	0c35820d294ab5b93c6bb1e143e5d06a01a36ab792f365a7044745c3a48a0667
AMO	5	278400	2227950	926b3ab205784b95f6e767b44ac0198fca79de677d8a0a89e5f6567c238af444
AMO	6	161520	1292975	1d1b494261a5b87bbf09b0373ae29cd1a6303bed2d56d03276d856ad1a99c793
AMO	7	200016	1600802	c581fb5aee2565437127397fd82dbcb7e151babf020e95718851e9dc3bbee5d9
AMO	8	168384	1347728	e84e23c2e53bb6425685c574b43b781fb0ad5c3d64219af09b30b6c50f60b141
AMO	9	207960	1664332	6d55305aa09699768cf57bb78f5afd00aa5c3739b3c94204b65c4b54fd2c9dec
OBA	1	265872	2127643	bd24e603ce02f1fdbcaa7236fe2029fc91a303eaaa919f6310b6b489261c05ce
JON	1	195288	1562978	ab9169f7e1052d4d351076bb4b3561cc0e233dbd099e1c671cafa1e41aa36a8f
JON	2	96840	775543	1c682234f6944cad428165e295db0c5e013bf5c226f7a3365f3141a4ff03f93e
JON	3	108048	865195	d2acfd7b51ca2eb00299296c5ac35fd575428174b612571c84f2d99bfb124093
JON	4	130224	1042619	9cf4b3d41677495e3bb29396f80bebbfaa3b56255b800ee8eefaa167f35f5ef9
MIC	1	201624	1613760	04bfe5c341c28d9c5e4f68f416f706be2da71aa5578f8d3b0c0881bae92bf743
MIC	2	166920	1336026	ea9aabc7e7413cc45bc4bfbb007abffc515b2237293326b7fcbbefa030120d66
MIC	3	151104	1209593	8d7a300e638884c0147064464ef41777a175b245bb7193300737a58d619d9d9f
MIC	4	193896	1551902	170b897ef7c1c306d389cedc263342757bb0d2308ba881b42d8f9e00b64e3373
MIC	5	177144	1417946	97e348b233ff594a8567289fa9193dd719740f5f50f54dd5e1148a1087ea0967
MIC	6	188280	1506971	8e8ed1f1ca39989d7de1ada7428d240df930c85f1d3d051ff8082ca77510672b
MIC	7	245400	1964010	7aea1b7dfe4b94d3f459ba407ef1f7cb714a2faec17f700e49d8e16769768f8f
NAM	1	172320	1379285	b9c77fcd7c8a253b034b76b29e601dd345cb5705cc37d5c62a867b75df009e6b
NAM	2	147312	1179291	e9dba678900bb71d3109538ccafeeb4585013439e1b233acefc28d0c8ea34cf1
NAM	3	207264	1658900	3e56df8e6536bca8d74396675590c1b4ce249bfc5f20e0c4e4b3e789958dbe47
HAB	1	196080	1569459	fb8486f74f935c0cd38563476b9348a133dbc07281646a1066dba2412e6104f1
HAB	2	243288	1947085	e62d459d9e776dce9632fdad2ac973da79c8104f5b8ed6a0722766dbe99b2836
HAB	3	202080	1617316	6b3870d619806ba98045aeb150828c39258ae45951562c839073adb6fa756bbb
ZEP	1	224184	1794322	4f399533ce58a41fa1d0719af103ff07126c3a2374fbcb25c07ae1220d8f275f
ZEP	2	200712	1606450	2f14610b8b54c641e6d61062e02ef94f105166071b22de3bff3fa253a2cdf453
ZEP	3	254904	2040082	8f412bff60b8957a0521b29a218829c6428e7b431e9774c482b35e7939d01eb5
HAG	1	182280	1458907	59afbb92dccbdca7fb1d4bcca4482dc9c265fce63fb9eb3474047ea0b029fa23
HAG	2	268872	2151674	f9c2b13d5a73478736f6b064ae0b4fabd1c05ab13c8bb76658f80bf20f457912
ZEC	1	243288	1947086	2008bff1359f58b14cf7fd75ec5eb73ef9d92bcb132764c93bdf3320d548caf6
ZEC	2	126984	1016709	8a36b23618e5b401f7e5e7fe1bc32a2aca00632aba94b97a038caab7ba306387
ZEC	3	126864	1015664	408cfe6106137ed72e1a4e9f4f7736fb1ae1df397363099368a01cafd85df15f
ZEC	4	129720	1038443	cd75ec81f83da953d04ffcd7111e0125a8b3212c3d705e68bf30432a2174720b
ZEC	5	120816	967181	a8c23910fc623484698f3fb7a71ac165b372d488e753ad8605b4bf066abbb9c1
ZEC	6	151248	1210642	af48ee0aae2772310310b7cbd37c44a9dd7e698b3b78f3d0fb7bebb0409c6104
ZEC	7	141000	1128722	11966129c9ab6482fb61997b1aadcdb937e94d7ae3228b3b21908a4b4b5913e5
ZEC	8	257424	2060144	dc7b1deae6d477221b18fe1f5038f15d97fc03c851d5645f61649eaaced81732
ZEC	9	215304	1723269	e2708487132da5a77abe911a069be4b2fa74bff3b18265e7cfd552c43c762b7b
ZEC	10	150624	1205838	ee9dfa066079dfe0b27af3294a7e077b1b09eb282eac7fb14ec91cb71348ee8b
ZEC	11	202440	1620244	8f0e963fac5279584b9edf9a0c3b9b34fda8c8b3f1a628b01ceb17f893eef393
ZEC	12	175920	1408130	f98358c33d1a247ea429eab8251deb81fd253e11ee9dd5e5e434f2264bcd892c
ZEC	13	123672	990171	7553f24378036be4ceea04ce96b02800a7e6a03e71ff9d1e8c7126d0302da2de
ZEC	14	268128	2145828	1b92e5dc43275715a0e6f9638b8ee0270128ba5d2c06d2c8255a033df560a7ea
MAL	1	212496	1700697	76a96e7f18d649a30d49f8a0a892ca335d1402c63ae6d4df854ae8bf1f13f1b8
MAL	2	234984	1880629	87f17ae913786cf373ada47a9772a1ba3c8f299c163ad6ea71cdd5e84558b1e0
MAL	3	234384	1875822	2e8e0d52140018c4dba695b7a11bc01e29b5c21b509e107bdde8fc6dd38d6869
MAL	4	75624	605644	fdf7c0a147dbff632f16cb2cabbcff619b1a56997195f30a665d3fbc14ba6800
MAT	1	231936	1856178	9a6b7b498ce7d06dd75d1a28119a46bbf1849c1d8935924a5711545a9ca331a0
MAT	2	229776	1839042	4036c6399a3a9f2e38030ca060512c3bfe20b491bea562af687462e60f5f9a45
MAT	3	160032	1281066	104a9115942c96bc94b79e7a50323f3cb7a4660a22b0e61e43221e94016470a6
MAT	4	214296	1715117	b4177e0f94376774694c479bcdf47fbc63b38a93216641a28bf59e170ea21415
MAT	5	397056	3177138	1dfa19668ccca7e2f9793c5f329eb6ddce560231fe9a274e620168a1416bfa03
MAT	6	310560	2485207	4a29a18feec3f2166b8cf3f8964696dcc9ac13e16e403c599a21aceaf240a653
MAT	7	244128	1953772	966d947a594c4774bd431261965898ece85f606b7816637a92e123b98e1a7ed3
MAT	8	296520	2372985	c9ae712e523d6da1160bd0a88fe9e88a53e5b5e4fabcdfbcbd1a7264a38fd2ee
MAT	9	324648	2597847	f8ebcb2e69bfd927bef565f0a6948d055d8c5ef41932db45f631d06558126447
MAT	10	353232	2826682	557b96581e703b7b9c87e2f7129954cc135cc69057ea6ee79f074db75ba0c931
MAT	11	279456	2236314	d310b8f15cb48fefd75a269cfa4c8098ce3aef0bb68600b0d52336d9219c9a01
MAT	12	447648	3581934	95cbaff5674f6bace537f2227ddddbe0dbbfebe603a31399bf3712176aeadb25
MAT	13	516864	4135730	1ac501b1a6d07297e6b9c2a61c0cfbbedd25bcb6cd0dd62466e7ed04b5113f81
MAT	14	280056	2241121	f0e50571241255453f064a411bf2a37fd19b7ef631b39054e0484870b1250dbb
MAT	15	304752	2438815	a1a939e682ff8f8741c140c82b85d991a776edbde0c6d9a891175d73f064d41e
MAT	16	267480	2140602	edc70690b57178d781f8672dd0d17b098fdf48230be89ae4e44d281b93e7b7f9
MAT	17	248688	1990345	f80bb0f1b20e474333a64705592c410efd7b5ce81468b6324768b1d799476786
MAT	18	318096	2545604	1f875e46103f032bb87f14999353dd89a8d84484e6354b9ae2d3b6f250e02c11
MAT	19	284208	2274348	58156a700f0cfbeb509a823cbb162e2f3e6b058a8fdbb36bd23744621c3d6617
MAT	20	288048	2305068	867e6f883a4e68797e942a44ac274bb8de402f5a576cab499ddaf4d59552df25
MAT	21	447720	3582561	63657099af880c2c5e336e21ac401df568ff4d1b5036cc9f871b643824ad7cee
MAT	22	331680	2654273	3e1d70497e2889204bc8809b054dbd17efbc404e8c87f7c392f1b72354adb160
MAT	23	356136	2849878	57c57b455c8c83a577d49fa55267df98a616f4522e147c4d7bf55fbddbea0d8b
MAT	24	427632	3421855	c2d9a1d55c86af424da2763717d68a76ae8e999d06c28300f781722c87f92e35
MAT	25	407040	3256970	54582cac9ff97fcef4efd92f990dabc462ce4c38ff578a89b8bf1cb7f3262e2b
MAT	26	652104	5217617	492bd67a9209d234fc6cc4ee11ca5f5fd5220185faf6a8b2806b8e357884c2d0
MAT	27	561744	4494757	414bd6626d028ab5badb627be8cea601384ee241e4050296c80bca7a19b550d7
MAT	28	172656	1382006	a218bb6627875e8f466387e178213e5894726a4319316a09ea4592ff94bebfa1
MRK	1	358584	2869517	b50f037f7d3b4b60fa987b445b527d25e1ffef7a4d6bb2ed9aa8de4ca18f2dc0
MRK	2	264576	2117400	a1e53b2b7d2f08c0a86f8e099976d132e61d889d173f8d14f19d3ac611b7a30b
MRK	3	257736	2062647	f5848ff71072b0812f2bb31e4d84783c10c21ccdb0ba224ad9b1583e9ded96c4
MRK	4	351120	2809749	d4acf3694d238e66b07bb7f99f1fbf7adf809777f936e7c3dad6bfac83c9c6f4
MRK	5	357288	2859068	a31b45f794cee434bac2bca7c5c41b5e87754bc5f980c320066fb440ae98cc79
MRK	6	485208	3882441	1f076b46e1e44b00f0b79cd79ad93db951942e454bb1614250646e4f6ca3c4ab
MRK	7	315336	2523447	40ddb2504c93fcccfa1af1568a038f834df935f15084bf90f3da7bfcfa80b9fe
MRK	8	337656	2701916	8d8fd94d04ead5488c934cdbc0787ecf3aecf3b8684064792a72eeb9398925af
MRK	9	423192	3386324	1b9b92b3a219f8f08c274667856145e17b51bd74e97a6ca7a85876e77daf8f9e
MRK	10	477792	3823093	055f349119b207db78b3f808ef0d84980150e2e6e32245f4fde6b29f42042ffe
MRK	11	283320	2267240	c9573b22e881fcbfdd476141804f61d87870e37f3d93c66e45d28e5e245dcb63
MRK	12	420216	3362502	99dedff6a94b14a0d5758dccf86ac60a88d850f09f92492c2698f0e726079ebf
MRK	13	314136	2513836	e4b67f59bb382f19eafdfdd7596737ad48772d9e37332d4098ee93d3e1b510a3
MRK	14	631176	5050221	cea270a02be26b868fe0e81cadbc4e0b8455f0b875b48a5003635ad35342fd61
MRK	15	379920	3040047	53844aa7bd99dd24ad1abf2970cc5e34815449f6dfaee00901951ec4dac768d1
MRK	16	185064	1481268	2a7365cf673c94bf6a0d0d910391b7394b9d5b2b8b300f74d646e00f0d96023f
LUK	1	601824	4815326	5da84527b66cc0b5965034204c980dfe6eea40666a585ca8fb1ef7ea4fd23f57
LUK	2	414168	3314017	d13875e0dd072c49d8762d83279fed535dbdf7acf97f38ead3711223b55d331a
LUK	3	336336	2691467	e2d845466ddb88805f82b0359367c180d1d8c8a5c41b981a64dd7f23a8c631e7
LUK	4	375648	3005981	4cc0c7dd33bbdaf2598f0b091d9bf43a65b4e057493d6741911fc963051e4517
LUK	5	355152	2841932	e8f8baa55c71e435538ef4ef8fc1b5242f9845094334041e11881a1811d01761
LUK	6	451296	3611186	4fc1e87e4d1ae4ac649f650dc8c1b31d32517910d3db39af2acf356acffcfafb
LUK	7	461328	3691434	eb52e5baa60115d82e04a04060b02590da68bc3ab54713de56ea6d9a27aa1e79
LUK	8	554568	4437282	76edabd4471d25b3bbe01b1509ced878645ee32ae5a38d953d4475007174ab34
LUK	9	560256	4482840	f17d79e0aaefb7d9e92bede56c8f938edef147ee903994a2cbe3823581a2fb21
LUK	10	379296	3035031	a48a990ff3819b03183f419573a366f8925dac30a52a011910041a72aee350b7
LUK	11	501912	4015981	07ea831dd663d09b26b8c261f65adb66612a24cf7ba29692b68eb3ae6320cc51
LUK	12	547272	4378979	3fe68d01650d01775fffb6be12a2afc0baf143c98cb05606379d72d27b1eee61
LUK	13	337752	2702754	b2ef2939951381f201ce7590dd546e345114806fb7fce13465d879c16688d469
LUK	14	317952	2544347	0e80fb3dceb8236477e1656b40b7cfd2fd5ff6a82e2ad83681b7bbc0a50a3004
LUK	15	286440	2292318	01234f17e6a45c64b446d7d5c77dff235bab23a7ee71af1573b07c093fb9f187
LUK	16	317088	2537451	fdf7187d5e6917d91dc1b15c563ba36a4369d440fef7c5ad731c2e077877e03b
LUK	17	303984	2432543	6ab6c6c2a7dc580b5306ea0facee52a1cec53643a9252b8f3d1c0644741745a7
LUK	18	374760	2998878	2455b2d8fac269addad3f00afeaec6537f45e43a95ca21332e1e91737e195f3b
LUK	19	399312	3195319	d07797c9137be830057a0291197b0935122d8c3f2e847dccebbd1a2416a2b9ca
LUK	20	379032	3032941	5751df56b3a74c32ddb6cbb1417456dbf592b921b5126554bfde8228bacdf557
LUK	21	308544	2469114	a462c8b35087032dc60acb1046d5140b685c088fea7c7023c3b22e8e95f84bb2
LUK	22	553224	4426626	8aea737f5628095410473ea5a75ae1029eecfc711379a87a707ec100edda1ee5
LUK	23	438480	3508579	6608dc8dbbbe74df80f9547282cf75c8542b67d992bb5efc1edcccd87fb8c513
LUK	24	384504	3076827	f1746ebedeb40838bb7e98cb85154f21ae1419599a45924a55ddf1f84e783b02
JHN	1	410472	3284551	2b3108b6f9147ccf93effb5a640ed7b3b5a680b2e82c1d60fc104d9a913e5b9f
JHN	2	199488	1596623	b821ce853dccea90ad8698bf1c8fe0f026706e4093444204f3062478595bdc0a
JHN	3	312480	2500668	eee74cfb728d475a2962f8ff6440bfc446468ac7b8c74912feb4c1677a64e7ba
JHN	4	425664	3405968	a1a995aae7b5661b8fe34969a7de96023fdcec9519c14ee4812146efc886a028
JHN	5	390168	3122174	661ca66c31a472837c4f05ecad4c3a7893a635ab514ca8f14bce9750e8be9c0a
JHN	6	568368	4547623	97ef4b406cb81a2d1b3572a0022d864b30109506c97303754c742973f9a5b81a
JHN	7	404808	3239202	3b911bb9f85dfc47502029e68368e1c8d2e54dbd0f578502da992f22746c2811
JHN	8	520176	4162056	63a32a9b8b815b196e9234661c52166d32e9fd70532e411bc4cefd95e2dd0306
JHN	9	330504	2644864	d08c5be04a63e91e9c0607637d546c97bca24fdbbb3e4cff40a4b7083f04c0e0
JHN	10	329472	2636507	4ba43401f4ef286bee8b8a72493dc9b98d47a4be7565a2a1ed4f2c3bc74340c0
JHN	11	469344	3755593	4bcc8a5228821b15451ff51c527fc5959625e4c7e3322078c1cf32b19dfd693a
JHN	12	456216	3650476	029b38bdd7645ff09e9f3054874a5f0df7cfca85654fdd7f9593ee8b30179ff3
JHN	13	338760	2710904	8647b97e9fed5aeb56b8d38ab5c0f67bbd8a59642ffb10604d3aaef267e6ca73
JHN	14	298488	2388657	33db1b8ce02dce3e5c4c030295ad1556aef7ca4bc22c56142d47e7e64d88555d
JHN	15	253704	2030466	c7341eaf3a9780e9539879bde489566a9c23941e2d55f285654f47f408e0957e
JHN	16	325416	2604115	a6b73101d70caabcd7bf3fe795cdf561fbdb163f95b5c4b65a7330fb2c48e73b
JHN	17	252360	2019599	a6eed808c2e869332da8fd208f108890d9dd10535cd84b90e9c5cf5fe65db644
JHN	18	378816	3031270	989c4a32e33d3217c6e621de60a0bac1c9696b824a6ea6b5741d5eb96c34f335
JHN	19	432432	3460305	31fde1f94180bfa28a2b644a78cb02227ad4c550ada8dd0ac8d3aa5375050394
JHN	20	294720	2358564	4efc49ab0546d60e129afa10fe768c263d28bc520e3b42a40749660aa3c6241a
JHN	21	278160	2226071	8a68922ef7e037ce1c08a11ab5384ed93ebec3d8419942592a901f8905437a97
ACT	1	255648	2045929	e43689917992c981d6c496df2dd731d1147a9d202a3172984e34e7d783973753
ACT	2	401112	3209736	36fa68307c24233637d99f74148e9863b2741fb9f182b5106c90c1b933602c62
ACT	3	246360	1971532	a7aad2180aa7d9c27e9d6d82c946df4993d791b1f8a92651fb4c4f24072cdb1c
ACT	4	332112	2657612	70f103869f3124e87a4d8055ed0f7784750c15baed9f191383ad0149b1d41af4
ACT	5	398592	3189465	46566e1bfb1e0c5fa92c0e5b3c79f1c96c7358009e9915ab20bbe8bfa95a2584
ACT	6	154752	1238850	8f6f09e4f588af00f3d15627fd8380a2bf62b1bd457ed708dae1f4784ecd4dfc
ACT	7	574296	4595062	4ba11d24962634f0fd079e8947d27e19835bde3db7607efcb645aece5037a07c
ACT	8	345576	2765445	89caa64d60a8a5c5e1ec80ee379d97fd12e73e427d7fc48559cf0e45c12bd3d5
ACT	9	405216	3242546	747cb966a0da18c8f7823442398322aeafaa60253043815d66dc042505b61434
ACT	10	442104	3537627	abe45c3d49a229b37b4c4901669d69034127cd1b1340f10193fe371db336b271
ACT	11	268416	2148122	52b1e2a1bf0c361c5c5c9effcd609dad3ef8e5f919589841e7985eeaab0fa93c
ACT	12	271776	2174871	c2b8b054fbc2c710334bfcef4b63176f952c4caa0a452a32bc7d59bbfe578eee
ACT	13	522264	4178776	4d7e07bd7abee7990d30ee166a6d0fc0b5e0475dc6489310405c04ed7f17f949
ACT	14	260472	2084592	8ecb775bfe0b9a1171166429b0e7a33251ebf87e647d1393e84dde472a942eec
ACT	15	355368	2843606	0076b94c33e4c985aa61c93f22038cb9fe7a63420e6cecb7247bb30cd478f59b
ACT	16	382752	3062825	0f86fff492b397dcb1528159df8566ae8a97cea26119391688c73ce1dde6b548
ACT	17	365280	2923018	d14ee4d23d3b899110ae16427f7514d32897cca340c6569a95cc97479480bedc
ACT	18	278136	2225862	edb74d1e72d045191435fa30660303ace11958b87cdc268184ce03529864e281
ACT	19	399624	3197826	5513808bf60a837c5c6c1119b182d6e407a292d391dada85cde9f3fd9e453f44
ACT	20	347880	2783838	4e7f564487ede6b9531a292579c2e0ce635ab94550744f2f78d8549fd70d3457
ACT	21	410448	3284344	6b708e7379af3a677e3e6195e56f638b4e8654ebc35921ef85dc889aa5b0816e
ACT	22	301344	2411436	66f4e5e5e88b6adb6c8b7ea0f9a5d4dd9104a4ddda77ab1d17b433897dfa7327
ACT	23	356256	2850711	47b1e7120fc0281dab3bb7734e1aff0c986f6c7e087866f97d369facbfb4aeb1
ACT	24	260592	2085428	f4586314a21f831f8a1cdfbc58289138704a15d638ff886b4d00120318e7b2a0
ACT	25	285240	2282705	e0e937490c454d22e1da32877adc910f55d6aadc2c50f8e284798270cbbab454
ACT	26	330504	2644866	605c09424a13742734ae7ea6fb4ccb4d76b9d4f2e30dda5efcb473e22b2e5231
ACT	27	424296	3395103	0b4ade146acbe36be58f58c9b3388ab91b1a684f5cb321824a1cc7304e474984
ACT	28	326328	2611430	41542a8247dcb0bf3e1f3dce6912484e29634540769917c54f15b0855e9f8052
ROM	1	317088	2537451	87e6a7be4f8bfb2e5bfb0266717e73a9de7677c26880c7cbaae6b88519d5c0ea
ROM	2	270096	2161496	552d94f071e5550d5714799266d4c79427b4124903a528df2e9824de257a3857
ROM	3	256512	2052827	80be6d5db7644d58cae1d5bd06bb23fac4ee57db11686683507fcc72b63d1eb4
ROM	4	252288	2018972	155ebb408af48b0ba3bcec0da2a7abca1597ca2c89eab50741bd9fd4f610013e
ROM	5	233400	1867880	eea2baaea1ccffa6271f321e417d20026f721b82c3fe9a4796613d7b30c42680
ROM	6	221520	1773003	065be2a3abdd2f82a6a8a101b94e88ae952d948a42ed5a2555c919061b4e0542
ROM	7	266400	2132030	b951f5af4824a4752bbbf15726b48c145618622d0c7c663f2f219e0609d8f64d
ROM	8	388656	3110055	42363467b86c6d77f5af0c1f01ddfe925ff00978220511ca3eb8f9b263ce4b81
ROM	9	298920	2392210	afc06b51be99bb12fd230e516144a132d72ec051f5a4babd0008e0330bda3ab4
ROM	10	191616	1533724	30e9ee0935cbe7f86e02af437e3f13bbb422b44f4cfebffac96519b65811cea7
ROM	11	342696	2742253	11aebce32207160197f9c712aa28d34f17ec6a9d8db5b635acb301de8906d4b3
ROM	12	193128	1545845	168608524070955f13d8ca47ed0aa106bb190bc1a06c7d3a16044b6ec37155d4
ROM	13	167592	1341463	5734597d48dd9ba91929c8311fbd58cb859a3c2f75f41cd8d6e2d21f56afcdfe
ROM	14	228888	1831938	1f0abeb80a6f30bbe3ff492fdd5ffd64bf0c6507b67e6e878834013055493bfe
ROM	15	301392	2411856	07ab7b8b33db9182fbf528c3550f18e56ce7def83fc361cbdbea6e41d42893b1
ROM	16	231816	1855343	445cfbf4c06b40a40552d4ba70d412bf9b7ac671645884166a4982f131e71d5e
1CO	1	277992	2224615	edf1a1f6447daea806184743dda33ddc8bc9e5a6015aa0a1053faaa83ddd0686
1CO	2	155496	1244710	0ba334abca0e3e62179cfccdd2cafa65bf95839f9e1f2af0d1983835a3dc5327
1CO	3	196128	1569882	d2275bd3878c3c8449ed8553900e53e18310d8350ed85093b9d47b5fba33588c
1CO	4	212616	1701748	bd3719994770d4aede129d84b0f33cdd8088eccc775c130d0f16abc874f27342
1CO	5	137592	1101559	0a033f36cee153e96cefc2e698c91b698209e3a8e3f13b043e927888f2a820ef
1CO	6	199584	1597468	e6ef922959851a1c48d5151b6d72ff01b698a83e10c90cc12d01b17f3ba78223
1CO	7	398448	3188429	98666ee7cf7a26f1f70b98063b249d07289fa161131f60a5bc2096b39bc41817
1CO	8	130320	1043254	344430d1388f0921c163a02c041597289547265170670ad60e21c956c63c5ba2
1CO	9	267504	2140814	413bda0fd4a1bdc4eab48edd22e43af0490ecc1b8523423285b3952e17419b42
1CO	10	269664	2158162	3596b76994e4d1d3c16f76c7c184cec76a6e30143368708558f99d2db9bf9ec5
1CO	11	288240	2306746	9d43cc4feb3672790095e0c680f3dfa16b7a6bcc1c3af8adcd26698d38a0ae3c
1CO	12	257472	2060568	599e2d215e35b928884578ba5f0b26ad91ea776971f148bc1718e2c4b785c166
1CO	13	133320	1067288	e26e6536ff74fa9bd3f04dea6df607b439781c339f542bd4cc42aa9219a03128
1CO	14	372624	2981750	7daf75748fb71eb1de9e0d0e2b72f3292a423fef5dfdf5129c0f11eedb94e030
1CO	15	498048	3985061	56077023f846bc2c962ba7d563bced526e7dd86af63ac31da5f3ce14584f6c90
1CO	16	191448	1532268	ace25dc896fba1577939e33562322699eefb5255545d69a9aed039219df87565
2CO	1	257616	2061611	92db0768e58dbccade7b12cc4f4c8b79c8e42cf6b52e7edeb58af5ba916f65c3
2CO	2	158376	1267698	bad93f29ba3a21e1737c6a65edfc89e3720ee1575dc40a8253853efe925fe0b1
2CO	3	166992	1336661	7eb221806d4e4591782984397f7b46022470813b377150784f91ec4ca56b6fba
2CO	4	188376	1507815	6599aa6387bdf05df0e36885098c711347abefcb3dd25e75c79f03e25e2365d2
2CO	5	206208	1650339	d41f6a0f098fa98c95edf4d98af204523678c01977c35647b83edd4be5189711
2CO	6	164304	1315136	0e74256fb0606bc0f3120c0c197211f3f96f1d7d9712b2680f8f320e2d5de80e
2CO	7	196104	1569673	31d8491b8093408146ab486b6ae3383d2591cb86f2d779330832b3ae2a20cfb0
2CO	8	228528	1829017	3ba4a32f2d369fbdc622b245ae4db2c2bc75b12494ac83feccbe9ff96e13cf31
2CO	9	169560	1357141	e60ea81af1672432a67ace58cbc96c4366bc9a9b39d79b1c50e3c779084f9236
2CO	10	186024	1489009	12c1fa97bb6e8697f7e93f21173d4e1753ee7752a03dbbe6ef30f296ca8b0c33
2CO	11	314952	2520323	fe6aa3d47d42bb25a182b426d9acec431d098b4e26a971658bdb1a6211ad27b0
2CO	12	245496	1964647	f1dc2ce9ee19bb3798e025aa0ea37e95efdcc93c6b45b607c82d1f302fb69c05
2CO	13	144864	1159657	f7290c6828bd13f79def6c9b015fcdb3a2d2950c664c4fb8b703b6b4912d3d29
GAL	1	198744	1590776	c1769a6170d4a9995c1c55a797907d078694900333c680fa20468b52b8c2b203
GAL	2	234240	1874570	7ceb3431d9d3bd5cd5acd185660c4b5572892778bbbe7e12ecd06e0f026051b7
GAL	3	280680	2246136	0dd34a660d2331ed517ca26363ca30ba40fccc9696a18cbeba777ebc5f0d88e4
GAL	4	273288	2186995	51c2df017ec486d34c5675cacd0fe6e74f72165bf8e18d658bb11c00a8724e60
GAL	5	216816	1735181	c2b94b541a2bbe46c27685fa0489abd846e0404e999bd47022a23e35747045e1
GAL	6	158544	1269157	ede8b8266444b0ca3c634a2d567e8854c0fff11f0bb8369e49e5b0d80c625f1f
EPH	1	205296	1643021	661e0294cfe19e0924497de7b3eda20493be3d766e51bab28386f1892dde330f
EPH	2	197424	1580118	093a9ab77b24dee4602ca3d379d1ad72d4506996f0990e8e95ada408c1de1cb7
EPH	3	177960	1424428	a11b4b30aa895346bbf6377f75f69de3d6f78e145099b87fe92aaec69bcf4260
EPH	4	259824	2079370	93626b8dd1e6b96b69151b8d4bf2086783298a70317d1ce35d15b29518123514
EPH	5	250536	2004974	d7759c78c003761270fee1d77b94a8d5c214581823a51818bea28fbfbff01b43
EPH	6	213216	1706551	288109906f183ec5b43d01a26dae7af66b11411ad4ec9645a881a3b6081bbf4a
PHP	1	271200	2170279	768e73de77cd8eb5ed1677bca3801625e048022791412113c9dc7dc6bdaf44ef
PHP	2	251856	2015634	d9fef855ef21321e7de452bca16cbb9d9fabf0cde4a8d2ee4dfb485e323b8cd8
PHP	3	211440	1692342	f885e7bb79b79705d427b23a391844979a417091650e87dbbcc81d0daa449dee
PHP	4	205848	1647621	f23d93404b964ea85c6321381ac397e11b69c04132af73f0739b76724007ff76
COL	1	281784	2255123	4099de7d2ddfda117069a9709726ba363147141e766e422ea42c2f25cb0cecad
COL	2	232200	1858271	46edc92e6bea33e7242c6cc2af889c87ffd3cae7d2d62f3571a9d9bf5a1f0e5f
COL	3	216384	1731838	992c279a0406e6d168106a44f7f5f05f54870c51c5b778dc50ae0ed6ba66f3bd
COL	4	169416	1356093	b6336044a02be310f0395520d061ce3129dee741394a9f977602971c519030f5
1TH	1	103704	830305	71eb7bad14f87a499529a43ed5951a1a4274f305d8750b338d4ce93db3b8be84
1TH	2	214632	1717842	4154510a7e0c283e08424f1b4d1e4a3b9c54869d048451bfb72acb4d966354cf
1TH	3	129264	1034896	06fe1aa3aca40edd9f8059d5608aa23c3702df2837a9ab846194a6640bfb5eca
1TH	4	177624	1421718	c7f15ffb41010d50ef6c9175eeef5541a6938a2be56a372b40c8a5e91c1e9bf8
1TH	5	193128	1545852	9dae730fb8b5abef9866d847ad303375344890418668bfa77080bd0d14f38526
2TH	1	129144	1033852	e1d0603959e081e3a53a4081d8281bfbd9994e975aef06870c20e6f657506275
2TH	2	168048	1345231	520edfd98a0c675fdd9f319ed83bde4bfab4be9fb5760b387f41b2d02d22ceb6
2TH	3	155880	1247847	cb2f96f02ab30ff6512a722c6c515b2a0d3578b0eee3e051d1e6c55f7039d414
1TI	1	204456	1636334	e6d1f0c8d011e3fbb289d56d0baeee2693f39c330a3bc4d31ebdd4737bf1fda6
1TI	2	124008	992886	d7fc60a8fce4617f2c785a9fc614a1f2cd84be6ff624b033ae63244478f81bd8
1TI	3	158617	1269784	c1a4557553b5cae014017b6f6be48b15937ca0e2d9505fc89e2c6e2900b1bc59
1TI	4	148536	1189117	2b4da1ab6da1cf594b395e6d08964324cbbb3025f82dc0d0240b08e17e917d7b
1TI	5	223897	1792024	2b1c2ac3aa63496396d1b316436ce1144cbf36c4f6293def96ec92cbd055cfd8
1TI	6	219888	1759841	0f5ced275a37d021d5825f0d65221b21d9c113c3144cce9a0d6711d042b7a141
2TI	1	183984	1472703	084e8c5e1ad9df277a9634775bd7fb9531b7477c88c41e220b02c9947a490e6b
2TI	2	235536	1885019	fea8808522606b77abd4af603ef661a50d504b40b8ba8e128b0fa259f1cf03f5
2TI	3	155496	1244706	889cd0726a0d5a07864b9e992053c1768dcd71e41cc6a1c64103cec81a0bf01c
2TI	4	199560	1597255	7ee030e88d2604ca930c2285f285ce523baf0d4e02522c2328449c605e2373db
TIT	1	163032	1305097	7e0a326394382c90455a268dc6f0a9a7a117c3358cd41f211886ce87bcc27acd
TIT	2	131904	1055993	6917812d87ee8cb2c1c895cc26e9b45fc302fb616cd6ac761560fb1dbeebc84c
TIT	3	143616	1149616	72f4b25860aee3556c70b2d94823346f02c13d9ba228ff87040addfddbe18d71
PHM	1	201936	1616271	95bee8aee0b3ee7876ffa7a4d8a3f42d8534e7bd00aeb7d62b1d75db58a8206f
HEB	1	145560	1165292	e1db07eb20716fba26cdbb9602e7f1a1ae22fbf65bbb2b73f248afa262fefc11
HEB	2	185497	1484822	183eafb5252c76fc2f2d7bffa327b470c7360398ce93e0e6c924be41794152fc
HEB	3	161184	1290262	5775ae061e3ba5ccf2b6599b053a1ea7d12dad7f6b74f29f087e6d395a4057d0
HEB	4	182088	1457445	51ebb34551bc49b6fd3d2f584d9c1b57e0560983de76d33dfb3b1d52416b7951
HEB	5	132792	1063101	4681b40e83189932ca4cca407563459fe0407a392f0779e5eace89de1ece60e3
HEB	6	186648	1494017	8eacfb6cc7ad8c1826d69f306ca07d6627edad39d48cb2038f3b35633208f175
HEB	7	270624	2165677	3a59af09fd4ab0624ff4492af934136f96b4fc95159e4ffbf377e05da8de1e68
HEB	8	157128	1257870	d2d90fa8824be100c4a5c96da2d802364638c3d940085ef068a71395da2ef637
HEB	9	321072	2569426	aaa2f84aead11309cb385534f5d69f8bfa96dff56bd0fa759246705302036669
HEB	10	357048	2857193	5b8e6a39eed57fca90bf3e4ac28ef9e761eab0de47b10683c48d465959dfd0ea
HEB	11	410544	3285183	a8e79f275d99362f508af233038c86b2eff82d1cf3ee615d8396ae036076d541
HEB	12	301464	2412484	b963e32639d541f4f180fba53601a556880ff0664acfef69b0763f5d4d864401
HEB	13	233088	1865375	c6aaf75a623e1451dc5c545cc57c73a4b3a7010dbddc5d06058c594413035130
JAS	1	243144	1945829	b00cbe3a240d5e16834a011f858c13a2294380a1f5d2244a402fc96fc1d27193
JAS	2	230136	1841757	965bccb43ecd3111bf52a125dfb120fa4894d81c43a6dcea5ed542dffe852be7
JAS	3	174096	1393495	891c0b1c2fa1526a14822f3160fb68b494aebc73d54a0ae586ca1b8173da7693
JAS	4	170784	1366955	a0b2e5c5868139a6ee45153fe4fa719345a83d13645e67d1a58751c54d147b86
JAS	5	201864	1615641	ad0b31ad34c43dc76cea7d3d5bebdb3df50556cd465e485208c33d550c3d260b
1PE	1	254376	2035692	eceb79545e57a609170ab6727e87bbdea80a6511919b1ba24e88acafc3c923ff
1PE	2	248664	1990134	4c8d4b259c570fcc06148726ebbe68856e98f6f7827c54e6a7e7cfcb545fc0ae
1PE	3	216720	1734552	b1d336d067ac8ae90e8b9870589fe3c1462afb7c3cd13ab28a13009e03ade176
1PE	4	186648	1494017	3138f64926d3393dc997f0710ed170a1348cbd46c03fd4b2c8c9a0f7d721453d
1PE	5	135000	1080655	fc1b6570448518eddf78e2ef50da9dd8db28ce2b8d93589945e56fa90f440a1d
2PE	1	216144	1729955	943820e8b062eb3e7112a18e05f984691cc68eb096ef537238f081f974cb7edc
2PE	2	268632	2149795	fd7bdc1d7bc966e4ba29e86c61cf4d8bd5e71a9f69324fe2e301d03d54c914a1
2PE	3	205152	1641974	fbe74767a4e1dfd39f88c44d806a3b80d5a9dcab569fce6e5c807c9a9ee2f068
1JN	1	109104	873555	24505faf4715ffe33574b5598b77804cea0957f6ab7fc958d239a361beaf7585
1JN	2	316416	2532017	56b6fa825281123e688d4daf238d084806b6ff3879e380bdd4a2bd4047fa10b4
1JN	3	257352	2059514	8cbd15e1ee94c551c205d1ecb3b12f87824fd082d690ff5c3b1fd4ff99d71b19
1JN	4	227688	1822323	63b806f5208d247eedae8cbb993e94f0db77a961c2c33dffac64f7b0f4572908
1JN	5	224232	1794528	ffa7a7a6ab9fb11cac969fd5ab368a21a7d4557a59076979bcd8f8b801f10ba6
2JN	1	133392	1067906	cee2169dfad8d35182f3690f8e4a77af8fdddecda64f880de76e3276625eb2bd
3JN	1	144024	1152961	dec14971d016c68d6ee450b721ff89aef8325def6284fd691098b0ad0b2b05c2
JUD	1	291744	2334739	eebe84cc1430909aedf63690669d065b27c41b660b3ec36eb1a32ecc34284ca9
REV	1	242928	1944162	4ec47b484bc67820223b5706c173a33b7f838370750c1e0b96b27af9bf475934
REV	2	348672	2790111	a327c15506f3da559b611824a51237ae3ba85374a38587ae9ce82c7bd7477fc3
REV	3	282216	2258467	c8be76906d733ba1452b4d0b27afc5b61aaa5803f461ec0ebb2ba401326609ed
REV	4	147888	1183894	bcc242dd326aec59ced98c99f31f0199f5c77d9b0053f662e3d3a39f1c7ede66
REV	5	181848	1455567	31fa958b76dcdc0580d1d8a46a5fdc24f96c1616f922e02a50c2aa80b5c78bac
REV	6	211056	1689207	eee564a778b8416a2ad5707deb11c89e5271342ee919b75f0ec18b3ddac85743
REV	7	199416	1596002	c258fb7f92d9fc4927b77604dc1409b04b862eaf2f4e071f53c27cc73360b986
REV	8	157680	1262261	89e26966fd67f53688970e94409377e44822131d3de246cd16c381d9656b9e3d
REV	9	228024	1825043	951e470775a639496c6bc116a9882114931b6fae0edecebbc05cf811c4955ab0
REV	10	143280	1146907	414ad40a124d059097b4efa0b2c65dd6ca625b227a31ae4110b5b37bd534ea13
REV	11	246864	1975720	71e35b7eab582b6b0a462858155291e1d1590052e08f8830b1c33212ce3cd9c8
REV	12	207888	1663922	2a000124cf6eb59a780a033c50c94655a0de886fbbd1885795821f5fe75a95e6
REV	13	220416	1764023	98a314a7fc013bbd38b86d36bb600b5fb5320a9acb9670ac540a011c152e90e5
REV	14	271512	2172787	d5dc0313a1cea89b625ba93967f155eb3961fde3219c0fc7110c5ff373c2bee4
REV	15	107088	857470	f051d0b36d7f1e41200e5312b561686615028758124c20b5756f765e31b82b3f
REV	16	237000	1896725	3f1a1b3639d6c220052e49f5934927e4cf0b154d23dc72dbf1efdaebf721da24
REV	17	224928	1800177	d2c19c0dfea6fbfe2d391c57c313f36f318bbb81bafebbec1934ee84d90a1bbc
REV	18	329016	2632960	03ef502305d65e6c848e16653f4ab11aea2dd0c8aabe3c7baef2eff5a2a6b05d
REV	19	272064	2177176	27295bb9fe4e3b11b876aba34cfd84c5e94192b23a372d60972a051ec650512b
REV	20	203064	1625261	6aa6afc149775b7b1a5ec1b3751bf9c0a451dd2155fffbb1d6647ea9545a19f1
REV	21	315648	2525963	22a9915b091fdb56c567d95de2e022c278953bef89376f40b68ea2186e0d1057
REV	22	244104	1953568	e88aac1a88a9fa09cd2ca281bdeab7df16ee6224ee52ad5327ed826ff0cbf3b9
