book	chapter	ms	bytes	sha256
GEN	1	344568	2757839	72014b5818a1d8139716d53e4030b30a33eb54ee4b31be1617dc7833fb167c87
GEN	2	277968	2224941	9f76e21454a7591b9468f8e964804eb2b5d3b3000b1c6ab71f42b800a9a8e117
GEN	3	285168	2282620	72645c7e4535d3a6291e72570a0e31101bad105c330c00097368eca1fc8686ec
GEN	4	294360	2356181	4c120002522d54f1be72d20e25e61d5cf8ed5676a6ae858db46f39439d42b514
GEN	5	233424	1868631	d378d54d415ae8c550a064ad43efa28478edd73f4f688675ac622f1d5ea5f068
GEN	6	263832	2111883	6accae0de251f41469dc0653f266e99e519d8afcf2b8a377b4005a08bcacc14c
GEN	7	249384	1996318	6a01e3418bd6c4c256ae0a7e7548de27c134eaab6bd2e606fc6abe780c290965
GEN	8	243985	1953268	16572685f8f3d890b5c2d7d8cebac87c872d96a6c7e7c106e23010b220f7e014
GEN	9	287304	2299756	c682eea6046424ebdd35cd861495d2cab3a3b4904f5afb30f224cba017d4557e
GEN	10	290448	2324837	5759022a30ba159a6362ccc5b2fc5c1954f9004c3ba7cb2d4683dce886b5539a
GEN	11	315672	2526711	2f8b8eccd193efd2c746bcf9bae79c7dc49bc3a5f6e83c09a5bfde2f44b88811
GEN	12	252120	2018264	a858346ab0bfb7eec7c883405fe60e01399a61e01391a0ed9474f3237f829a47
GEN	13	216504	1733424	6c197b743d2b48dde52a1a070f54f12015236a0a2f901e2c7225556629776b10
GEN	14	325728	2607168	b8ce0748c10d45277e36d600d1767d16feb1de18faa8455dfd1263640656ffce
GEN	15	228720	1831018	9c16504f8b9501fdaf21d7d1635b9e84f1eb8d6d2018ae033ea2b65ccb6de958
GEN	16	216504	1733424	b92e04ccf9ca639734f9bed4b11b4ebd7165c82e1f65f3c7b8de071513a17638
GEN	17	332976	2665055	8567045060c05ea8a565f84953665625b378c106a3ff8701228c58c22fdb219e
GEN	18	384312	3075700	9f2246849180e13102d3306c566e65950cd4e20b2538f3ef833ded8d7a4b3e28
GEN	19	469776	3759481	845de260ef755c657207f3eb6137aa09aa16b5f1ea0bb54beb79e7c56c5f2f19
GEN	20	240672	1926730	b51e617fb521258739db86c188477d6d517e5bbcde69fe48109f4afcd3d5e915
GEN	21	344904	2760559	566b6458138207d2640576032e3f36e8f0dbf0463752413a920b6121a1126fbb
GEN	22	301896	2416370	9b9db385088217c36dae57b2689d5beaac802c6b276d74e60219e93ee92049a0
GEN	23	236064	1889741	7dc4f1e088cba09ebecbd16b88ce2001b0d767fa08014469874994f080f351b9
GEN	24	758400	6068497	39394fc2b2966206d09ee485cf6d536a614cd18ee88f30abe6ac0e9c2d331f43
GEN	25	345456	2764948	e18b35a8a98df8cca8c0a7e50b7ed582241c520a6209666dd0ad2e0f2f94dbe9
GEN	26	354048	2833702	9a6f6efee4d48c2bd2881a573838301274c93b9427a7ca7751e73ca5f68c8acb
GEN	27	516432	4132719	de90f811060a461df54e170b80edb94aad394d7ec200bc6aa7578396900c921d
GEN	28	241512	1933418	10855270b6b605fc3c683f184649fa5e77f6cca6c68f3ad326eec09a74000732
GEN	29	344304	2755752	c3aa45e854b522f3235d48a3808c16838b63efd0426c79098660ae360678cbb5
GEN	30	417504	3341313	44e2d04aa6cadcb5e00df20c1310e0fdbdc392e0c730ba4da4587bad59161bfb
GEN	31	607392	4860386	f098db1c4d6c75ef0acbe3994b31e4df8360495f51b1a634feaabb9eb3605890
GEN	32	345360	2764112	2dea5ee4b8d98fdff73b171175f8537c6524277408db4e556de402b1f67f91a7
GEN	33	220176	1762681	a8cb358df49dbc56291b7e37a4df9616c9bc1a329c758ad0b044a1ba7295d99a
GEN	34	353136	2826388	807726b2a91259a798eb8b76b2ab223ecab79c4a32f5c33cc3424655f9c29426
GEN	35	303768	2431416	5e77154661e8832f8dd473098358cc62b0413c0365e519d3b8bdec8a24ccb599
GEN	36	400632	3206312	595e2637ddbb60a7b55da6ce812093e0cfb8b1fe77bf94197bea4f4376868ae5
GEN	37	383880	3072357	8c18ea4eeb4b21609c84c33b5f0c75504cafe80d64674130aeab3fe0eed32578
GEN	38	312696	2502887	b641cb648dc0f42626a695761ad803c278ff253d9991a5f07079989ef40da86c
GEN	39	235104	1882218	92321fc25c9475bce7717f12f01eef0da9b6192e1980b6c4482b1466745b64ec
GEN	40	232392	1860484	8142865701088c6c139b976346099eab116c480bfd23cc2ceb2b3228d80a8da5
GEN	41	566496	4533333	c93080ab35629478b188d1cb52c3188dbd2645fc54b2878935a2863bcc0488b7
GEN	42	409128	3274231	04c94f24e8eb56dba8c0a92cb558b420a441bdd8b2cf9999c159419ea8751af0
GEN	43	440952	3528977	8485701e4c5221309a81a6cf422e53d428a772fe43c7d49eb509f11faf127178
GEN	44	412248	3299308	a3f8a0f2f74c15b44317ee1ec71d661a748c2b6698953cbe83607debc6073e65
GEN	45	345576	2765992	7b8fa79831738ba3a0b143f97bc1de2f0f11c1ce767063f7f0819e9af2e82a6a
GEN	46	372000	2977271	58503ed1e84e86b08912cbffa2dba22abcf410441febd9017f443baaff0afe75
GEN	47	432048	3457715	ca77bc7ce244efd5776d3c8cd4d232cde49761ce8ed16130a91b79b3557c0ea0
GEN	48	295056	2361826	ce0c36812a942d920f8b4abf259acb4feeb13c8b8b3e181a049f839ec748f94f
GEN	49	355056	2841643	584b8b2afd12ea387c174e59fe056d8bb7d90e3519788dcfb1ac4a335bfdbff7
GEN	50	329880	2640396	5648c1812d1d4218fd3e3e90add7b508195d3acd6521a93bc96434023fc2a5ab
EXO	1	192648	1542420	b39400a618cdd066168aa88d0dddf30fd6552d9a0e28b277c8a8dcf95f570a25
EXO	2	255432	2044807	10904fcdb2003b31f3aa7fa6da87f2cf47d69482cfbd6cf7cf0051289f5c1a8a
EXO	3	286152	2290567	fc8e22a38a84d96fceef7e679d83d07618100323ed3c2fa61e35e384cce9984f
EXO	4	328465	2629114	293b180ee6e3f0d9b530aeff3741df48317147a90b55b611c5900f9de1289bd8
EXO	5	241080	1929868	7fad93e3f06a6efa1831fc03327225555628a00f340c645cb83cd419ef8d5b4f
EXO	6	297816	2383772	a1a22a7e9393d3b3fa0923d946129acc1b949854c938e254fbb146e6121c2922
EXO	7	268800	2151595	d531b1498f4a49c0279e86e2a7a8e86fd13325e1db0818a5344b9efc6e9b28af
EXO	8	369456	2957003	be0f6970dfe2ed0e4d4d0b6ae593244c2ce8b9a556a21be8e47a22deb0c1aafb
EXO	9	369120	2954286	5fa457071722559d764576c5efcf1a40b993c8ae54081e7b98a0a998ceaf013a
EXO	10	342120	2738204	68dd0ef6b32b1af267cadcb6f9e94e4f0af15ebae28bcd73ae87f8abfe489618
EXO	11	127080	1017884	2aa5f5835235f395ba08c59c02c5e44b81899003efaf0910fe4129749a7791eb
EXO	12	516144	4130426	6e2b77425ff62431892aa4d560885473a775c8b5b46c571431bd94792f7763ba
EXO	13	244344	1955994	eae1625d13f997d612cb1cf21d80227d1e9d7f632a7bd1eb7b38a037cbb0974f
EXO	14	343920	2752624	85fdbc3d0ef2e32fa9393496d14e37e9eaa9d24b6dbb1945791d08b3b69da6fb
EXO	15	285288	2283674	ca6cde85bd12bdb2023a16d96d6401be92d108e0bc45ae52edffae4e9c91eabd
EXO	16	388536	3109561	af1c4d70e57e87a2d6c06476ce8a3dd108649206ea58facdaf277881f6a08024
EXO	17	195264	1563321	9ce19db19ff1f685efbf7fa5f7c4905302249984ad20f58af6928c5794c401df
EXO	18	279792	2239579	f9178207495d3ab3ea018653f698766569dfdac36d5d8a0ae806856c04c07967
EXO	19	285648	2286390	be52fa12cb837d0d800c8b08d4a49171fb4d1b4fd04a0cf8fbfc935e28f04d91
EXO	20	250560	2005731	39a1285333bc9faa4e8140c114d80803bb7829623320e715a99d64dc4fe1e6ec
EXO	21	361416	2892640	77aa3bbc281c9ce1b4610b2d649f2fd886d272a5c6d6d034a8a3f1254255ee5f
EXO	22	308664	2470710	d2ebe44f03f6813b6de81297456ae2090370adcef59fc0ab185373540010d467
EXO	23	346200	2770805	bf845d3b9ddb10fad10d5a9a20fdb28ec3b6f79d9ac942eae69ea89993cd5bda
EXO	24	202248	1619327	b1f31be4fcdf3c999360daa52363f378a285b691bb401fa5cbec3b75b2d61b33
EXO	25	353016	2825349	f156482ed997acd285a7f7872067dccf938e107f527cfa9c3765550e512c1a65
EXO	26	378504	3029313	3b8821e848ebb1cae163c2b6aa51fbb12bb01bf07f1320d307279988987ffb3c
EXO	27	269256	2155360	af6431b5fc015383cbd5bf112a44f5359ef32a992c9803aabbf85b2d34ef00f3
EXO	28	525024	4201479	da84fa4d891a2a38b473d072867b00e20e07c902b79c90930e76732fd1fd9f0e
EXO	29	557784	4463540	2782b5ca1b67a98cca6aa9a8740099e9f754ebde503a4f231255de825df65e37
EXO	30	417673	3342782	e646608d82ecb3cc4eef11f86290cf08048316da803f4848ea37f6bcab182a26
EXO	31	201696	1614939	25448c849045a9050e7305f91d2989de6c227eb6c204d6701a2c4834a109b104
EXO	32	450288	3603589	c605443db33f3f906940dfb64ec9f44e2ace09cc2f6b22fb703b82fdfe6026ec
EXO	33	306624	2454201	f6d2d909f8c7416185324bfa7d74bb44197b9d5a0a355b2a23d75e8f781fbf20
EXO	34	427464	3420941	f53492d4168e8464c60ef5ce025d60702ba4e3c69a3b21792c2a282e718dd197
EXO	35	380736	3047285	1222c5249133c04b9f722273eba747e84cf81b497fcce531136a2173e67c6b9d
EXO	36	392232	3139236	8b3d745378b5e68692ca72534fee83e950118897ceb7afc30e77cae2236d84a2
EXO	37	305400	2444588	b92e4146f0fe1ccde77cf476b424883554e198dba6a251388f0af3f103ab5541
EXO	38	363048	2905597	19ab85c3aa712c9c2d77e7aaeef584c4632199111c1574203b37b30b97bc2ee6
EXO	39	445824	3567853	86d1b6a4e4726ffd1fe3b12a6a37b9e1f24cd567a01fed7220e7aeeebace5630
EXO	40	307872	2464232	8e6d7aead5ad71b3266cab46d93447d253ca81aab9cffd54bd623730142d273d
LEV	1	223344	1787969	dba498a3c3bcd3e63f6a0f07f379d5719bc7dbcec54e38818e4f731ce1ec976d
LEV	2	213408	1708557	38413a90405093cbd69b7f6dfeab57b75f451bda159bce8d571cd76189ac71c0
LEV	3	212424	1700616	f4b78dd8498dad5f222edacccc3887625d159795d0b7c55c40cc40b5623cecfb
LEV	4	424032	3393559	141c48b865972e8a41dfdcee3a37f14a977383b020b6a3d5612d57f7611f2ccc
LEV	5	295488	2365171	13b1a0c589efe2133dc926a7db56a1fe15df6c9cdc2647c4b3b6097eab15b188
LEV	6	391272	3131499	efd106072729acd565093a636a0ee47a126474205fc998048e5205140e74cae4
LEV	7	428976	3433056	ebb9043f10d469dd78c55d8949c0891ae22d3f12ab89d314da08cbd78e05542a
LEV	8	437256	3499303	6c28232f4376252a80856df87f2e0c9cfde267d59b77e53c8be752f46540a7a5
LEV	9	299640	2398398	f6b8f0b27a0580418588be949712ecc8b6cd6844b4f3e11c8d6759d2df2a18b2
LEV	10	313440	2508743	9b5c3eb69daf61a2c681895319f6089339fd86941d69951bdd0edb6b6a8e90e6
LEV	11	476616	3814238	08e2ade1dabfa283935c08e1ac44c704fbcc862843404274dbf198cfb432b51b
LEV	12	127080	1017882	9147d35bd45a0f87e41f7dfdf089abb82987a6d45b81edfa3423ad820d8e0155
LEV	13	725400	5804560	cec7e0779a18e1309dae11c66ecd96ed17e19b166c3ccbbf977dc74ca31a6b43
LEV	14	600768	4807518	67ccd77b94caae21e27027bbb23f4a501c6ac57194f5eeb6824ca966061d8626
LEV	15	331872	2656282	eb9c74c66cd61ff3a4228618b2a94e3dcb43dd4d8b3fbe959913784f6642b497
LEV	16	439488	3517278	92d24e30af8eb5a7644c5d67876c247b715bd3fcd630b82c79c61841f5f14e58
LEV	17	207480	1661121	f56e70ce3f86e31ceaa277811c0c88f63d4a58ca853fbf00e38547a5b2120804
LEV	18	268056	2145745	24e22ddd800ed7189ec65bc29e54f36f71d5ece5e5a11bf09073ede27e83a4f5
LEV	19	361224	2891175	0b1fd9d99ddfcae106f4e4b679d6dd6a365346b83931e144a742af454e216c0f
LEV	20	362160	2898490	c70e16ab725f2be80b40f539d835db62a4d092c34cde47c8da6d50ab48f7c5b1
LEV	21	261672	2094754	f89e6dd230b7753ff79d881f1717f735d797383213e9115457d5cca7f4865b57
LEV	22	356544	2853559	8f29fffe6ee3a7cbe90e2b8be1cc2229c2c9f0a1b7cbe40e781bb1af48e2b295
LEV	23	493080	3945895	45b617e1d43b5b1442fd826914efee4abce9aab6f02991d4962759517cc43492
LEV	24	229488	1837291	a748fb70b978015e65fc42a719a6f8f89acbf11c11dd198044fca3ca6d8e411c
LEV	25	571344	4571998	9c846292bf899b452f995ccf69b2f9f055d5598c35f81daa761d9727712cdd29
LEV	26	492984	3945268	8bc99354a371f90272795e5268806cd81994cc9212789e2d6df3af9f5604d227
LEV	27	364008	2913327	bfcd6aa27b544e7790e5ac2f8067df76d987a6d731e6b8c3926e3ab7d9c63dbf
NUM	1	410376	3284259	6858b4bf0d307d9e041294488d2f134ff89c5c920a21090778871ef4032e1561
NUM	2	293905	2352628	60b80129ff66ab913b3bb1bfa002bf26e3db2f06935628bc4236122004ef69df
NUM	3	491784	3935648	ea9da2772e75b2bf679b83ad9646e1bc2a3a2b93389a4356170e99e7f30996be
NUM	4	474840	3800021	38c5a6a54caefe8add317c88cd0f47a8e2154346bc0c47616ea43a62c0765465
NUM	5	355824	2847909	d86f51094a6653ec2db45dce8237724e8cfa60bfa50c07b6e4e62e2d4ab64506
NUM	6	313128	2506228	bea61d87ca566a525c95352629786ece91d414cf0eb7332edec996eb11767e54
NUM	7	884856	7080164	9efe2c8878a3536382ea13ddb8825ec4b6cb7cc290e5e6a0c533f8d54717e1af
NUM	8	280488	2245212	ed14687e9f0b5c7539987b71485ccba75e2aea6e621d586047181a19d845a66e
NUM	9	257568	2061937	3f3973ddce67444aa20d0d2c5bf10adbc2d194c45c3b5c13a14499a7d8744601
NUM	10	332568	2661921	b7c09abd9e814972fbbad927fdf148fdad54bf68e42c7fac70e70c0402b5519d
NUM	11	408336	3267961	192c3614056dc709e9c0a6faa67ee90a572ab2ef67058fb8cdd7be4ed1b4764b
NUM	12	158640	1270326	d9879682f1c859886b9d221c4209becd5a96f0cdf77cac7b8518d2c1240f9688
NUM	13	298152	2386486	6ced36fe823e6f6dc8127011b70dda8a166495a0fbe0b178c07eab4d2ced43d3
NUM	14	480456	3844954	3acf844f14db325c649d228c80222abcd2d306eb9cdb40e38fdb953ff08b8f92
NUM	15	442080	3537963	7e1789dc29217fdc054f59dbfa19a028b030e74a5e2c27ae81659e49519f2e96
NUM	16	589344	4715981	27d3e841ed7cd97d703eb16efc1f9741b18b7adcdef2eca77358cf276451786f
NUM	17	148248	1187361	e3d44bc7a496f504849a55aeed11e10b9a43654097e12467effb0d7460a47409
NUM	18	463848	3712043	57e88bdeb6ae8bf20d49ed6c37ffa217fcc59bafb211f23eeddfa93286f388b8
NUM	19	289440	2316895	7bae8749307710af56ea3d66014077f9eadc822c7cdbdb6ef1167a41e294c591
NUM	20	392040	3137558	a1a2edbec0bea96b5fda94b8963d36cf6a0629a2a205f7a48c1755d96df1e70f
NUM	21	452160	3618629	bdbb6746b174abffc0364e820b3031656554a6a7eb038679fef65de5104c1055
NUM	22	507720	4063129	e12bc817f9893045d83259c2f79f99f4591ce791ade1110fec7f68201b694cfb
NUM	23	370920	2968703	dc90ecf1838eab8079e7512ab4c99154fc2d6fb3f8ad02fbeaf863be02125866
NUM	24	296784	2375619	8e27c756ef14ea79f7884d569868f737a591fd1361991efd441df71de747073b
NUM	25	216120	1730290	e3e021e567d6556e24277c07964ce57adcee76dc335ff7167837b8b8d87525e9
NUM	26	642264	5139374	acf3661c2e7b27ecd93c64ee3c08bbc124e6f5aef215570868ea95d49eb7bf78
NUM	27	278256	2227243	8c9533831fc874678dd115c7ab3c4ec45564dbeeb0d0d539895131029fc18134
NUM	28	347592	2782084	3af37eb358ba66b64f3d5fb6b580d0cc1df4f09b17146a41d8beb321e6ca9645
NUM	29	447936	3584775	431b6156abeb882bce2d9cae729cf32c7cf2f68dc01a9020093669f918826224
NUM	30	233472	1869052	c75457a97a7828a5c3689a3cc7cb746a3ee298498dbc6dbbc00eb081f92028c6
NUM	31	532584	4261868	32e172576b72ef3ae2b25ab723ecb564438f12dd8593e568f19a14cd65241316
NUM	32	470760	3767423	bf42ed3fb17f56d96d4d951be2fea544a9ccb8385c0e2e5aa6661fd91c950723
NUM	33	404928	3240794	7ea71e2f132527d99620047dfd0d607407f5207472d6b5d25248bb87996db3fb
NUM	34	262008	2097258	ce0dc672caf42068450db39b5556eac1252e63112897c72c1d8bcddb7142b82a
NUM	35	426096	3410068	cb2ed1e3e9667251cf1348a85f89857eabc3342425b1a010d2a90254ad393993
NUM	36	203544	1629561	9411f1954a7460daacaa45f0508984b6f874e946bb45a6f4d43651932b4a9fa4
DEU	1	508008	4065421	b41bfbe11e2f9d2b2804a33bad74de962c352b9f7a245ef794ab42afc1ff3a60
DEU	2	406296	3251654	af04e7fe43696bdd69d2fbb169f9224c622f1c87ee04139d36a256268b592c31
DEU	3	381024	3049571	71b09aa3c9f735219712e2ba3512c019e5411d82d1d05871c3baffb38f611add
DEU	4	642504	5141248	0d74f4e66fc34b629b9705ea953005fcd2199064e5f42aa515f2b2b05ee16c5f
DEU	5	370104	2962217	921c628684ef04cd760fab06643a28fadbb2c0e135a12621d6957bbcf577390d
DEU	6	284088	2274048	7fc1b34c133457cd75e49d06a86f633b4d4f23c8626f224bb02fd5fb42ec2323
DEU	7	359185	2874864	7918718bb5cfedc89d985cd0e9ca84d54951813b2b54cddfc910a8b6cdfcc854
DEU	8	249960	2000911	ce023bf44b8a38b86f3f5424554068a233fd58dc58d9dc13784559abfd59b00b
DEU	9	393312	3147791	f0592b3138b19b8e5917074348fa8bf92a1269c4e13fa9c602cf72860b797a7b
DEU	10	260880	2088268	54c7b520e65f3394f79feeddbe48a5703ce895741bd1b400df2f42a78d24faba
DEU	11	363960	2912901	1c9b0e28c7b6f804c8cf36297ffa50920af4fd112487a38e84881899d804e742
DEU	12	404232	3235148	65a6611f7309716c9d1a7460e8cab9a87e5366ba84c6d819617a435c9f9006f5
DEU	13	243816	1951804	876c42590a2d4144f349ff5872b82b5a8c9de657a0c68e36f3c12672faf616bd
DEU	14	274488	2197146	76477e0023296b438891857e240a97f7dce8d528245a48988d956ebeacd61956
DEU	15	287952	2304980	79b7aac015377420327d7f3c184ff1e9b3efbd711dd626ae5ea35ffd1c29772e
DEU	16	284088	2274051	d959735108651ee42afbc4d877b71b5eac05a605be3094263b3ec7dfe38c4f0f
DEU	17	267720	2143020	2e46aa4a8b96f8781ce70bc10c636b0e8d7b585a4a1c3e6a498efd1eb970b9ad
DEU	18	252696	2022857	31f6c045c6935a181dcde25cb17523daa4fff392548c4bd223d54d0066afa438
DEU	19	252696	2022857	0939aac008c2f479818473c013c60375cfe801c732ede0ab4a4acc779c9ad60b
DEU	20	255432	2044800	88063ad99fdceda1cd0f283c35e24392f3a50e22fd0eb1cd103a2c4df7fba324
DEU	21	289560	2317727	eb2a95a9efecd06b23151bec4555973c5a804b005b7fc28dc577e71387ea3a7c
DEU	22	351672	2814681	a7737ca0d5a00f6b501aaca5f146714106d624427abfb3a8200ea1480aa2972d
DEU	23	265656	2126511	198a3424bb5ad9c078f762bfa99f934f628a836e3333bf598b2fa181ac0970ef
DEU	24	275904	2208431	f77844993d94be314328adc65e70570fad65bfa7047a41bfe21858d6d4a93968
DEU	25	226752	1815340	e99936f3a1022c0cb9a8482f7a3242f55d6708a8b7a5a5058e273ccc26fb737b
DEU	26	290232	2323161	7778e054f6d2e5801fa7dd7cda7d7aaf42a052366865c185938492093fb31aa5
DEU	27	284280	2275513	0027352500e48ed907fe9a3907cc019b2832f9723fccf51e84186d255732bcbe
DEU	28	781752	6255321	cba8ec9561109630dd16c3f3cdab671a17b811da64b0212e7b004d402e7ab6d3
DEU	29	361920	2896601	f6ce3e7fc6ed5967012617b7b991e8aea565ead36d9b6e1c00ed2b8e655f32c5
DEU	30	304584	2437891	955bb780d54fa1245b4b605dc8a80f20ff4016a3f6f9f6415927355fee8977a7
DEU	31	449304	3595637	274eab46bc808f0622bf12f6b5649393b962d8f10e11e2adbc91f6a6ab14c4ae
DEU	32	583776	4671464	67ee558d430f7e0582ffc861cbac115681278eb2e81e30f0bec7e897db4c80f0
DEU	33	385800	3087608	7da212f9f7f60bf781b4bc68000875ee0483e32c075b63efd4a1088e2494e255
DEU	34	156648	1254439	a85773315df5f63c72b2ab9657753003c00af7d774517071da16996c364e4bf1
JOS	1	255696	2046885	080c902c857e4b13d8ca2dc5bc49630e90a26362d532255df50b0e87729ca4f2
JOS	2	319897	2560557	735ecd3dbe4554ab17d5ac8f7ee912b7fa341c1a8e47f82fcb5c29f332cc194e
JOS	3	238344	1908122	d5793bec5cb38bc1eeac6fd30c603d6d19b3e013a57d3c642248e902f939cf00
JOS	4	301152	2410509	a712ad560d3816cce717310b912bcd5b227f4b2ed56913d1cd6df333de5ae7d3
JOS	5	242448	1940932	79777ba3686f938804d70251286d5be122fd17af04b409cadcf8ca89cc591c4d
JOS	6	411288	3291567	4d12ba4ff6b644647b2f8320051e899b905513bb4950895277f63dc7b8989063
JOS	7	446568	3573899	c8866a4778ef7a9fe7caeaf1b58c9ecf434f71f94d59c16e224a9391372af749
JOS	8	513480	4109095	bc94c476359432739a1c47569bdf3a14694ebf25f848ed7f8eaf6b49aef0647c
JOS	9	353016	2825334	11c264eb204f504725603baf9e829d73522499aa880c2285df822a6c0f988292
JOS	10	634656	5078555	fc3fed76533134a8612556d0314af59adf11a3458e792cd12451ee0bfca9c599
JOS	11	331272	2651466	df5899f5a7138c0d2c6afd76beddf6c6266ccfe019afb510b193d7217ee8c265
JOS	12	207720	1662992	fe5a979ae52cb8290c1c6596bc4338ec45762a0b94525a6a14d564d097fc43a5
JOS	13	372888	2984370	56c9dd0f4c8b8a596dbc26439babc1bf6f2b8a2e82ed4b4e62cac9db42971e01
JOS	14	205824	1647946	5e6357247d59ef2da1d4c3bb1290adf0b4f64468f7f68588321d1559867082bd
JOS	15	474552	3797719	920e5f074e44607d5c0a10452154083ae3b688eb3d6f75379010af42a6f1e4d7
JOS	16	112704	902933	9d3c32f796f0ba63da1c480a513f42a4b3836ff595611ee15ade8c8455db701d
JOS	17	285192	2282826	75f6374887d5ab0041f126a4b5499f6d5ab125c2823cf17eb071710fa75816cb
JOS	18	323688	2590862	ebd02bebf2474c14622c5081d8f92ac65e4b1cf4776953cfb95645962c365396
JOS	19	469152	3754460	74527e58319868b8074d6789c142b2f48e7f28ebf10eb67cead5ac3098149454
JOS	20	133896	1072416	8166fb37f0ed9be410cf2d49826873aa237732577aef79cfa8fe855439d2d510
JOS	21	482376	3860204	cde082b2c4888f1447851c26f9e4568ca7c64203feb7d16e402ea0b78df5988a
JOS	22	574776	4599573	c2a16e4fa30ad123f02668897071328c3c2771daee3ee38a1ee5f55485370075
JOS	23	247224	1979178	cc3e5e9df5b3e21ecd42428e102c87d8f9e3e5b91162a8600f994eba69211fc7
JOS	24	476616	3814228	39fd5448b9eb18230c0c5ffec747c2725b5bc3c553560c4959c713d1649dcaff
JDG	1	433368	3468171	300dd18784314d5ffb87d61de89cc7836128338bc2ba5998bd1393d331de6acf
JDG	2	282288	2259642	0dbc5df2b1c9e209c87bcdcbdff86383ce2d5f0295a33d4340ff0ddfe2317e52
JDG	3	396336	3172047	a5e2752be8230dbe28d409d4d292dd98ef5c08db1814aa79da0f936bb736ff15
JDG	4	314280	2515642	e9f1fbf3fe6fa26cae494c4f5d6ba27737454e4c2aaef42e6a42dd5faa8cf4fd
JDG	5	350784	2807586	7208c29ca10d6cb0f1af51f3c3e256c6c4968a690119ebf1abf056dc4b11cffd
JDG	6	537432	4300746	1e2d848e6b6e99b90a3cb844f943d3dbc6c34f51d12e4cc0f4138ad677fcb497
JDG	7	390864	3128161	00501f3056b19d1a6f5b0fc81954de4933a6cbb05b743b3bfc0d83cbea463a44
JDG	8	440112	3522297	c88b524b9e2181e7dfd1932969215489dffd88e08bce2f6b8f701826894e4e05
JDG	9	670872	5368213	4faf2c89ca5cd91920fe6d70ab828430c8a7ab467d70632d65850703b0e7c453
JDG	10	214896	1720478	216dd1c61be2942c7190c8a160174e6fcb82f013ab60b7a577efab3d10901247
JDG	11	503424	4028657	e28d00dc66bc0aeaf2af0bd0b09a1a945acca2653b65a6aa77d65ab8fb40dcc2
JDG	12	214320	1715880	fbd730374e10d00e19080f61c77b45052a5db1713332db47110b21d2ebdc3a65
JDG	13	311592	2494120	f566ebdd1fd8b4cbc564b7d93a082b37b1855f787b8d72caafa36a3e70dd6d51
JDG	14	279624	2238329	9d8c9e3a7e19727993a738804ac3726a24b13418da7ddfc1890152ecf2c5656e
JDG	15	252432	2020781	c37102ef3afb73418029e28706ab1beee1abf9cb6fc6a4d82c3acef3f31b466a
JDG	16	470472	3765134	a6d128a93115de9c4426b11daa33bd73ec6833c84d9e1748884f325be688b5a6
JDG	17	173328	1387991	95e9bf4e4bebd5202d528750e43d00c2ed6270465ed7625874008e04b38e3d54
JDG	18	429816	3439753	6c5a1ffced2f1144f9aff7a653e6213e8b997ebf8d654fe2a62f849a272f6347
JDG	19	428448	3428886	ed5b84fb47a030376638a77c127f96b6349fc05f8eaf062eac6db02d2181a928
JDG	20	594432	4756742	63e6883cb35d023d0002fbd43e5af7f2e30f6dd741669e74f2b00aeed3254fad
JDG	21	300960	2409065	387ef374de0c0872f9654746e634120ff78123d7afb88e2a794c0d40cb5f2e3b
RUT	1	290496	2325242	3cac454f1f4398c71c0b88e323f807e11560e0c17dfbba1ca9905a588b15416b
RUT	2	333048	2665669	7830c19f72b44962536033804102bae9195667b898d5fe3271cf09f4850c067b
RUT	3	227040	1817630	bedbc9b468d132e54363e7149458e85133181f5d86b0984c54913eea47105868
RUT	4	300048	2401728	096fdc83b4722843dabc1f15e99fec7ff873a2d0ac22c6037c0ac6181d9e31c0
1SA	1	349632	2798383	5aa331c23fa53c5e90175ed3b6cf1d19efaa79a7161a8db767835a6eaa3fcfb8
1SA	2	489936	3920813	27d452e6f624e527a56f7e3464d6d90d11c4dac71a734cdc4493f50b6ad067ff
1SA	3	242136	1938432	f097961726b397d869716c233414977a56ef0b45a4328e956d68d751b4005b6b
1SA	4	300480	2405084	1ae36480cf76530d217a2e6c8eeae1448ec4591a109ffebc7cfcf0040bedb5c7
1SA	5	180336	1443987	80556514e7596204ea88053ff556ed70ce498a6983bcdcf6e1b833b95f3c9904
1SA	6	317856	2544055	1c575b07034f09c3c4ab12babd505e6fe2a3ed3961f617184701d12fd64cbbc0
1SA	7	230160	1842511	9151cccfa9a6970569da3d9546b1339c4e93ab1af39066defcca994ff32c2ed2
1SA	8	225384	1804267	7e37305bf4dd90a2a03f857df877c931ec3faaf85867ac7c3c5b7b0334430b3c
1SA	9	404064	3233897	212f9ce01ad4c4dec5b3bd252da203fda6142e155f7da58360776bac6728b90c
1SA	10	349320	2795879	d05ce2db3c9b76b12ff1730812d81bb72ce73bb80515f44f74588744b8ccbabb
1SA	11	208320	1667807	70f834d1236c5b16ed3666cebb0a13eb4bb3ced4bc0fe730c962b873e717d6a3
1SA	12	367368	2940283	052ad8c8a0226a7f5fc46e508b3ca093d81ec575c9ee91fe847f8edf1f0db48c
1SA	13	307296	2459630	700eeba1d2491350292b3742709572c58abf2945617ee0f4eabdf8e52fb1b3d7
1SA	14	680976	5449083	f6d74f01eaf6ea880c13eb0aec093d28b6d4bd38262ef800991fcd059a89fdfa
1SA	15	439056	3513723	3262ba3480a43dc361a934d9aa292c6ed98fbd61879af49361768572f69ba51b
1SA	16	320280	2563493	3bcc94eab93729d88e69dc38727928a1471cb5fff639f9032afac78cf4e24a6c
1SA	17	724824	5799960	32333a510b9b86c16f9dc3eecf1313ea8932f517017d065e5adb76efabdc42cd
1SA	18	368064	2945717	786ea79a7b0d8ce00b09e101079123f4af611f71a6bd73683def6282912ddc25
1SA	19	317544	2541550	9352cceed74698c87e1ac605c9034021f131b50c2ad24c2dc447b6e774e2bbfe
1SA	20	546120	4370331	3a5e439736f60e96d12156df7bf523908bbfa029111e1e67bcf89ba99ae05fbc
1SA	21	233568	1869890	38addc04987da18b909419c1b7d80164a50a3968cde0739572724652341f5443
1SA	22	350304	2803820	cede8252ef961ed0412c6362d1e676d923eb0d2cf5c8ebeab87399893fd2748a
1SA	23	383088	3066089	5597ea5d5b21bc46ce379eba15aaaebaf6c14308888c15fa918ae6edd3003809
1SA	24	272496	2181270	c3dd188269494001328154d042925d0c0cd8954bd45b2f0a2cb93fb88fbe1f62
1SA	25	669792	5359640	3ac76657a1ff625e5edfa382b33136b889ce932398242f7ce553a489056fa4ff
1SA	26	366696	2934850	6977de07008dee7824d36dde4e41bd3c025469c22f7409919119b1a970f84d6a
1SA	27	176904	1416613	cd93164018b6992d143306317e09ffb04942fce1bbc8c0e0cdd54adf5afacac0
1SA	28	337344	2699957	480169b8fa2063e4fa86e1d5e59d9a870c8a62c0daae0c62ea9e413db44dfa5a
1SA	29	169416	1356636	10af6cef1f50533ea11d9cd83b65b183fa7899a759c269d4a0015956e305eff9
1SA	30	412440	3300773	2854a75efdec7c9cd54962fb862b730a5dd8dc2585d0e36c580b4fbc31ee2c07
1SA	31	157800	1263640	ced70a0fd4d2830d2cbe798f0b100aa424d2594116541cbf8ccb1f865c53ab0b
2SA	1	307944	2464852	eb0b1db621af6e17db6e692efbaebbcef7b9601313522d916b2511e1d8f83427
2SA	2	396312	3171830	5feb3c91a49980fe275eeb2d6eee1383c094c300547a3bc085aac02cb06f6419
2SA	3	522120	4178276	e0836137669214bfcef40ce3d5b8584ad7f7ed10a14bc24b10522421147d0b7f
2SA	4	189888	1520473	2d9d27a2e2fea631c87112b6d7ec3ebeedc723e2066878c8fb1610fc9d21af82
2SA	5	280008	2241453	467ec021836e43f31b6adfb0ebffe43f07424c4d5231d37f13cbdec6a59a015c
2SA	6	292296	2339673	cd0ea94c7535dde6f58b79c3565df384e18d88340ea5d2c008aedce2a4ceb633
2SA	7	375576	3005900	0ad9b5b8154e8ce3ff87517b23f694ba8a77952cb06e3999229cc6689dd94ed3
2SA	8	227424	1820777	3118e3422fe58fb4a42caa1b0a7f035dbbc2864e68f77d53282bc4bc1e54a487
2SA	9	179640	1438344	debb39cba8b0fd84b28ae6863f9bb170903ecb136aeb43e5c578873cf9b54696
2SA	10	261120	2090154	f37dc7bb773076775dca6ce248c8bb0f49a9aab357920af34a6d1dcabbc1b996
2SA	11	335064	2681776	d86510b148635cb16b5115f92c0a2d486843645dca701b2b601c1cf6915140b8
2SA	12	393192	3146755	210220fba9b07da58470814c89c88daeea9933bdb26dc29cdf9e75c181f34afc
2SA	13	494736	3959268	44f0ef7afe5319a79e3a772f36b1b19106b5b5cc09bd77fce4cfaae24c3fb539
2SA	14	454752	3639320	42471140d472163e0914c499a52c7020f6bafb439201d765680eff9583eeb17b
2SA	15	465000	3721240	f4623697c78b9425e32a2b29179e5b22fa875e4abe1c4df5088f852fde76ead9
2SA	16	314136	2514383	715fb59579e16817fd7f5db0113a6df76f3d8122b898d8d69bf413bba3eeafdf
2SA	17	399456	3196910	d25712cd7273d62f036cf7ef40621387a6d273b59eb5ec924da0e865a4358567
2SA	18	475920	3808594	0882a6d699457eaf6de7637f6f0232741d026bc923fbbb2ac5bd5a11cf574af5
2SA	19	632928	5064770	6129e67ce34c9c78f27881f9d01d1a8d95d1178b406c834cb61ef1a44dcf0da5
2SA	20	362592	2902040	bbaafc8c2144d2be4b6f62c2d7859f60f6209c11378d67d2578b81eb69a235cb
2SA	21	325560	2605707	1920ffbf4adcd1f69b9466415c5275a6e38442d01393cb8a81c326d90e068c82
2SA	22	372528	2981452	667b631e1b4fd6497da080a92f3f9b123edd99ee36738026f62b9d0511abb5b5
2SA	23	391368	3132336	bad2baad39aa7f99bd2b436c864c5458248d5c3c6663bee2189ec7006454e4ed
2SA	24	361920	2896607	ba27fe9df5a8a156ccea1d2dc8d8080f680876691e6ec5efeec6e105764f378a
1KI	1	626856	5016079	f009962493cf72de2d90634b4aa80a00ce9cdd1439a287c2e17ac056acc60a8c
1KI	2	605088	4841999	02121dd2e97c45fba8682b8197d2b1f58f99aef60461018bba87400587369cb1
1KI	3	334416	2676552	f3481f31d4af43b6e8585e6735baf47aaf712b98a6fbed796279fdf3cd671ce0
1KI	4	355345	2844154	6e41f68ce9561a7cbba79d5850336037449f8500ccc3edb8404c013340ed320d
1KI	5	231024	1849411	8c36d3d389c42d6ce1003f2002b3dcc61ab669563d94794976179f60ff06e5a0
1KI	6	411576	3293878	809aa0a997962322d5f57127ad95f1c94e6e777c5992531ee52003857c618bbc
1KI	7	617376	4940219	5b55d0b98d461b6b61b3fc44ca1ab2c07fd8b9614208a684d94aa842839141cc
1KI	8	868872	6952275	661388e1898eda508f1358e284c6d4cb72784278ac24a0ddcfb7fc6dc9b2db52
1KI	9	327096	2618038	6bedc877327f4d7b5824aff12ce469cb7ccd5549234aee3ab8e0e95675134cb4
1KI	10	357480	2861084	a58e447c2b5593aa4eab5d1be24ec08b2109be9fb573b021d3b87d5f1e0ec1b5
1KI	11	544632	4358423	6059cd33b09f98102b7577b23aff112ae184e1053804d7fe558b1a55887ac1e3
1KI	12	423360	3388131	e79c3397d2614f7595de5bd030176cdd7a988db76dbe7541270dbf7f39127430
1KI	13	419064	3353858	c9e5e11787ee8f2f2ae60ba293bfbd754f517d2110b78996748a039b05a31f69
1KI	14	387480	3101202	e05113bb20627b99a914476dd3f32c138273aa2e623704a4c8411c8f96098214
1KI	15	391608	3134221	7e043f873b5ef69189e1d6ad08b3dfe1a6f46901018d56dc77a9f5e13cc48c27
1KI	16	408024	3265460	9d04d5f6e5716a8fc5e50a7423b18b3c672d0dc832a7bf8355d24d004f8d3b94
1KI	17	256776	2055468	a88ab427cf005dd3bbb421d602ca51cc637aa39f6fc7727df2d1b691eb7551a8
1KI	18	565272	4523517	8088422d2cbc552f06275af7c9c20bf06c7237678fdace06fd0ead441f215007
1KI	19	301585	2414077	4659b63e207955b79ab2c1219f312702b5c7b20c9347c88107948944789d5460
1KI	20	602304	4819641	30685b5c4e07736930aefde04355752f8d28390393ac37e9954289405b1da364
1KI	21	344544	2757639	5413290e2bb01ab769d85c82423efde2ceac100a06273a96255e3e30cbe7222b
1KI	22	612288	4899680	a52c380197f6aa4bfc40c78dbeb19f65ed6e042f40a2df1bd33722c050506efb
2KI	1	243120	1946169	db32e5002646e8c7311699edb1eb895ba47a3182223ff21e772e023e50872ab9
2KI	2	325344	2604036	4547813d24aa55b275fdcffda28dc0801f80c177f26b68b4759071c66deaadcc
2KI	3	341736	2735275	a5339bb63bcb7c10a4798dd3074a359ee5eaa0974ab272c208ee68c95a82f796
2KI	4	544344	4356121	cb7df8c8241ef2fe883ec95c8494b9a3f772be4403146f73f4d3a7fc20229d04
2KI	5	396096	3170162	083dbbdc070eab5b55e4f0586a59e1204d33fa68711d80b1ce4390e812b8ae3e
2KI	6	421992	3377261	428b469ba4301f4b9eb7adf2647066c76ffda82e441ecda6fe171f5eeae0e0e7
2KI	7	324456	2596931	859a511f5737fd4772d506f8d47b6857fefe850ca802831428c8c068b453f31d
2KI	8	399792	3199628	e13654b3e29f259a3883f5d3e01d882be3d35ed743e704eb362bc2b10e3304b5
2KI	9	534744	4279217	4bcf651f65ab40b8a494be682d14dda5cfb122479ad2dac38395f698c1d68652
2KI	10	492528	3941509	7486b51957a623140a3f2b1bbfdebf5d66c1b169529c72334c153f11eaf980c0
2KI	11	288816	2311886	dc3dc779f3cd5d20c15df2409d725acbe92acfbd15f9df01676f4d6794b74642
2KI	12	270936	2168735	5804f9c3320d57d441d79ad10adbb6ef9599c126360b9ee4cc1bcb0f29b1e95d
2KI	13	324312	2595889	ad71910a1c247b1c595d9dc88b98ccdac7670bf25cfed5e89a1d6567298026ef
2KI	14	364056	2913747	4dd591d0b8024982d1592fb3895ab5821fe6133ac90df397ae3654788691a4ae
2KI	15	459648	3678403	862a1b22675c9aa60bbeebda756ff651acea85d9df437dd6a29be1b405973567
2KI	16	278136	2226413	0acc34fc41170e2f686e38fea6b23cdff145fe274e9306f3faeb08bc09c70cc9
2KI	17	528360	4228229	679b7b746a256a686551ea0ed69dcc18f2fbbd464a7804ce94b22d5d91c0da9f
2KI	18	505536	4045581	b259eaba1a96561aeedcec50145eccdf69a972509f2cc0da73c399ddb801725a
2KI	19	465552	3725633	b5419a9629b361e94d8b31e665b831190594e7f8707fd52c499b73df74f3780b
2KI	20	280896	2248565	46abc253356ff0c9b697eb24f5e22c269249e9ec4bacb10d65b58607b75c3624
2KI	21	293760	2351383	02bf475e9306ee3a59d0cec023d2d1156f2243a1fa347d1d828ba6b3f231b21f
2KI	22	287760	2303318	0211b9e91d3d602210b7f59f3edb74f28a2a6444a41d39f6589f8950d022f853
2KI	23	564024	4513486	a8f61b0b0ae3ab3dfc1cb33caf85473e544b0a32f6429e5ac3192c975ec2290d
2KI	24	245496	1965189	d59d243e812cc4120a96e4a920ebe028065740b78dc31db9865c0470b13f073c
2KI	25	401520	3213424	b1ac6311b9581672454556a51311c87bd07ce90038518378715cc18f39ad17bc
1CH	1	410664	3286560	56b0a1fc8c85ad579173a8165a446bd490a92acf77106fb9c0463757d6fd34e4
1CH	2	454152	3634511	db0a7c1928d43262eba96d7f7f39df39d31d48cb63d351eaf07979f2765ce0a0
1CH	3	207096	1657982	1480ff4b249c631cdd17cb622cb1ebfa8af027d8d3830c040356976bc5353045
1CH	4	430872	3448310	dbbff9ed58ff8980c43046afc94a1c2b7902cebb3c2ace08cd876a55d2899ebb
1CH	5	321792	2575611	cddd81867a24fbb9ee021665494df0ebb09c6d952da171328764448622b1c024
1CH	6	639000	5113250	48edce1cbddd506e16f82feda8426d41000d639a0622ab8014f4c891b2947eae
1CH	7	424608	3398155	7730e80e18a5b1abb99600e99b11e507cb9c531341a655322040847bbdfdac51
1CH	8	281352	2252111	dcb2d9417ee5caa8f0fd2a95316b8035a20877a545212e31b5cc06da757ddcfe
1CH	9	456984	3657080	06d9d69d2ef8a0777f20ff659436fd4be2ebd3d3d8996c587655048e486eefa0
1CH	10	162312	1299794	80d7d06ff5c0942f74cffb43c83f2f0447a42b8e8516c77523bbcb548f90b73e
1CH	11	438144	3506409	492d99d31c5510f6fbdda10c46cb5bf58d1c38cdfbb4438c5b8daa227cf78454
1CH	12	427944	3424907	8911d5996bfd107eb3aeafca96b625a64616f99ba7ff0e87a84b9dbac874e1d2
1CH	13	165120	1322154	56427606d1cbae90b658e8dddb4ae491ba8c4639516cc375cbca25204b344ddc
1CH	14	162576	1301883	455bce20887cf51065972a72636e8bdcfb103c710f6856c7b87e0cae8519cd67
1CH	15	336768	2695359	931afd0e87eb3d21795102c6ae03c6d724814e8ee9dbd77c8c99d56ab961d9e1
1CH	16	387168	3098690	679d77238bd5acb7a3fb9be4267ad7e932f402e7b910681b779000917f47039f
1CH	17	329568	2637890	81fcc34a772c5d1c11032fb6b4aa837020970f05928f0603b7c325c59076b2ff
1CH	18	208848	1671986	9aaa1cced064a649bbb14a5e1823733f5f0805301756e8ac6905444d87dc83e6
1CH	19	269904	2160581	187f4e4c19d0ec1fd75a387e96a4ef3b9655e1fd20d5da6c358f839120bb9f93
1CH	20	129504	1037315	d9326dd3acb6640f4f7f2d3f15ab64487ff15f495f46552ce4d9830c72860d4d
1CH	21	389568	3117916	3ac9387b52898c39e0aa8db13d63b046df6e5501b8c99f0a202deb9c5bbcb273
1CH	22	272616	2182314	cc1df7a7ecdb2e8e2d55bb45f7c3cc201d548b1e26f4adcb495bf6ff186b7ff0
1CH	23	322560	2581674	83ccb6b426ba2719606114568012fc651dca98a8fdc26ccc923c655db759abf6
1CH	24	286872	2296208	d91ffe70308c518068de8bb3e502b842d3ec1f63c52fe3d946696d654a8b5b85
1CH	25	301344	2411983	2c5ce1c52720658f81b82cac7e23077919d794d4ee201f10ee988cf5a7b4aa0e
1CH	26	372576	2981870	565e0a29008f68387a981a73e9926142783ee171c4a481a3580ce3019a424740
1CH	27	398520	3189387	594d3c2d2eb88224a3ca54810f021a818390afdddf392729bd67ce2957935a6e
1CH	28	349392	2796506	bd62e8c477882fee21aecebb07e50afbe1e512f3dfb5c1d193c516100a61445b
1CH	29	440832	3527934	0c1cbee52a46d3fa9e1a8f8cebd9002fecd7563e16a2343798f40e16396207c0
2CH	1	226008	1809283	63f6dd29f64aad781ab7a164f05983e9defa391f70178ab0d49b280ebace7f4c
2CH	2	287760	2303311	3e936e41867a65a15daab9475e1817f01425eacddf8ff2c4a8097b510788aa08
2CH	3	201504	1613260	c7fd065355ef1a496ef1da4185e851e7809e9e54463164f255b1330e99cd16b3
2CH	4	253920	2032682	f990384ea0cb3f62cb33d5516cb9207125b573a0a1d005e3f3cb24cbdde71236
2CH	5	196992	1577316	942aa875010b5d0550a91772af3d40688f89049bfdb4c5eba75d2ca8af2886cb
2CH	6	587496	4701351	e596c4156b79779f103ebc0700aa3eadfc830e34e9f1473818f84d2cbd62e318
2CH	7	313512	2509365	9f30b43f55eb36dd7cf106ca72762050db4e35ce22050764fadbe980934b0bdf
2CH	8	224136	1794445	41adf18fc7ec3b331dd7f89040aa61c4b389db6f6c854d8f68ae46c74da3c94e
2CH	9	399264	3195445	c6f89edd98de20d2d00eff76481d00f3924014dc3d755ad4a5153f664cc72def
2CH	10	241872	1936346	b94686d0c8dbb644f62324b2c8236ec5d14f9990e6198652697d670a01bfa4fc
2CH	11	241296	1931748	1a8e862734c795a65d8aace0ce6ded686bfef5f8d4fe536df94d73a679e8229d
2CH	12	216504	1733426	5175aed31fb05e6f3357c042a0c34d33984363730e605cbff68c55ec015c9f60
2CH	13	288600	2310001	483fb3b95e1c54500cd2f3fe6f62afe682108bfea3adda308e081b74a3158916
2CH	14	200544	1605740	111d72a906a130afba101e4d5e45b62350310ab5098690664d56426284b5e41c
2CH	15	211056	1689750	1f0391e0c81ba3ac040e240739778dc47de768967d0579a82f8e15301b9c3c1a
2CH	16	196704	1575020	7bc495ddd943fb64b536c4e98f09c65df3f1fe5e14c70bed70dc01c3571df742
2CH	17	205848	1648163	e83984cbbbfb8ddf038043283523bb8cb86e787ea7eb4e6e30c57f1b618eca4d
2CH	18	428688	3430759	93a2767fbb88840a051ebb0021a8bf2af5804ebf6f344d243cdf8b067d41a93e
2CH	19	177168	1418703	dfe834e73bd42dc6eba489ecbf7d0e89f37c026a9e36f2ab46ac3d3517f5b643
2CH	20	486360	3892186	f7efe1104aa83fafd98b142350cb5f3678af9ea6398638d58f3806ae431ebab4
2CH	21	253368	2028297	098b2268a523a4ef2215e152ba3775010a202d62d19d38f69da37d25759c0509
2CH	22	204312	1635833	d5ebcf7549d81edd1ed5a23051513c0b15f35311746915416de7fdf22de4ef42
2CH	23	310872	2488261	fa3cca650dfc679c5ded376e1c69c9a3d1b94aed6f50492262aea0aeeb34acfd
2CH	24	378312	3027846	7df8f169c15595d1b1480d3679099f4e92aede5cc86fb0e7d62cf43d5e4b60b1
2CH	25	381024	3049580	c6fafa9540e4b8f7dd7c8936e4ea9ad0ace3e73c99a37ba890bee5ca2b1f3b65
2CH	26	301488	2413237	7030aef932cd0f12f3ec7629e19cda88a9e5cd114f9d61f0aa585ed8d2597f64
2CH	27	99432	796780	537a7a933fd722066ea8bbc6cb18f4c151fe0a862d2cc2f2426887b1b73a64de
2CH	28	380088	3042057	64635dfbb5d7344eda2c4d02d7c1f236d97ce2af0fcf9e6dcbff9390f35e3171
2CH	29	486000	3889260	8067435db310fb4e43cb8723654b710899a3bc2a5a784c2ee66eabf772e3d927
2CH	30	377208	3018860	62a775584dc4b8f2184af1c28aa4354bb7d27c22c45e516f3cfb5c4994cb4e46
2CH	31	328632	2630367	7f119e5bf5b1f2ff56ec47a92718bc7772de3b08d14eef9030474835fcead3fb
2CH	32	445008	3561371	0eb98874edf78d6517de6a3089354dd607332cd60e600c1dc0d139082c9ca083
2CH	33	316728	2535072	471d9c85571c5a29a85fad9e6f7a5937534930ff78f7b78dd5e40cbe5da48cab
2CH	34	506880	4056234	563ad32680a9d82bb50df49f0a19a4e53043c3762f05a8ce86a2c64ddf030bc7
2CH	35	418800	3351764	97a4dde399b6f5f3bc7ad1bbc1876fc6eb66196d314669b7b904c9f71d656f19
2CH	36	344952	2760979	31dd0fe3fd31f07e94b78b58ee2a5e210dccf5e024ecec25011babf7879faaee
EZR	1	171120	1370207	badc48d29b7466e5d7951dacef29e819a88d37e08dfacefe5bbf0c1aa4e02183
EZR	2	441312	3531683	3f875d6de8a8296dab6720fb42f7329b49490388b118cfb51db774c6cbd6a5fc
EZR	3	243600	1950125	fb70396ee744cf1c65591aceb0c83e6c9d6e8449d22c0add8d4b5535ca7d38f3
EZR	4	337344	2699944	0e6b0882b0ca7abf75bbddba09ff8c0218746e4d4e7d99d1e390298ee074e0b9
EZR	5	239472	1917106	cbb39fd5159e26c0eb21fd8d12fec77533b916b8a9ff994507d65075bcd61612
EZR	6	333720	2671105	15dae4511d5fa00e048f1a86dc936d516cda217a13498154fc503a1a75f3d824
EZR	7	356088	2849991	a8204c7796c946f8f746a9c0f361a7ec273b59a43de2abf58652f53ea36f1510
EZR	8	422136	3378292	b7359e2c72c50050ed2cb186a00ae1cf9aa4c4fbdfab557807a205605a1af46f
EZR	9	268896	2152417	2a85a713e6e29e5285ca3e94b7e9d93b451b3bba745838cffcbc0b26232eb410
EZR	10	422832	3383937	9760ec7a631b945dd2d828dce5acc6503cd185a4d198d7ef0c98cba2b95be8e8
NEH	1	171504	1373347	7d5cb845e97423dee08fbba018d2e2b008e1e8143af33a88f7b7116bfd74a26e
NEH	2	304128	2434337	7012b1028e2c0a6ffa0c732eff71431885854b738d0befd64061697da29dfa15
NEH	3	422040	3377671	e6b0680bbd614942eb0309c30718a444196e89511144ae3612499bdfabfe4098
NEH	4	273912	2192547	dc240d1ba39c2620f25f093da2f672f118927fa290188760c585de9b2e2b6923
NEH	5	293688	2350745	2f9085541c5443b92b058e77168b20e98f3059da491f2846f0f6013a1b0d6520
NEH	6	262968	2104985	de96e6b3438e11e4d7de28fbc83513ca341cc8f91b8f433909f5905ec65b64e8
NEH	7	516240	4131251	b813639fa1e7b5d6ad57d673fc72e8a5943ae1ed6ab8b033cbbc71f1aa58e972
NEH	8	288240	2307277	13e02e3b5e8dd7f50036d982bcc49d2f6b4a4c41312df0c727d266e55d1c48c1
NEH	9	601584	4813987	4084f8c0ae1dae2ca97f59e46f6365d31e9abd7610f8f915693b6ee318ef1778
NEH	10	328512	2629318	7d95e2399565aa16fb901a72ed17628572535636bd9ed41db4b2299819e00992
NEH	11	340128	2722314	b1c98821b35a5308f691e3a2fe9bfe24ea9bd5f74e89a44f7803b97afc7cfb1f
NEH	12	468336	3747986	281c22d7d97729b3e0666fb0c53460dc76efa103cc069de2f42138649cb35e58
NEH	13	423408	3388541	da825565809a7a351ad4abe87cb21f4b43267b3b1357811d85f756944929600d
EST	1	313200	2506849	1148098023d0d253f06fe7444cdce71685d34c2711c7ad9d6ecd0ded953990c6
EST	2	339600	2718127	0e9a97b8875d1c44fa6ba076526394eb8828987abca399f277485d8cfd0dd08b
EST	3	233784	1871551	e051476287f5d164561c77b4964ab1ef0512b97b0dae3e45ea68f475967c1e93
EST	4	212784	1703531	9f3321dfa068e7080ad4363410fcc62178bbe7ecbb073f0a90ea38c42a72f6f8
EST	5	195120	1562261	c65a3c966df8b7e16af2f2515c9bc2f19efb2ec41110fa1c3ddac8c60d8659b3
EST	6	191400	1532586	42f0c031f4dfedee1dba045c5ac0560171fe6b10d590db94ace75a4a9c8ac969
EST	7	146136	1170424	8979caf8b1cd2119111d61d700e8ecdd4b0f9504e0ea12e98aac503714291e68
EST	8	267696	2142806	11d66d53f20f78d56ea9945288951669b1f8f2b880da68fcff337766edbb8757
EST	9	407640	3262310	cb3042a16fbc7e22c46f17caed0d2296ff5cde0b8242dcb061b920d0f6b17ba2
EST	10	49440	396785	3379f459928987b204e6c003d0ae368b28ed79e153b6d358e633d48d4a997b29
JOB	1	257088	2057957	8eb34bb6e28cd1b38cc400924fdf316fdef8ea551deca1df0d2e65fc82ea67c3
JOB	2	172824	1383788	382564bc64929ee574a4a4cbf5aef5ef0bb206edfb51eba80204128e02503bab
JOB	3	179640	1438332	870d7314da62a22918aa5a2e7a0e02ecb299bea858b4a87011a53a257ab1e5db
JOB	4	153696	1230815	303d5493d1c416bb7803ab6e437e0bc34e049ccd748c36c5a11b3c1b4aeb30da
JOB	5	174865	1400298	8d4fae0951abeaede39ea363077ed935e1c263000d2e4ba88dd7e13a91314451
JOB	6	204216	1634982	46d559db7323e483b096efdf1e1cb5709ac8ca0a820514eebdf2e663c1a76e52
JOB	7	160536	1285568	dfd8d4517c42f655c47ab3a6effc6fb18c9121e27272d079fff48c90cacf8903
JOB	8	154392	1236458	a58293d0bda4c6e83883fd34c3f9080bac6989b79d5de8b9bbcd2ba8942b3d32
JOB	9	224712	1799031	aef27f4a8a91438abc6a55c03ab64bc7cffa2383a6fd9d4d50e8c592ca212fbe
JOB	10	153696	1230818	68cbec522c007b1bf05537868355521035a25452f8024005464041b01d7ef8ef
JOB	11	146880	1176275	34b0c715db5adce1de055b60b716a3c6540ebe6a5a61da755417a1b765ff6bde
JOB	12	169416	1356624	66d4fd7ec13c3332cd719f4cfe6d2aa6f132ef419d22bb347de657c33ff3a3e8
JOB	13	169416	1356624	44a1d91011fdc741e12a12427ef2d00006730da263d99fd53a2802a4d5a26b81
JOB	14	169416	1356624	972acadd56866079e52d058974cca009cdf9f8e3af5f01c65062df0c71f433e3
JOB	15	247920	1984608	50ed9ef13d0b64086dd792837dabb0b4fff4569d613d6b1476697f7b57d3f2bf
JOB	16	160536	1285571	0dc18a1ff949577cff6819ed9606dc07bae9be67979a88d05fe15a4e7a910f28
JOB	17	105912	848595	d10c354b2d0e3c1b4d54c607225ee5b5ed3a5d0adb3927ee2bbdbbeaf6ac06fe
JOB	18	134592	1078054	a9f7044b7914ab48b46931672bb4598a666923f0cba36b53e45be71f85c26999
JOB	19	202752	1623282	4d2aac2e3a8f641ca1f7e90c178876c7bf01ca45fdcf5991267a576f18a25822
JOB	20	200136	1602384	61ac191ae25165ee58c062c0351fc2eb26e216ba3e0a392405f442eb27bd030f
JOB	21	224712	1799034	49d068fa540154ef146fd337dc43c979a718a5194c99149b3c89d39befe04789
JOB	22	204216	1634985	7612b356a89d37bf15a384d8e638c679f9dc470e1c174d8005120af78554babb
JOB	23	126408	1012644	ccb7530a15e15ffecbc836e7ea07272b488a8aa4a6f711f94d84dca3b75e06c9
JOB	24	202848	1624118	121f1720fc965ed16162f6a495c112a79b054cb09037cb5e65e62481d1f5af4c
JOB	25	48576	389885	e7d5f359dd3afffc1a0d8c403b767941cb5c26215d0564055e502afa5faae9af
JOB	26	95688	766884	95dece8453b92e67e2dcad6a0fc5fba02859d029ba60391085c58c7d95bc5e13
JOB	27	164616	1318172	25f03077fd8767fb6237205529ed3e60ad1c91127559a128e2d0be6fc4e37825
JOB	28	175560	1405734	aefdc648f9974adb88c49b7c4f17ec0a730f3e00b696013ee80ac5617bb143f4
JOB	29	171456	1372925	32f3b0e016153bb1a348ce237c0876261d163dc3424541d3100dc2dea97e833f
JOB	30	222648	1782525	31d423feac8cd4f7c9cf3bb6469fbcb76435c05cd090e28e964b42de91660583
JOB	31	269760	2159315	fdc646915b6a196fc2086ddd817b7ae704e2be11b7fbdcfc5323778d53b61c87
JOB	32	170088	1362058	30df1534f0b722fc37e415decb35bec864c829746f5a53772f28624ce1b4cbf9
JOB	33	239712	1918988	632e4b690b34ab38eae1e9d47b058b246c0ca40c2cb2666214193329ac46739a
JOB	34	264288	2115638	d9ae60ba8a3bb70c983aa9fad5b135b1555aa2f7748e5eac29e20bc56fdcb4f1
JOB	35	118896	952458	ca46f5815ca8900df001a44866e9961a7d0ec9e47de177dbff2dc22b29dc7cd5
JOB	36	225384	1804258	f7f4e32f08e677d96acfd61bb4a2596d30df2aa37bbfd1c6571d900b377139bd
JOB	37	185784	1487654	9aef4666fe43839515b09a45c547802af8de99b65b26a01b7ab69619e497ce5b
JOB	38	267025	2137581	cba6024a7c76e99609dcca5dcfcdc7e0cb81805228ea3e1bccfddc52996186db
JOB	39	200136	1602384	c00ef0c5490823466331cdc899466ebbae568acc048027904761a2ff630efecb
JOB	40	164616	1318172	9c4766be7ac1b86155bb0ebb20389b4332c54ca5ebaa2268fb855280d03f30a6
JOB	41	210360	1684095	6e117f6215f1c2979aba3ea68a22c221164c63ef0be01e935da61739a1bec796
JOB	42	199440	1596742	260bedd559bd4582a8b4e092a6c4aba5a73a037423aa43a8e80670d142168747
PSA	1	52416	420616	538c481288a2ecc594728fad92eabe167b0e7efe3d376502e1659f5cf3fc46f0
PSA	2	100560	805765	b88c7273f534731a891dcfd0ef8dd6b8e435f596bac1db05f4b7430e89beae69
PSA	3	72024	577559	2ce2561d28cebaf3dd0966878ebf36de15d168f9744410a9bd336891c86fe966
PSA	4	73392	588426	4c68d0315685d48f7d6124fff4bfb3717d9689e1fed620f0e07f308d23415448
PSA	5	112080	897925	a67b2f56d4471d960e11552f8f467e10a2a2cc9ca80845bce1fb0c13c8ec8edb
PSA	6	82968	665122	549647f2e8f56bb9092c02691abfe7e050d71b4ec45b64c7abda5aadde1d07fe
PSA	7	149136	1194467	69394f9de6963ea8466b5acda90525614e826539535ef155efa87aa46519c030
PSA	8	77280	619564	bb7420c5d273baac44ea33f9b05e172be14d968c915ed2ec7668329be004ba0b
PSA	9	157872	1264266	d4e937d978abf7165d045c10165ac131a5775e690c1d378239b6ae91c08a9cda
PSA	10	156216	1251103	643fddf81c3d081d606e0a1ab9f07de66cfb6e7907d9864de3879c0271453cd4
PSA	11	67416	540573	67e72b3702d5159bed22bed679dde5c279d14fee4dd82deaa90a486c3159cd7a
PSA	12	72240	579234	f108a221fdffde6ab5f0e12143dc65fbedbdf4e422affdaceb1b9d6d92e81ec7
PSA	13	55608	446114	601b91ae00b27fcecde54c72c9046ac44b7d9b9cc93b7e0a38597f50b4bf408d
PSA	14	65472	525108	1072106e1cdd8498d173f066c2f03d17b39d4181ea4954413f976421889f8dd3
PSA	15	49440	396795	4e0010b283190ec43f36925eaae92758875cc3e072735a218c4dafd0783f105d
PSA	16	90072	721967	9af3e0a025f028dbe84f688c79a2694add0c668a98df2a3b4b95ec1b78ec9ee4
PSA	17	135024	1081412	7258679ec718ebcfdf6b6d64d57a51c4c3e37e704ae7d215f682d751fda3a5b9
PSA	18	368808	2951779	64d9601eb2c57698e129c10ad373ebad967dfd5f8f43ee411eb640dfe18f915e
PSA	19	135360	1084129	35744148691e385198acfde31f3643511c67fdda8558abdecfa6f1090ae2513a
PSA	20	82320	659900	16d32e66b6715d30c73b52d6e92b10f2e7ce77580f49d015daaf6509e839c941
PSA	21	109512	877448	1284434c12fbf6330245afe414cd099c4b4d536c48b12a73c18482baff6c9321
PSA	22	243312	1947841	82d1d6ebdb05c6c424f0beddd69613799b554155eac62c0f86d76ea9749ae385
PSA	23	53736	431276	6c2f0282c9c27fa04575c2fb2b7d0bc338ec2f91748ba58f1d0ca1c7ca522460
PSA	24	79416	636703	4f1448b71abeed4a316a857555758ff15e5fb56071c2a5d0c2c885685cf282fa
PSA	25	160872	1288302	c039390b23d51bbd4258efff2c6fb5041e6aa202bdcfbdcf0fa4deacc0abc1ed
PSA	26	84816	679753	0ee5010078c7e414c7e55deea6cf174207d91d890f3c3c7ea895196c76c7f126
PSA	27	137952	1104818	913a52d1c0c5657e86d300d70996ba07a64598835ccb1aa5158d24849509ff63
PSA	28	96744	775257	e61ce4a2d4e1e5836cfbb7c5659437011460d150a83731915194569d5c1bcc6b
PSA	29	85440	684769	a43925023314dc1dc1eac1d3a0f7cf8df8b2484d367a88ff94d8f9316d0584fa
PSA	30	103800	831681	9f56ef9a871681f719a9c9b126e23a1aee9eb7b39594b55930550af63e05a976
PSA	31	204240	1635208	cb0ec8e96869b92d1a7b1e547a579aaf8505bd7711282250aa87f4fa91f5222a
PSA	32	100752	807231	91aa6909c9224629c555bb199e3c3ee6a5e16eb8a71d060d1364fec2d3c0dc13
PSA	33	140232	1123208	f6a3efa81796f39461e5cc9dc7cab3e0e08badb76354c1e9e866fbe2558fd9a2
PSA	34	149136	1194470	d3f99b5ad560cdd22cd68df63cfff23177d1949c545a355d506c884bb9d63d51
PSA	35	238752	1911270	b2c4ace9a757d61a5580ec7f9142aa9d751ec4f323e0b372d3fbfe7cfbb7b4b4
PSA	36	98376	788214	7eba51424e597c92f8c5dd143111d7b149b6cc1fcb5e02f5eb9050594b08853e
PSA	37	274705	2199035	e40578c7e4d34141ea5c36bbd906464c4fc11251dfd799b842fd1dfaa0d70040
PSA	38	144888	1160406	f012de9e76f463d8633b65028058d88b4c564e7f8d5a0acdb578a386a5e22ec2
PSA	39	124560	997820	30d569e668574e56cdde89ad7f4e24d13b65676e1736f7f7ad02262db3a2f84a
PSA	40	171936	1376700	b0951ba53d90204c37eb0f3f94b19eb0804693c8c15181f3a01b20d69f235c05
PSA	41	110016	881419	3949d1054e782837414723ff838a4c04423425116555a4081d5ff813e3e67173
PSA	42	121152	970444	a74b2e4bd46bc6a82666d909a6bf6ecaef72fb40d09de8740a71afbd92deac8f
PSA	43	57672	462623	aacaa96c950d281885b7ece7459fe53a9f49e9dfc8726e2c90fcdfbc6ab25665
PSA	44	185832	1487877	8bc013a7d1b6228372a47a5439204282390345fc41178c164aec26583d7c0aad
PSA	45	156553	1253820	05a6f8d56a1ec5c343558fdb5fed235bfe5df75b530c65c16ec5079581bf520d
PSA	46	89952	720922	c8e42fa1b65823a6ff807bc8e0b6ddaa7a3a2b71ccbb3ca53d0f2c27f98ed66a
PSA	47	66792	535557	cf41b99f2e386c405162787c2534a9adadbc7d8e1683ba35e251decdb38abbea
PSA	48	93648	750388	7b390355d1517c8ee33fa0c2e6bf15a757ff3ccf18a2069e3acc7a75dc604381
PSA	49	149184	1194679	3bfed79fef338bce916870a891d0e2d4a67e582842bf7c300982964e6eea1ced
PSA	50	162457	1301050	9ed9ac44110859bfa52316675214272e1cdbb1d879592262b2647aa46261c958
PSA	51	156288	1251521	b34adeb3ebca15a0ce92b6a0c67da2d2022d2283336f7efd602e2472cd9db80d
PSA	52	79488	637121	45fddabdb49ec11023416b6d311f0c38416d138c4c52079e6471401b033df237
PSA	53	60768	487492	d6d170c2b5d11e69a4067e5713487fae51ef25f1c7ca01d140112e4926e8988c
PSA	54	52128	418320	c5dde1f35722faea19d988951706e67807d647cc0668c591f2f6ca1052d1f154
PSA	55	174528	1397598	707b285eecb37dc7ce719fa36f5527a521e14ed5e795030a80cd450193821832
PSA	56	99480	797200	27706b4f2fc256969622338f2704be4fec07bed5d5ed193266044028c31155ba
PSA	57	103632	830428	280f0a5fdf5b1e772939e43f707a4c39fa4fbdb476778869835fd41b703fc265
PSA	58	102048	817680	d3d9eace414ce4a92857fa94d92fd78393dc38795133f5c383a4672d3198dff6
PSA	59	161928	1296661	31ae111400cf27c702b55a4bf27df36a2a6de89042a0d7b260715413ea28694a
PSA	60	108648	870552	a2218a1ee5d6a8155a78be05d3695e4ca6b5add3102403ed512fed735a672590
PSA	61	65256	523436	58d8217fef1e2000ebb73c49e3affeab60ccadeaf6f9a3b6b8d7cfe03b75937f
PSA	62	106248	851325	cdbe45afb49fbe136cec45c6d7e68316c8e9d9a8ef23524dd98ecdb23b4a0f00
PSA	63	88296	707756	c69d80df91218e42ab77e4c486ddb65a2511427ae1cf15f625780b8da1f4dfb2
PSA	64	82536	661572	a11cfb8af1ce43e0a0de8da744c98e6f4ea722c132c02af5d83f95a18d624cb8
PSA	65	109104	874104	ab3a05f5a0e8c1971f14f0ca7e2354379baef6a995f93d8dee3e3de3933d0f7c
PSA	66	142848	1144106	a06ba1604dc2c5b4a56fdb554e6f294948b0cb3f8e43f206622a9fca536e7669
PSA	67	55944	448831	ea8ab74f17b20c260f4f9c1e6d5d0618dc33ddc0655edb2b3d0bed22cdaba665
PSA	68	295224	2363084	b09c8dfb3386f03de9195c2d55b8eed38fa4a07f2b2512a575430d15dc311b51
PSA	69	283536	2269670	635de52fdbe088c4c93d6c68a2cd756b9a4ab8cf956a185c88ec077c8e9f4d7f
PSA	70	55152	442561	5fabc57d1f5a80a4e15cf936514e052a7734fa1dbeed261a5c00e2ae9c9f6cdb
PSA	71	178752	1431244	c13d7dc5e62a8e6b77d24a99de49c984ae4055332ba0195a34569407993dd359
PSA	72	153384	1228325	389e51d7843e192b678734c9901df80c30a4aa4b13db5d939960632806ff1fc1
PSA	73	189288	1515672	3cb10225f705e979afa266387282ff0d9adb5395a8fadc87f72dee73e66207ec
PSA	74	179472	1437095	977948cdc29c8491f520d723ad0bd851b7b80c5c69e9f284585d503105319ac5
PSA	75	78120	626254	f278a9a12e90e448f75de9b2224ebb4e2726769297bf53d135842d6bd0073bff
PSA	76	88176	706712	8916da976889154a0346dbc63bf46c8f3ee2f7604ffe674859ef1df8cf76f376
PSA	77	169968	1361027	3694c7e417bce0b766fa545faf5369851458b3a812e3e47bf58f7411a4f1879d
PSA	78	496584	3973899	2088085f4d1b00f68b7e0cea0ec1f99d963fe439597ebb79a521958270cdcdb2
PSA	79	117120	938261	d164be44558920f6d5ad8e12d6c30c9b3eeb8d3c12b454a0ff87fbbcfb729fd1
PSA	80	151128	1210352	ce53be91a0eecb969bdedec4f9ae4fe0436693ee1338ccf50badf459491e5ab8
PSA	81	131424	1052782	d87edb51c83c381154e23347ab52cdb9f3752955d4bdc758ce3bc1e82cc67bc2
PSA	82	66192	530751	e18f3116f5fb66c6f53f79c32e92ff6a44c81373d1d12dd0a5e4432b5a2a5a3c
PSA	83	132792	1063649	d74512bf1623c7b8b4319772ea2379b445523d8c65c97417864668e51164a1cb
PSA	84	117696	942859	efbd9616ea83b74876c984b86101c525145b25fa9bad1a4143eee45a03266ded
PSA	85	96528	773585	7d306e95e2a1286e8d78f03f23fd3089f2cb188d86ffedc93c6d7b90d119a776
PSA	86	140305	1123835	903ac9ed013dc502763d2f16f29df5b14f19b3853f8cf097c2760e0b675889e1
PSA	87	59616	478297	27ca85466c92904b88a261680c8bc727d54a8a7eccb986b615e667ed04c7f0dd
PSA	88	148368	1188201	026295194c96a20498d29867f2c2ec4d7d5910caab7e3ee2d8e52bc5dffbbb65
PSA	89	375696	3006950	aa23597f8b901559e636f9a0bc50617157497b1a794b6e7c370a477368a25036
PSA	90	137376	1100220	93ff1505b0cca5c82396da702743679d09c567a1f46413cb24fb4b14cebc833d
PSA	91	118176	946620	35383427972f6287451e41db81a5783659e7b9c7be3bcf115244d943aff52657
PSA	92	110688	886852	d83cae2e56157ef239b316edd1f0ea68773c6c8909620f71a3d7ad770727c42a
PSA	93	50016	401392	0184252aba52f7c383b41d422b1889e72ad74bab6b59faca91a6c315ae2185f2
PSA	94	150576	1205964	f38459c8b40581cf2ffec53c2f445354bcd1d1008b5458b9bb191b0e3cc5c3b4
PSA	95	81480	653213	e32b56ae422e0e78ce09cacf473b3ecd0da56407c76ba57037f5bf912f668909
PSA	96	103968	833144	8bacc58b7559639cc8e6a556017d0f349998df5a39fbf4a2995e8b60a9eb33a9
PSA	97	95352	764181	ce081dcb45d8a136d75d63d67937f65ba197478d2e490ba362aed2f2117cb52f
PSA	98	77448	620821	1ccd8ea02c0a3438047970e90c9c0003b813f28e4cc4be6f390740d53dec4c38
PSA	99	85320	683933	c1db853c24bdee6c511a286c48c1361ac57f89a2885b7902aba2826e2b40f44f
PSA	100	44472	357092	cc76086ed134efc2f6d3ca5bc42a7113b59fdd6ddd667706e871b54072e97222
PSA	101	74640	598463	8118f972aabba4fcdb0318b5541e90b4f9982bd30238ec7d8c29861d60079cb7
PSA	102	212377	1700413	2381e7b0ed13fff3837b7ac5137878616c23e4f35842caa4d19c1b8c633f842e
PSA	103	165000	1321324	7fd69dc016eda19ece086405cf67e6feb32e120f294057fa64bbc5ea17350397
PSA	104	254472	2037079	fee616bff6beabb551f1337012a1cf8589f39dd6d127cafc566749daeff3dc65
PSA	105	303120	2426199	803ba7a5f52ade315d1fefe8c503e8bc6016068b3e6767cc5c2ea3f8eb7bc1d9
PSA	106	333504	2669242	fec82890a179b628dd7f0e21225bcabb4b9f0d0ff24091afd7bbd811e14afc1e
PSA	107	296760	2375417	03d0682a0d5239c4fb48bf4d8376ca83d70d096447d3a314bbd2a43cb8d7e2e6
PSA	108	102072	817892	a5efbedbc4889f607ad69d766efffdec668de4243ff7e4be0f24bccea6e61554
PSA	109	244056	1953696	a633c554bfb4e439b4495f1c560aafcdd32119bcbbe3dfa03fc43db442f01133
PSA	110	71640	574431	e96b1e6a466b6d8d75f4b11df75def586a1f53547b7c3d2c39cb8bb90e1102d7
PSA	111	90072	721970	b38a10f84de6be45961a005820be91c7abb56bbac372c3cda8ac5dc08d032740
PSA	112	80424	644648	2e7a0540701454e43edb3e841a98aa0eb809dca636c90b53c4c291184bd28bc4
PSA	113	59520	477464	ef6aa48432d3e16b606de280f98348bb9447fa0dfbeed08045b793599f54174b
PSA	114	53520	429399	62be91940ef676d2289a17899508efc90f1811fedba4fde83fcb203650db70d2
PSA	115	120696	966894	b1e077279cafab8b229b6b5a6cee90d2a43a9f90bdd269aa243b5bdc6d9c9681
PSA	116	123744	991345	b80d8a7a1ac77f3f8aa4a56337c76f982bf81f6d145efcc3f4e22fed59ebca14
PSA	117	19464	157098	ee677aa09468ece821daa1ad955c1c32788cbd03ce2b18f2583e36ded6a22072
PSA	118	172464	1381092	146d6dcc1492ce00f12175b83314ee1c51a932fe91d253d32fe77156cbbe2fd6
PSA	119	1163352	9308106	eddeee23c84e6b58f1279809ccf07d28e85d59a7fba029dad6ebf3645b7ae849
PSA	120	48408	388648	26cee757668f9a2e4dc78ef88d3d1bea91436f845206b34c6b07603167924e2e
PSA	121	51336	412053	919c0ca1d9ffb12efa119dfc647f6fad1b6755235e5e8baa6f2d11ac9409ec5c
PSA	122	64152	514453	683a61fcd42cb2cd5debff19a30bc606149e424dfe687bab4a12a34d09ecb265
PSA	123	45432	364824	fca4ca80aa3eddc14fd85d84a4f037f501b322f06ed6efbe808f331fe005cb0a
PSA	124	57096	458029	95653f57ca7ed6075c3e896fdcbcc5c30c3d101a14cb3dfd803c35733d138396
PSA	125	42792	343717	6b53bc103d5c31137be19d4735af19af0b3495d888a65c0a69702c010b56be21
PSA	126	55056	441728	572984ea376cd8b571402f5ab36b19317c61d4b2dcffe4486ebbbfd49b0303c1
PSA	127	51840	416024	18da2399a1eb1eb160e4ab4830654db9fbcdb6124852420007882bc971fc5c76
PSA	128	49200	394917	379093627b21ec1d21bfd56acac3ee4329cf25568f2a1faa5f804e93f1bea4e5
PSA	129	59760	479345	6eeaf3d302031dec974826e78a96c3887fb869344f205e85ca9f7cdf02b12eb6
PSA	130	54984	441102	3d2f74d8592cb04162bc60aee987475bc9531dcfec2108471b5ad9318b2dcac6
PSA	131	35376	284367	f5d899290bf0f5b24b3800c2dc6ac236ac524bfec9730cc62337fc4021edde3d
PSA	132	128496	1029170	a74350ac016bd979d4dbbccc0fec4a4fde0f78c6bf07b2937aba00d2057e7c9a
PSA	133	35448	284785	845a59989cc39a7802c398d9bc35f583536cdb5287c385e01a6c9a8d5d405c62
PSA	134	29784	239645	a95caa024087e54929b522333d3a712be752548a1a43e10f1faea8e3170473c0
PSA	135	148008	1185278	8e05d33503927e1a3f5ff003f492b7cd494f6e584037aab1a0c6b9bac41f502e
PSA	136	145968	1168977	da809e5f6bd131b7eaf28f02173bf2ada51db6a1db539a10d55caa1b867ad6f4
PSA	137	72073	577983	3f8a69b1a3c39964e63afe1ad963d3b94a55127fbc3d78668dd5109156d428c7
PSA	138	75648	606404	e1649b0ae50169b2f07fed2d0ed9b462faa79c1cb1978e365d81ecca34e800d5
PSA	139	178968	1433128	254da8b0151edc4671f494fa72aafa0b6a4f1814921d7df7b848f5c6aee89553
PSA	140	112440	900857	2969e82ffffdbc0d50f1b658188ae14eae43534dabfc362fd4e99f0809207bb2
PSA	141	100656	806607	c453d69159e1b3d0f8f410e14d848f6b80f95d728aa13009b19d31b69bf44156
PSA	142	71880	576311	528e334680814e8d87eb47e5baa1d12c3f726fbe9bd244537bad36250274e235
PSA	143	115272	923426	9b886e39d1250c9e3c0263184568bc24954b223810c0b94cf16cddd599a971fb
PSA	144	130152	1042545	c624a19d209b7ef61fc1c44ca651f67c82114f288fbd811f7db7a4881ee6cfcb
PSA	145	150624	1206385	c0f0d02cd476d04de9dae68f72d3a5af7fb4ecf34f06c27946a9f9e68eb52827
PSA	146	86664	694594	55ff7efadada5faee64d20a2154b1bf719e40a9995fc21c0864dc504f2e7d72a
PSA	147	135816	1087893	13b406a201c3c7af6b9693be0533f6215663f6bfee53c206a10a022c9997d9be
PSA	148	106800	855717	f1fba373e1ff8a965e0ae606c771b6f37ab0f5ae55ebdccf5dafae814ccb26e6
PSA	149	68088	546009	e868090260fabc5aab5ca3a41ba0bd7dfcc22719f303a3eff95f0b7eeb590910
PSA	150	48744	391155	490d8ac7c600cc86e0a8d501423a37ada99ff36a7d06fac15139f22641e56a4e
PRO	1	251904	2016593	e3af5259c9509169aa92ad0f7cbe40b0204a52fb903b41a19dcaf59f95f57a58
PRO	2	136032	1089559	6c9e19913d99ffd67b7d03da7ded316b3c5df5965e8ed7f30a92707c9f6e9c8c
PRO	3	230016	1841468	12a813fe73726fd00c40199a4ca23bfe77586b28e0b2fe1a65242a9076cf7deb
PRO	4	187152	1498532	64a4a309f2e404aabc45d80c3171570f96c91f3d2ef99633e43e9a8cb4b1625b
PRO	5	161904	1296449	8034f85b1a0297f470b4270e2478b0434bb32d210da747722f298e02d1a451ad
PRO	6	232200	1858813	7116a23aa63419f72a22b07dea4ada65bc809e20ceaa7c944c2722a3a31cf5e1
PRO	7	181416	1452557	1ec584820f4c223c39f50eafd7738e246818a5dfdfeeee287e2d020bdd5a5f5d
PRO	8	234264	1875322	5ab8900b1d1039c3111d51879990dd04edcafe968cecc0eb8ff664ec70c61b89
PRO	9	123672	990712	4ed9de3c647978ffacd50e25ef2e1722d121f48acf47a0988c501e98c89cd957
PRO	10	205920	1648583	6c8afc180164cb734bc2268ae9db6cafe14011610b91abfa3fb66f8d9e950b53
PRO	11	210720	1687035	1695431e605ec77ef2406c4be04c8d158027f918af68dcc30782d8e723807b2b
PRO	12	195336	1563946	623513bf74a5d9f2b63a6b93c095ddc8ac2ecc2f3b38db8feef62a7ff63859a9
PRO	13	170760	1367296	cbeaa653392ec2dcd0ed4d796f9c322b52b21d381c1dc0e500c58d05a2da4abc
PRO	14	223656	1790480	7add6821365aafae481f2da3e3e76d6646f90ebd716d7c1a545423826a78b0cb
PRO	15	216768	1735518	0de8149f60fbd8a5be889f735dfabe8c3489461c4316e3f2e7d09f04a081d426
PRO	16	226752	1815348	27e69b3ca06362ad702ce719379d866d93e5a0e92ed760f6f42f3f32d8cea165
PRO	17	196104	1570215	733c77588771f2f30ee577661aa0bef98aee87cab8466f2248d7ea07116c1e53
PRO	18	165984	1329262	a8f3dcc5b26d49a8a5e2810666a7712200d5d8592a6aa0902083662e56426c9c
PRO	19	202416	1620579	ca9a623ab49ddee39cf02a03daa81a7fb3d4d6b7081f533bd2c11bf0795a8315
PRO	20	202392	1620370	796a7019ebca8637e7350e1a572a1eaf0e40b31bf164724c0e51ad056b4e0414
PRO	21	212424	1700619	1ecf67db2c2fded820c6cd54bdeed186249e7b0dd477c53a3d5f9f5611faa83b
PRO	22	201504	1613265	505c35e75b2a07b8388a16da1bd422b6bf95a798d5e5f08984191e36fc43a9e6
PRO	23	231888	1856308	0edbaf43b5248ad0fba7b1188445b3cfce1f4de8bb9ec4e572950d734a33727a
PRO	24	230664	1846695	a9ef15d1936bc338962d50bcb25cab1f94cdbfa1f5e500e76aa5b1cadc3161d6
PRO	25	198744	1591322	8d7107ac005f0cf791ec881d007a5b71dbbd2a614766504beade3805d3e39eba
PRO	26	200376	1604279	1d4bf4c742aebbf2a7f739de4ee14270e2084c6376c8166dc3a0a3b6202317c4
PRO	27	202872	1624341	4d98e5c7f58e46f608703f73e5ff8f2e70f73961218fd93cc7855fff46c0110f
PRO	28	214464	1716919	4eacae99ea10c772f2345a4df77e221f72de7db56f4cd06861d61357a7861e81
PRO	29	186480	1493102	59bd1031fc29c851f2f7545cc057e61f68fd9df664195961e96122150f2898d9
PRO	30	265368	2124220	3cb95cca7e126eb49bb7f28e693214b04ffcd78d9e6a25a66080c6be590a6cfc
PRO	31	207624	1662375	f4df8f668a53bdb8b2cd291801e136909c2c1d24488fb505770e7e12853ac940
ECC	1	164976	1321103	622f8eec01329d518ce16fd3e56ac492a506f128b9100f56be456ec05800756b
ECC	2	319992	2561187	8107f0718a4093ab49758557d8081b8560dab6edefdd270c0713680d7b11f06d
ECC	3	212424	1700610	2686ba5c3e12922c55fd036ca9dbe76e596a1f58abccec365fa7bebb692c435f
ECC	4	167424	1340747	6fc91bbed73f09eb78b62025f7f1510117bd9c7b591221454875bfa45c55eed0
ECC	5	228792	1831640	4762374348bfccef3f256c60723eaabcf30e4cc786c38809300dfb4ad18c90b7
ECC	6	129840	1040025	e595b687f3cfd484bda6d6319029ae29988db908acd8186bc86914016b451b8e
ECC	7	234936	1880750	3b8971aa83382b6964ae7c44551214db07f7b67845ac6aae9d2717d33164aead
ECC	8	198768	1591522	de64126793b5851daf07577774bcf2b2867c00b7e3cbf8d9eae4a0acce91cc5e
ECC	9	246312	1971865	8450452e736e4821c8f351fadfd75637b5c16f79a33484fef4d3c525cb51c07b
ECC	10	178272	1427476	dacc7ea0ec73046a1f4892a71f00e64fbe549e0af617213b8883419eba1653e7
ECC	11	119568	957899	a0b99a8816c08ee7902df337ffbcad5f496decf9d0ac3d3f7c688d4b13a90c79
ECC	12	159744	1279310	bd108f26b29f91f67e21e50adf70ef9fd7761cbe562401b119d5b93824d20f58
SNG	1	163272	1307529	07c0978bfe28591b6aaffb16c101df6cec09937681dc1348599939e2594693d4
SNG	2	174456	1396972	261e542cf803b1e9266cec0b24736cf0144e8da15a6a131cae3ba18cb00515de
SNG	3	131544	1053619	05c52f014de42d4bfab4f49630dc1ff19a3284d5f7de67f56d61e4d7d2da231b
SNG	4	186120	1490177	d5deee1dff088de2b8be586221f896be1a095d8aad8a4c18fdca543b5a025eda
SNG	5	215760	1727369	1cc12bcaa25ddbd55dc541a5b612ddd10e61ef07c9d0342aaf4ae2eb6d102fe7
SNG	6	141768	1135539	910457ecf286bd1d4a6bf3184d6a0baaa84d42f738d658029b764937b633e658
SNG	7	139032	1113596	b23702530e1155ec357341e7c153b4739d670c64bc6d89ca5846d62c65d476e8
SNG	8	170448	1364789	6486b8bb51f080c98165b7115af11927bbb6e46f284795b9c648511294b6da95
ISA	1	357816	2863784	54645623f3734dabc142329f86e387ae96f99874ccd8450a67aaeb477942ac11
ISA	2	230856	1848143	87e98207124c1eb4cdd9847184904dcf1d41fff1350aef9eda835f0711a6b41e
ISA	3	254736	2039150	cb422cb6f5b2ad96f7d8996fb46b62a274384499f7be841c4c31eb038956fdb9
ISA	4	84072	673887	337d50ed677f5590c427a42d1920743cbba30de8a36cb1269ee36d9d0f99da8d
ISA	5	385128	3082377	f0b8732e99cd3a57643853df750334044dc40fd9b7da73c8802fbbfef50b3e22
ISA	6	170952	1368953	e3d7d2d8bd184e7eb7883c295483943dd904d328bbcecd582d19393218d789a3
ISA	7	264576	2117936	55e05937f1e9ae32137c45f08d8c6c64ad9b17777b6214c4fd1fe269b18a4bc8
ISA	8	245496	1965172	ba491a05b83b019eade6f06b8c91c957bc5f29a13bf4ba140373a94a1e4448bb
ISA	9	262608	2102053	40edabfef6fcd9775c0f02b77dc2e500581ccf657f5186e2f883d937a804a0f3
ISA	10	363288	2907673	5738542504bc827ece05c2ca13ce04f1d2502054268c002dc9d65ba9adcf5189
ISA	11	202176	1618687	80735604d4879b6c30945400a0df5b74bdf57e8918827a369f9992335b9be41b
ISA	12	65640	526350	159f2acb7e1275d8807ee6caf893210afc79d2e5ca433b66f97934a4442a6a7d
ISA	13	242544	1941560	512e0db19d47b01f503e62d7ad286c03b863748e190825184c58f4721ccfc86d
ISA	14	353736	2831186	7de638682eb78f85015f1a70b976bce9641dc25a959a5521a0632d30fe3b0603
ISA	15	123816	991748	6efcd295b7742027b3adae1ac7b080ba441fe0fb1f1fa90e79bad5312f0a3ef6
ISA	16	188088	1506047	d64cf9135628a7b043bf04637cb6e37ccd57dbdbfa59ef002d55bee1fe8801ba
ISA	17	175872	1408244	5279745525f6eb5db945031e0c3201fe4aa28522cad038e3179b82287e2c50a0
ISA	18	110016	881407	c4322f737c493f38bc124ae8bc2929e1fc6eef0235db07f76a04c28012dc37ab
ISA	19	292296	2339666	a92a0c194527fa4042bc6010b89660450736f114cbf7b1d9e43ea219f1029985
ISA	20	95688	766886	9609dc30ffb192d367c4e73ea4c5da1ece7273b91993d4130f63fb98638a8985
ISA	21	194664	1558500	22a4f8f5438b9bcbe14093ec14483e2884d300faf540929357225a6991b166bd
ISA	22	275136	2202367	48a1a1856be65f7f1be740948517936d0f335cc3b10dcff67ac52015cd458bd9
ISA	23	215136	1722340	02d70107154f3c802b53e081f451086ccccd216a5d85d7ad8651e6d5737bc2c7
ISA	24	237000	1897256	097d93630550fa16344744f5e1c77b0c5f9e5adb6d47d038f5517e29a40d9d65
ISA	25	154032	1233537	88047f5a6970d34066472d2dd3fe64bb6bc752e81c898825f9629c431b32f1ec
ISA	26	233568	1869880	c03d2759215164fe6debf00d9c9624dcdaea83ec373eee8582ea1f5e91319c15
ISA	27	162528	1301456	9f6dbf5e025fef2fe5db5aa30dbe90ec31a8e53eada922be8a6df5c9ae20c163
ISA	28	353880	2832231	d4516606a8c2ea7bc68efb462a6f7f0752c200f4313ec3db28c0e5fc9d1f577d
ISA	29	311400	2492430	e002ba96a73f325226af7894df9eed1c1ddc813e865bc47c14e78228897a5a84
ISA	30	412440	3300763	eaa844329167818ba52f793012560762222ac93793fdd078d55aa0e2e464f8d9
ISA	31	133224	1066980	527db073ecfa54127ff9d70c10db43d166e1a30f35ad4e68a3dbdfff630ca221
ISA	32	198768	1591519	50f6b32be20ad530a1143f18801f33d05f19e294bf9bb0d0fcba106be31d3484
ISA	33	258144	2066530	d78014ddfe63eb770ceab4aff41b94f4ea569f62328b25ea9f72f2706abb32eb
ISA	34	217200	1738850	5357c92222730576dc6ef2189d3033b79a5dcf1414a6023cfdf72b7cb45e9d70
ISA	35	120264	963327	aa3bce25abef4b98a7c64de7449c35090965d32d60665b1d3be33858f62316ce
ISA	36	320280	2563483	01acce920dcf4eb7d27dbc4b009b579be6673a19feddcaf77a4424e66dcf49fc
ISA	37	484824	3879846	705a9d94ea0f245bd9a86819822f9b1b140737c6a786f25f0ec2445963808467
ISA	38	256104	2050020	d214f516b5c1f8d46f7cd5f1ccf35ebb518ed9bb5ce3cd024ae82b6f6d1d82e2
ISA	39	125040	1001570	c08e65494dd1f80b93f1c533fac4cdcfc5db6329d0b741393eec9eba5396a243
ISA	40	343752	2751356	a2ebc6a070826a61368e0318c842181b23b44e8605b6794eb418ce014d0a1ad7
ISA	41	357816	2863787	82b433449c739309f02647aa0c026d4e9c0a0419325cb240c3ca825c18c33cf3
ISA	42	292848	2344055	d4aa6cb43571ed8aba528a69b4f9aff149d452581ba024f954d057c214035184
ISA	43	318216	2546974	0a7495e663ec45fc901bc14443eea72b5697a93d86cb071e7d45689eba003bf5
ISA	44	387792	3103696	319318fdeb5070e0688a5baab59d81be9e1999c92ba31b11fac7f55f2f0faf6a
ISA	45	331200	2650837	8bb5599ec3022e3d8fd89e4dabe87786750d0cf63113493d38af5998d0a9abc2
ISA	46	156432	1252763	42db01dedee38550e2da833d2a9d1308db98f01ea544475f3fa7dfc012c8d366
ISA	47	200904	1608447	5d2949802309970548f7bfe207f423c5ce53d1eae13c5767f4c8627bf5e2be3a
ISA	48	278808	2231833	7dcddbd3a245db6a1c5f92e8ae28395f9ec1dee492ab17b3daf32e3ce308ae35
ISA	49	373512	2989384	b87d8b17326ffaf523f4caa695e826f46824a03a6a9569e4de552c450e1234dc
ISA	50	176232	1411170	49679520326587b4acdce34e72a2cf243866b4122029dfb03bb8e635c503a279
ISA	51	322560	2581664	7aeb25b63367b9a637a0b2797420e672abd38075aa4d1322131c15366821a560
ISA	52	191256	1531333	e0534756af2cf5c1398727aee831dbe81741c7b5f3c785347a85c790558c2922
ISA	53	178272	1427470	301065c83fea5101c8301ec2030c67552faf2a59d7dc578f731377c0a4e5985e
ISA	54	209688	1678873	8922b989c7772d69d0e706a506e85a8f2b54576f61b7efe2e8b7ad436da253bf
ISA	55	174865	1400303	00f0cb3c2a0cb0ab92ca6422b6a2bf8db7ffdd4788b35ff1a40ac40afb8b53d9
ISA	56	160536	1285573	3b1e13e3bfc64fa6074eadcf5baeb63284a81033a778feae6bdd80db11e60a2e
ISA	57	258840	2071963	f69b7878ac961f71597933a34a8dd50521e926084add8b398bf7c90042dba1f0
ISA	58	232200	1858804	bb47693c9e1450f910febb46f11af3609b4b7c30cce6703716cc9cfa578abfd2
ISA	59	286008	2289302	0cc0522457848b0ad6fef83d922e92aaaff2778f2208e85d36849f39a593dc8e
ISA	60	275280	2203620	3d86c3217e0a35d6715a5b0c877f55021acbbc265ef35196d1d699fd0f207b10
ISA	61	174865	1400303	8468fa0695844bf8eb75e275f04695d10452da07e704cb247b16bd53dee16830
ISA	62	155760	1247330	f1a43ee35cb810bfac4ba08c202978a815bd800fa85d938c1b0004c33c46a661
ISA	63	258840	2071963	28362804decb0f58855320d68b6352252bbc7f2fa694dd7082ffbdd48f221c00
ISA	64	141744	1135317	9bcd691a4f120cf2c91afdd4f8867bc3f9493ead5e5e429ca55dd482b0e9241f
ISA	65	331872	2656270	ff8fa471831639f610d54e0d49c0a9eda058520816caa197bf3a06ec7b7986a5
ISA	66	357816	2863787	cb852a36740bb2442668786f915fa4c957642a87a67ee4010e301212146c9923
JER	1	233808	1871762	ebbacd0797da3e3b73964b3c2d8de5cec70b4ffb989d37421523131945347d28
JER	2	473808	3791657	a187831a1b86db489e663a3caf9e7cb7ea96ad95dcf10e892ca8cb553d70e30d
JER	3	360816	2887821	e7a885f144cb6d05274143f8c668e2c5e87c8eae1ba87b74269c2f25769ed9d2
JER	4	391944	3136924	e98fbdb6ab84d30ccdbd11e28f5902504786ec2425727eb6995c5f08b5741233
JER	5	392928	3144657	afd23c47f2fe91c611dcdc5041cea616c19c71a8ca02f5cc8cd5caeaa95829a8
JER	6	388080	3105995	2b38482569609515da71ee87d691e8e289e1e988c16f6fb88eaee7471db5c4d0
JER	7	434520	3477352	120648c9158ef75ebb2c7b40577a3bd5732afdb31d92f54bccb93389591d4fb5
JER	8	308496	2469234	4f53750c5302c31182cd4a48ea2ac998d8db0f97d25b0dc006b0b1c9db4205a5
JER	9	354672	2838710	1d348c0ad79f3e4362b40dc7387795764c3968ad811016560822ebc5e8d13f4c
JER	10	298128	2386273	55fdf676b85e7266f77e76a2e10bff2099b1f50d950b1c6204500ab35cb908d1
JER	11	326424	2612597	a041f077992c5db4f28de837a45a6181704e189c91d21c5fdd93bf62b40f2fcb
JER	12	239760	1919412	baca4375521fbedc381245cedeb845ab72463c2920fc400333d76034ee1579a1
JER	13	334416	2676545	01f1a720841bdb9943e4832f1b6ddd910c8adf4481679e273355c4f73bfa90ce
JER	14	322824	2583967	3f687f4b42e82efe2a84b8ba7bf88b06c9baa9d7d738bfc81b5df1929e8079bb
JER	15	300000	2401319	fa0e76d35ecc491fb70acc5fd67f3ef8456928fe8873f30c34861ab540112918
JER	16	297432	2380839	1adf16e847348157e5f694f10700da850ab22db7a0dc87a89a325188d73410b0
JER	17	356880	2856268	177510a2184af078a3253c3f19d9f9796a82e32586b67e55e32a303873643d29
JER	18	299184	2394841	6ba03e9d1523a171b8b6d44de44eb2e084ca903282eec5d5894d612c29141408
JER	19	226536	1813668	479d58ddd20b9dc35683df17d50ef0fb3af1c34a1d737f1feb12c8f1f541ab92
JER	20	263112	2106240	64aae774ad40faee73ba5792edb1e5de0469fa227c1a9b8fcd4532f0841f3df5
JER	21	211728	1695177	65b695902b505323f21a0e34ac4273798c9b536e1b453f0d36eaf11ac510e915
JER	22	377760	3023451	d76fe19f72ae3cabfe787be9c85a3550cfe407f3749d4663a1878ee48c0c49e3
JER	23	529296	4235742	3797f17c1fb2dfa708915025825eaf7e276fcd9f1b6b9b5554f7c8368db62220
JER	24	158424	1268650	44fccb4ad668850af1188f0c92e5a81a8455efc1554edd9601e5164442b4de07
JER	25	494232	3955082	22417316329ba1a2df3df89fa4dcc8e53e5ab56a34ac3c99ba811c57f71b00eb
JER	26	336264	2691383	cbaa871a49d11fadf77d919ec3c59f298d1d1051b53b6f230952c53a29f5df53
JER	27	319248	2555337	0f036e1595f12d494b36434758ce0a260348026c8cab2a93a25a49c77549b7f1
JER	28	237312	1899768	5394798bab184fafd8fac73f8d77157578a7b2d03e277d5cb21956f1f5c51185
JER	29	455568	3645793	6eed75c2a67a3c327b1a57fc6f67121e4c8d3ed453d25650733bf9f9c79b4226
JER	30	278640	2230374	8f2f80024b7404a1047e4ffd9320ccdadad524025af392551d6d347cefd0685f
JER	31	519528	4157584	ae71546100a08ca4fe2b1f575c2711e9816e6aecdeff3b2d8c075e4f59e6624b
JER	32	604008	4833424	c1fe3ccba36eb863b92a4ffe5ef9a414635b3062775c6b67219033e71df20239
JER	33	345336	2763899	2d6fee3a13ee7ee51b8ee551e3eea07b48aa1a2a93b70e16a360b362ef09e9b4
JER	34	357552	2861701	d6b6a3dd606986245c045fe13ef366f6c7d1b5555a6ddb416a9299fa7ea1f039
JER	35	290400	2324415	d9e072ab483c08456adb1cf0a57d4018ab610e5033aba85e7c82937e6b9987f1
JER	36	486576	3893851	e4aff82cb65f3fe0d5bc7f2e08f4da2b51ff502ad703cff2e3316a0bc54e09b6
JER	37	269304	2155768	c94de99b8e9e5960821f30d1ebc02297a2ca524b87f70415fa2b35ec82c50169
JER	38	421104	3370148	710d22c05ab0e5581db21f28d544c90b0c263cf618af21f48a961afbf9dec6bd
JER	39	240096	1922129	20f3080681e8383f5c72cd82cb088d71ac20eca2c7cba84b3b3b246b09fea41a
JER	40	293448	2348865	14a92cf679ae76f0ebb74ff25b8079635538c527365507cd4d39a4f6defb7cee
JER	41	254064	2033724	2721bb29d247410258e3e49f4be72915e0c28963f75355df32296b9c7047c508
JER	42	303504	2429322	e2d47ea087eab273bb8d03a2500953f9ce9d97004c293990a80e3feb112a423f
JER	43	191928	1536771	9cb179379bb8b54ed73a73465bf9e8cd941d90280b11e477064e95013179e01a
JER	44	484896	3880477	82e2dd97660ec0239c4be69fd6f5c819d9459772ab27fc8e745c820d825f5055
JER	45	74976	601169	d274f3dd70bb628529dc81d02a3300c893a8ef5da40f8a65be5b70abcc500cde
JER	46	363144	2906423	03c68bb26037afa3989bb124e7e091a09c086daf891837beaae857772a2d06ca
JER	47	98496	789251	463fd128ed1194d27934411a79d3f472b1ad31c5087a3ffedb2ebf29dc72c5d8
JER	48	534336	4276075	315caec550ad1b396f3be1445971e43dd8f26224dc09e02bfe34fb255a24fae5
JER	49	547920	4384744	60a83254f99cf2a9aa7175ba5c3079cddc06d7b546b260896a43d572b56f7d37
JER	50	625488	5005205	b1e941b15a766af81bcd9716a62d243017bb7fc55cff3b954a53d670f546190f
JER	51	791064	6329717	21d50ad8410b4ced544eb5f7d9ea557bc52f73cfb0ada1676665c84fb8003cd2
JER	52	439656	3518524	c3d390ede6f845f33761569a88cdb1b2a00044f6714b54b918edf5ea53dce26e
LAM	1	343128	2746349	354f916424ac3961c0efbaf9f6d42db259ff2d85eea52e31ad50b2cfadda52f8
LAM	2	354408	2836629	1698f47755bfb9225a5f03ad67eaaa75b181b1353655f9b51a1cfbf92089c122
LAM	3	381696	3054803	8f54c26f784b8fbcf7023ed8e2529b37593f578f46f406c3f84e692293404265
LAM	4	256872	2056299	d4fed992b675b67c35e012f8309605d1697f74d43233508467849c57dba03071
LAM	5	144336	1156015	3d199fa42f3cb7f07cb23ffd53ffd2456633390e5581e0917e8879cd01a22ded
EZK	1	382392	3060446	e6e4ec7d6371474fc1464d37316d29fe72f9cc33462fc5513315efba0fbba17d
EZK	2	131856	1056122	cc85dea843424a7a5273689c75accda4eeee51bc046cbebce4c309d2a6e42c5e
EZK	3	368544	2949687	e17715fd7ef07fa19005230362136ee317e6316a2a4ba920d1da02495307451c
EZK	4	224712	1799045	e5023282698534fccb59f071815bc3b14f02e79a55a399e6a1010366f311e280
EZK	5	273000	2185239	f9a51a51f7a6fc15446d412a25d1b4655effaa8f52fc51969ec5187b8bdc3d89
EZK	6	217200	1738859	8205635d3d036dd1f7e7d9a52d7350423d76cc06dc1cbef91bd71a4595ac42d9
EZK	7	351000	2809252	18ca39e4f0902491401c2c11b14e621a1b863aa851e4dfdb74a327c026c04fb8
EZK	8	279312	2235812	1b2d460d3dc91f6f9b804047239b54d1e478d72e77a9b1ef992e43535fd55f47
EZK	9	181008	1449422	2454341948d43a957e007331667af2afbea40d7fb1fb186669e8faf2e5cbc770
EZK	10	278640	2230382	643edf27d5224779efa2b5e6cff50628fa74c0dcab51dfd18f7b5b035e44eaff
EZK	11	330504	2645415	e26a3c1a8767b212bfe67e4ccbf14d6e4999efd0171b42a201e68b2a45f196bf
EZK	12	364656	2918552	42e0fda653d386485cceecfe647cc171234bbeff18174cb85a18a5ced5330788
EZK	13	342792	2743636	234426d99635309fe3c27ba596df8e9382401967c169b3a0c62923abc4e2ca56
EZK	14	359880	2880308	ed183ebc0a9ecd2d6164981def5d7406a3e018aa3b3bd48c008d7e738b823a1a
EZK	15	93528	749552	1a8e94ecd9b6137fdec3704fc1399cdd553476dd42e15ff592e74b03e3110892
EZK	16	819048	6553752	37274d92a5c24fcfcc12152c93f953459e8f11d9a689a97d0ab10ed283420282
EZK	17	349632	2798388	23d13338ee14c4c694f0d76ed12d370612709b7540deea79591a0739a5fef6a0
EZK	18	395424	3164730	4a028f202dca905cfe83bb1543232d2bfa0c708293dbf9b94b76be288cc0b636
EZK	19	170088	1362072	6aef56fc37fb3708e83f4563b490200adf365e934f7d345db869d6479b227caf
EZK	20	752976	6025033	7456ecdc16cc51eebc9ec19fd37c6849243915fd8928ed509ee24dccfa7a411b
EZK	21	432672	3462734	63b2c786956ef59f2ecbafdb18c2180fc8de0f9ad4266eb01bf02d7968122d04
EZK	22	391944	3136935	a73a93b030a08da0210a1fff1015ea8c2c855178fc9de39b24a65f9658f1c225
EZK	23	644544	5157559	af235825530cad85a55880f6bada704ef73a36a179236e800eebf08bf4cf7ede
EZK	24	341112	2730261	80d98ca40849adfafa1ad7b5aa78add2c3bb0defb6f01b02f05ef9a49428a1c6
EZK	25	228120	1826215	b3b5e85fffb122386df04032fa0c731c2348b7395b80206f06d7108cb8c82a84
EZK	26	283416	2268625	8321d346a151d5feb7a7321408651c68dd93548e52f5617d33d6987b8836f1e0
EZK	27	442896	3544445	fda4361583c413955c617a5430e58bfecf5284e133c18ad34dc4b2d3f43c9e38
EZK	28	348264	2787312	ed5fa1bc92d9dc2a02ef1993dea25b0c24128bb2f4f4a2389cc6d373e3f3bf40
EZK	29	302520	2421389	b8fd96a2118f3253987b3b6c6a171b61634834e9de4728c64042a4243a777dda
EZK	30	313440	2508743	d2a160a6dbe080c9c0847bf0949c61ed64da1d1c158ae0c839019ff7ff6b9b90
EZK	31	292968	2345112	5ab0b7975d1030a4161a3d99fb71fa3c2eab7e41fa4284cdb6e1484dfa83b4b8
EZK	32	471816	3775786	b204f2510622e4cce9c187ff1085b4cf539e7dc996d4b13f2b1370bde9524091
EZK	33	456048	3649771	477c1d146938f95f10ee7afeb2f361a626385d943d7f6f64ae506da503313766
EZK	34	396048	3169745	ea3d54484b4dbefc6c60468cee49589faf07917dc515468af6ed33ca849bc06e
EZK	35	181704	1454859	f98535ef670193232ec566650cfa73de884a3122fe3e6c00f3dd98819ef14d1b
EZK	36	535992	4289249	42e42260b22dafd067464675a27dc68896762344594f5cab63105dcb57492261
EZK	37	402192	3218855	97f5759ac717556967b41191f383ebaa1ae95a8e5d46c9b4898cacaf7b2834bb
EZK	38	361224	2891175	8eba54ca1c410498240ce78e7b275565c82a9e7cdb0933c79fe0f296890bce0b
EZK	39	386256	3091378	81e89c1e5b74f2a2d64613daa4bda06a1868e72686594eb5157f16e9b24deb8c
EZK	40	652680	5222761	9d3e76f0b5ab3b6e4f6a1b84b79f86bdeface2529a6643a2bff5771375a6e58b
EZK	41	333936	2672792	0933e589c941df3a5649d03520c2b54d78c8214394978021e360240b7a0b989c
EZK	42	244488	1957245	73d3ad26a5080403deed65cbc12272693834aa798a126e64d435848e5c713ed8
EZK	43	371472	2973095	d20e310d0cf85c0d22883abb8da88d543b642c72f71382e781958026cd8cd02a
EZK	44	464328	3716018	1da0e2b8b4ea0824d7df564e2b28cd216928bf6ae73dc7ecee075c81d7d9096c
EZK	45	366360	2932135	ce69b9ee3e6ff50ea8962ffb913d6d5d11c6a67af5e2089a85574efa75ef8f6c
EZK	46	351505	2813435	14ccb6be5f0b36e718e732744c028571052c783d538cddb4b540e9067b288ac6
EZK	47	318912	2552628	6f92fde715a7193e482a57d1907f4bf5909ff47e2ddbea20712e4a0ccd9721e4
EZK	48	427896	3424491	3626f6692542a3bb7047e9a1f931487d1f8cc64bd98aa669b51290d58d20d453
DAN	1	281736	2255241	3470d66f1afae8746af3a0e95919a7267453ef66fc187c423d2461cbc299e7c9
DAN	2	656640	5254307	981e8fa55ab9f4678ce88e3e3956c3d0d113f2e1b34618e1fb43f09a7893c40b
DAN	3	475728	3807124	19414bb109f918d476921a86b98026d3883d915980334e8a28d320911e6d11a8
DAN	4	556536	4453498	fa98b3da152a2f3e067d0dc778672d7f2c9f6447b5e4e91a7123a9d840c83579
DAN	5	448656	3590621	817e994b72c0aa5f8785d950357eb77ce0ef8fcb030ae0577050b4b457005acf
DAN	6	416664	3334621	d97d2926fd700b7022eed761114ad1fd1da6813fc1c45aa518ad8672d5ac98c6
DAN	7	401640	3214458	0ccddd0fed7f8bcd3d963ac08b9e966cdc1f08365de109e22d9bed203c7f3b8f
DAN	8	342648	2742373	50a7f5ef8d33d0a03617043eab930c7d9bfc722ff1092eb2ff6f457a9fc43ea6
DAN	9	440640	3526464	b806fe1766e9934c55c67d815f687377787dd9c725dc18abd02e31f6f89290c2
DAN	10	262944	2104779	7e27bdf4bf0ad8477908831a6cfae1adfb872a5187491faf3bf67106f32ba61f
DAN	11	587544	4701559	f22769a67b8c6250925126483f33235367d2cf96edde7cb2ab8785014bfb1580
DAN	12	175920	1408668	a577038c82cea4226ff0f8af50ab9173393afb0f141bd8948b83d1b0751ed4f9
HOS	1	159216	1274912	ac802d3fca5c47a27d7d068d2c3f55e38d778f6929451c1ac054a7335c10208e
HOS	2	306672	2454602	8fbc9951989583ef5672c45756a810f4e214cfff3fb2240ad4132f22e419e9cf
HOS	3	75240	603252	06dacb9e809237de7bd708e38f400bc3c894035674b630f49ef0c83318c9d2d3
HOS	4	237720	1903105	420e109d8cc070889ea29f1938ea0360965ffa014fc939b4a314ce8501ede2f8
HOS	5	177648	1422452	c0ad6f22fac9d94aac42e8649bbd314d88c2127714012494baeb117a5502134c
HOS	6	121656	974608	0f056b4716dde1281600fd0276f58f9af96e826ef38ea36b75b5a19f6d67ccbc
HOS	7	211776	1695588	b8c122770dd806710e1bde07ae890008e681f545e65414e95b77ec5ba6d75457
HOS	8	163992	1313155	2ed0fac716ed34bc149f29b7237f1ff0724847159c7ebc736b827c8595217595
HOS	9	243864	1952215	56572c20d297b5ec8d8c3808f3f91ec16ef0057571d388c4748a7f9eeb31cee9
HOS	10	196752	1575219	ea853a854e7a78f7cede79c22956c9ad88b477759aab1b2eb8993b2cda51a071
HOS	11	157176	1258615	ad4d1647c0c56a811eefe166a79e418cf6dc7fae9abf8cf35c4301be73243d03
HOS	12	156480	1253181	9f12b8b343f81c7fc0535ff3fd51eb5ccc635f01c525c7132d10e60ac44df56b
HOS	13	203592	1629971	bd866f9aa9c70bade3edd2d7beeed02cffc2ac84cbcbb01676e422d94a0c6448
HOS	14	125760	1007421	55c399378f42bb63e59b7eb710be3ed4492876dd145e96c1c5718a30df2bcf43
JOL	1	241128	1930274	b9c0de1f3f373882a5d38f7e9aacae51c08d150cd4c59131ceaf298704162a1c
JOL	2	421368	3372233	3e79df67d6ae74cb5707034fa50d553a05f245cdd474c4e68e167c0a3370202f
JOL	3	266400	2132566	8bc96413d8827f788ed8684399e009e5e3390beb252357a17ae548e8f544f1c6
AMO	1	205824	1647941	a1f9f969759f9144d4d78c95dbfd9270da559223fba65abb0f428c007834c2a1
AMO	2	203664	1630595	a5e48b4442a43dbe885b31648a0dd24f25008753cba1a46c0d7321131838fb3e
AMO	3	180120	1442305	75d42758ad26365d58b97a308c67eaf1ec7bcb55a57523581e24cc55123ec19b
AMO	4	209664	1678661	b2dd835b8196cfa049c1e761b753938e00ef76ed1cb9d06ff1c32d0cbc378f3b
AMO	5	298728	2391072	24ed89871143bbc7b2c5394c2e86ad8e35853a09f54f89ad9f106dc1886607a4
AMO	6	178128	1426213	2a0115038569d1850587ea6b4c7059c345ace12ec87de460eaace0df9c4d0240
AMO	7	208224	1667167	71c2bc0dec37fb6d86fb7f35d1e6d814b85bf4398f693c94efd392d17a3313d5
AMO	8	183120	1466337	7acc15742a37df03d2a5a9b6be63702fae75aa85f1872b7c3e8b79fac3fe23dd
AMO	9	230640	1846471	55654fb493a5ef7415ea6f9ec48f9a07ee56fea3b20f3acf1d67bbe0ef2fe7a4
OBA	1	281400	2252521	ab8c700689d90c5a26b2a7dc986bcd63a4898314b8bfd961184e5b61a8e4a222
JON	1	223632	1790254	18a43a8ce86250828d1c62cec0662b7a3bc6d997f5a7e7d6d5451b8f22393786
JON	2	101640	814319	497e0fc58269c7a3cb7d14561c0bf101f76777695425af279e0eb9b8d68a2ee2
JON	3	122640	982339	cad3465764e42c2bb7e92c737e1057ee6830db8974a6c7faea8329a971bbecbc
JON	4	153624	1230188	6d0d1aca8f76ba5ffe9cde88c756eef5b9bc16ab408238bfef574d08d4b1fd19
MIC	1	206328	1651909	1a6547743eb5bcaaf332ed988877bc9ad9ea4100492359a293647d4e3332c13b
MIC	2	175608	1406149	a0d27a70872f4a9638d4efe4d5debd61b029997b0d93a8cf351d9a1ee5d80326
MIC	3	155112	1242100	1f3811a5f34a22416f51dfd4ff721ddbf7a00a3614710f5604139273c6a4b579
MIC	4	194040	1553689	9dcadafd964c56ca7cb0056fd90ce1b5a2c66bd0802be149981933141af49c15
MIC	5	181752	1455259	67e58f20895bc7bcb8438c1b73ceedfbda1011ae59469c28f320cb19bb1e5838
MIC	6	200857	1608233	710ef6bacf5960f8d182dc43b7bc358dcd28e8993c3e9ad4d976254d05dfc494
MIC	7	252048	2017624	fbe1227ff075a814a5e341f73589073d58cac260f3a34ea7facd675087f3f6b8
NAM	1	191976	1537183	38ca10e1a870a95a26caf3661f0842d6b015fb223e4f5a30500bb75f4ac61b27
NAM	2	168096	1345967	6e9c2525368effe48b4855014da33bc2f54a7ffd9ce2dc0843258f53372dc9e4
NAM	3	237048	1897673	6b95983b34bf8b917e86ff76a8e922897a5ebb5ced8762744ebe409be3710e47
HAB	1	211992	1697262	5b1a84f3d5e1d1d25f91cd2e4bfade64ea7a36b45ee7bf1ebf3cbd4c533b2c5e
HAB	2	257448	2060886	b11723e4a10851e51bcf2d847a3fed4be8c34f4b1f613da9ca1481075575e13c
HAB	3	230520	1845428	a92b4eae2936bea32c7d46cb59fad093a1b95a7128d098f37875225bc09cc13a
ZEP	1	234984	1881170	88f23f5796ad8c87c16c4dbfa1721b54ee631eaacc104a74d16359fa1bc8b476
ZEP	2	202224	1619109	902e869277a500bf5b343c9af0ee505494556abdc11bab34a0b17609657d7dc3
ZEP	3	260256	2083253	970570fd08cf662116e405bab38ac1dfa1f72600e4169a98109776490c191a06
HAG	1	209136	1674272	cbb6bcaf3d5875dbd8657d0d725712274b7996f0f908c672e4609ce995d76696
HAG	2	317952	2544881	5d5f96dda16565e4ed521394c9c3f426f9eb2ed3e9e38f69ee16aa061ca3a927
ZEC	1	280728	2247087	6fe28d212d23919d2a545c043679e2fffd513c3075b77378a37f452bb171bd90
ZEC	2	139417	1116717	e733448816c6b63f340e5319fc1fd3b25c2327ae749231d0645d6134994035c5
ZEC	3	137376	1100207	e849470948e1a5b75b19c6eb340f37a193b1c8d3169348691a1612f6e70cebb2
ZEC	4	151032	1209503	ca16000394da4da4a8e47e3a10d847664f25b209d7d66f9fbd6f0b005eceba83
ZEC	5	135312	1083698	b5b6f1b9d684ed3ab627fcd110596e1503dd315e197ec167ea33c5cecdeeef85
ZEC	6	183096	1466130	c38c80fcf689f0d0a184703975b69b520c5343dcfc34e45dafdc73dda94ef452
ZEC	7	170137	1362477	540a8bd75fc191549df8b31955014851b6bd01695a74d02340d153a49f8c6046
ZEC	8	282096	2257954	5e1911654e0b88f256f04d0f4adc77f304b13fc0ca639394fbf955ee9efccae8
ZEC	9	218616	1750134	52f37d541e68324911b309980f380fb5d62ac85ac3ca959ae943a973e6b2167f
ZEC	10	166728	1335103	2b1213dabc6a210290ab3fe32bb3774a39d75a97d19b817aa6caa5135e23ff37
ZEC	11	217248	1739270	d76457302f13f74edbe96a223362d4b21e57bd05cf85f149afb93a9c731f7e58
ZEC	12	207672	1662574	683727822cb746f8b856ca9a407959b4e88c683d5d3b30db4757e8943dac6d01
ZEC	13	133944	1072834	936d84c46b008ff6141250b7b571b4c10eecd70d0cb1deb32c9d7813a6c85045
ZEC	14	291648	2334444	a0c8ec2f1f95dc632b04d3eff457454b986e4a3af1b188153915e9a88de7b238
MAL	1	230904	1848565	a5e2a8c89187ad416f1479d8eb7170a519d7c70b26d2c305023ec52d18d64658
MAL	2	239760	1919409	1a0300fa65d6f7079b12e27dd1512c2047a7c7ae2a1921943f384225ef3b96ee
MAL	3	258192	2066740	03f7227ba021b3055da5a7cfc1a57fd2dee688ce18bb977d60ff38aca5ec7426
MAL	4	84120	674309	ab8710f361e494b70689d682478a32161c0695a8eb784d2f2af203655686f3cf
MAT	1	230904	1848565	aeb7ec90274f6d4f9ccce26e150dff16590753cbb9737590d1abc325179b3d0a
MAT	2	255480	2045215	039a7ca4dbc5bbd5e1b281454c6eb7cd51e3635e4e33faa2c2c9925ee59a9006
MAT	3	190608	1526110	8daafa4dbd69bb918382b764cf2f47d95b1a2545b9ff672852d456cfdb4e6749
MAT	4	271848	2176036	6444c05d9026d4758b8d52746cb2f45854217b01de314dae87f16dd5afeb33a5
MAT	5	499872	4000219	a6837f2fc4ffb5ac7a69ec848c4ccc2f6feff725921f4702329da65ab0eb2aac
MAT	6	388584	3109966	c07a05b4e8d7c2a75cf52de281a07fe39658b5e0251bc6f4bb66c355dff052bb
MAT	7	299832	2399853	1dff6b3ac578ca2d797b89c8a472eab0d476a02fc48d59d34ac9787e5a68289b
MAT	8	370848	2968069	38c866c8df12758c9a0f0bd2cd49d48e071de4e376987681dc623276bccd1d1b
MAT	9	397464	3181019	235ca9f8a2cef912f8a2b4aaee0a599517c220f2b8c05254bcd39a59ad51e1d2
MAT	10	425448	3404839	a853e00b7d3411e51b9d659e9033dd2f2a976874bf78ce743eb206ddd7feaace
MAT	11	325776	2607582	7b4b48ab14e697467f5b6f0c5a4e1a3c2b6f785b0db47148c3d885d03127461f
MAT	12	532632	4262282	e72a642ff63555de74713f4e2a157480d13697f5d64ca65f3c3924ebf1471a5b
MAT	13	587928	4704692	0f8eaeee7973d05a6cd00b99c24474aafc13a5f6b0b95f49816ee6a8b800ca72
MAT	14	320328	2563905	acc2d376310a08e38d06cd75c69f2732e52276d7541a3ba688ec75e6c009aff2
MAT	15	371520	2973505	820bd16dd5e5213aa8330f64344969810c6866135d355540d19dc74d4d473b03
MAT	16	321696	2574772	50d412bc405cfcd26200111d353451d82ce857291f8c44ef093d7b929ef9aba7
MAT	17	302568	2421799	723127a2a808f475a805662b3a7f01c71964e303443745c83ece9e70c7efcb0f
MAT	18	417936	3344862	2381c175fafe08dbaf9a5bc758c0976554a9b9231b09a0ee4e511c7aa6b5f864
MAT	19	361968	2897019	60ce7bb907b07d9c5456ce3b2230c2a25651d297e1a92e9a8dafa2692fd63609
MAT	20	370152	2962429	4ec41f882127c50609f90aac1530fc5c36d8c9c49a9a3390711dfaabf43ee829
MAT	21	518976	4153195	09ff6111cc8bb464b46efded5b1598d303959e19eac3ebd82fd0447d26e5a3ba
MAT	22	396792	3175588	466b6b44a8de8607ed82fc30bf3d9d0323528f5d3f872578ce3a64eba899c74e
MAT	23	415224	3323128	28ccf84029f453d05f2862f85256173b3c720244d0f14dfdd4445aadb582861a
MAT	24	427512	3421348	15f71f66a83a74c1761cff74ea48d54165c53b61d616c246caefbec18ac9f8b3
MAT	25	477337	3820082	e402499591770b3ff6634b603e876646c1b2259be727b46955e2abc2f9b21b17
MAT	26	759288	6075598	346c09998c0d30aa04243e7fa5f06f9068c41bced59411041415c963b7a108d5
MAT	27	641856	5136235	17d13eff676760efaf8fe80b9eb9570114867a8457592467e5693786e4af157f
MAT	28	201528	1613466	ebfe25c7410fdeadfb91f7f829d3ee29a2ca5f422dfbba2b02bc0f4f59cae9af
MRK	1	456120	3650176	4df16bd81efdbbb0a61e3ce649621baa5756ec57d1d67c355a0ea7d59b2e8d6d
MRK	2	320136	2562437	c16e9ceb49703bbf129397dfd1fbd66271f1db60b34344f2dbc4780af6363f1a
MRK	3	336120	2690333	592320ac309737e37ee19f774129a2220e00ce03adec2178bf21ddb479e8667f
MRK	4	386544	3093663	5f89d7418b3b1ade5e77c5c2b9ed434abb9ab618031a5eaf17038b48ea2df0bc
MRK	5	398832	3191884	485566ff35c01986eb082bbdec5d6f4afa286c32da8b6648f9fa787c09d46b55
MRK	6	609096	4873961	0e6578d8149fad08b4aa2332c19a34a52c5deafa96852e378734c327e37a0dbe
MRK	7	381072	3049778	9bff01eec0f306cf6986556ba4580d9dc57301e8d81b0a4bd57ca0477d4d7fca
MRK	8	402888	3224485	be44887122e0da44a4b644d67b8004e91d3db400cb06f42405c3be588778497d
MRK	9	539400	4316403	42803d187ecc731736ac8440dbbbe36245c35ae73767f99bd46de3ca89d2b2e6
MRK	10	592992	4745232	6b21f3a8e90878fa9a403c3453b97ace33a2402b1d1a744ac390e625dcb412f3
MRK	11	355824	2847906	52c8f48e022ce42efb78da5a0247050e4b6df03737626d491b7da294827cc804
MRK	12	510096	4082140	bceaf51b9895e11b66a96c471e7565c2d7534237f48baf2a8399dfe22af6e40e
MRK	13	368784	2951560	4721c08e7f5dfafa17a61d8c9dd850f061cdef3d194886a1ed6d94690b68d052
MRK	14	751728	6015201	9547c95cdd017292a8cfc73f6795911eb0d78f19063ce0692c70769207fad1c6
MRK	15	447984	3585186	1d26516e532777c135ebe9e0bac900975ceb17591e0a5d317f379c030e67a809
MRK	16	214512	1717327	4bb067c6652106956df895c71a2cd33a751dc7e767698ceb6445d05eafd02239
LUK	1	732648	5862434	3aa0a0162f04c823f3d6d4304cef580ec3a4afa120dc721794a08e7867eeef27
LUK	2	509424	4076703	a885e3c07f8e8f2945edb136e3985327ac0e613a20ed80b3a60187ec0457dce6
LUK	3	464376	3716214	dbfb6396ff9affe3c758d1f8b348294ef39df0dec30d62c4a00b59e38f795b1c
LUK	4	483480	3869187	c32a30ef52cb0c57c4a3e92b739a47ac9e58989fd58044d85fef5c8e463bbe73
LUK	5	444576	3557807	42554d73d2ca7a7b1d806338f2cf8cfb3b406c7cfb5fcf582c17d51c6b807ef5
LUK	6	557208	4458927	8cc766e74af4fd7052cceedcf5fe971bc610e83b81ec102fec466d2d9137fa60
LUK	7	547656	4382441	021f2f7e1cff908ddcd87938a29f5e397635ca099ea6d8734875dc50e157d513
LUK	8	632304	5059743	1db6d7107dffeecd7dc575a776738e01fa717a3aa55fb12020121e5487b312d0
LUK	9	655512	5245317	09d5cfde997b7904a9a0d2bfafd088119de2465f42578232119d42b2dd39a050
LUK	10	443208	3546943	9f4ce03c3cd991d2d9ce8edd571e9ba2176c9f598f74af75fd39c41584291fb0
LUK	11	599544	4797686	0507344f75bde956e42974aeaa4bf28900bef65235e42d5a49c6a8fc46069490
LUK	12	619320	4955884	55398ae6046f6cfeaeb6702920a5948f9d70ee4b3775b38e616b77381a0d4ef3
LUK	13	379704	3038914	87d9f45678cdea97e14ca193a017aba3ccf536eb5dea5d775790b22626624b89
LUK	14	357864	2864207	cd4cdec337f84460fe6c969c3ba083fbfd63a21adec148635ccfaa5a3f770e81
LUK	15	328512	2629314	6c49515d5171fb0b228158631624c378bf298c3214a626a5fe432ba09ac28c12
LUK	16	372216	2978937	05a9c99c008790e79471295501890a27e11a41bda8234d288b5c558036dc7b49
LUK	17	335352	2684066	2123cacea913ae85b7e35605aa3f610dd05cf99de3ce1d2e6d23c4a5dd7f5e37
LUK	18	415897	3328560	772a70c05b9370ab2a0b44f2b18369c2c4b35b99f324466cc9d7e7bd7e9d7e29
LUK	19	437064	3497833	03d09208954f3f1b317c1cb69d724ba13829fb8c9361542828b782b18d5c4c1f
LUK	20	434328	3475890	dd33e8077da6d81bcdf9d03a01f9b3f4f0127cb0418d501d3d080e6e74f80367
LUK	21	334656	2678633	b84ce66e69ece52c22b164aaa8d43277620e60f390f805401ed1bc2d46fa1d84
LUK	22	632304	5059746	e9b011b18ae37e05ac995e0bd4b84ea914cf44cacdd32a6673490fb0426637da
LUK	23	502584	4021954	d085572eb7b7f879236ac754b2e5bf067cb595e6dcf228f3880363a96369b02f
LUK	24	443880	3552377	ca1541a2a5354d1caba4090828d8ae60235e4915888eba41a599076903ea4c6b
JHN	1	478704	3830943	0c6f147b4a9266210638b5159f4b97feba2a217bad9361893f05bd2a732ebf7f
JHN	2	239760	1919407	e298361eadac07484f8e1e06d65e4afc706d264074db97dffdc579b0ae0f306a
JHN	3	361968	2897014	f937ac8ce3b12d920504bb5c19d9c8ba2430cabee7dddab7805ed1605bc69150
JHN	4	518304	4147757	7298274d4afc39104c7d97459b40c955b8b50f738665ba41d357fc6edb92247d
JHN	5	461640	3694480	bcfac79fa6e689a10ce1d6c9f8dce5bec35d0d586ccd69def1c39f4cc1020780
JHN	6	653472	5229017	0a3bdf1f562df31452b261fde0b09b6de3bd603c001eb1908b065604d41fddc5
JHN	7	475968	3809001	f7dc07935e2510d62f2f0a8b9f5c91dca229da329494ffcb13763c69a749f8a9
JHN	8	612504	4901337	8e51b2b8a2ebc097cef8362f40e8937e6a0072cc59c4795ea890f9564243d548
JHN	9	394056	3153641	3a43ccf951f14138e91fe204c420b0b211351ea6229844fba23295ecaec63273
JHN	10	389280	3115609	0b0a1ead12fbf183b26f160f753ae8ce30d51a84a80db9f44c62cf3a2f57ce0f
JHN	11	538104	4306166	abca185b6b2ad987e747321d0ccf1dfa72d219a917e345a1cc5f5ecf41841f73
JHN	12	497136	3978277	d8aacf3cbc420e20dbc5db5001408bc03699064c09379e5f35c6efa5e3545221
JHN	13	398832	3191887	394b475f696cae7d17bd5561f93b7338852d5b4fb53a9391313f4b3acedce297
JHN	14	336696	2694933	283e30eba3781d24d6f8f61035b7e4287d1f45176bdb6892eaa893279ff03d4b
JHN	15	289608	2318143	c2815f06a01ee428d3511cce45d13bae701f1d866e4e1ccdb0341aac9e315f5b
JHN	16	348984	2793154	327036081ae86709beac6abbcc7380c005b4000932c7e6b3967dfe5710d2df2c
JHN	17	312120	2498284	fe41d846cbd487489ce3862cdcc87508f8c3bc831a3fff6ea213c82290db0627
JHN	18	476664	3814646	bc6890787e01c47a54168cdd98e8ce12ed45a1123bdb50ea9c3ca15e2a002a2d
JHN	19	497136	3978277	82a9c9459859d5c926f5ffbdbc144e1b9f0571bad6fd861070474193dd946f33
JHN	20	338760	2711443	2afb1a3e506f0299976b998377fe3da6b710a4c62736d94acda4ea8f515af854
JHN	21	345576	2765986	dc8221b8583e12909e30abdaec924e6e75f2feec329e8cdd504adc58a33bede3
ACT	1	302568	2421828	ee181a8b62577453c29435c7cd955decd2dd2d160fe4401edf005e5854a60cb7
ACT	2	468456	3749057	6daccb4cf381d6ff22a760a5393250a4bcfaae8e3e15ec3882e771658d204af2
ACT	3	286872	2296231	59500a08a3d05ac0e7be8194d4257e5c62d2ec84d6b637157f5423a7c3af5f6b
ACT	4	385177	3082831	4f828dd39fd2f9665ff61c51ec441adc65c6104b016065f5e77872b242d16aeb
ACT	5	435696	3486788	c59aca611d85f1f39fd0176fc470aaca922c5f903f03f2de2e2db32ddee8e7e1
ACT	6	176952	1416845	29c037f476982ded2d27816e7610ed9f5ff27fdc59a7362efe26fa7df95f3f5a
ACT	7	643440	5148803	cc69afa58007f67a02cb8625a899e660a016876400b4971b7dea4f92d3b3c1a1
ACT	8	413160	3306648	4d17cbb581523b208becc85b5b32b858c7189138b630afcbd9deada6174bc944
ACT	9	452088	3618027	032d76fca46dcc470a230aebf98393e288b423d6330ba038e14d61363047da7c
ACT	10	521016	4169527	93df0aa5c0cbf3ba4c5042226f5aee1e99fd3cce3457904862d93944b3c5e31d
ACT	11	307344	2460074	91758757dea1cd6c7eb255447493661fd2504e073f0adae56aea1336cd09a300
ACT	12	290976	2329044	a4c4b9333adb6454d2a08a90b0d8d230f1b36d9ceeb2299fc42bbddfdf3778c0
ACT	13	588744	4711203	31b85ef68a864f7ddf4582c3c765a24d3f2caaaf9483f8416dbf37b4b4e578d2
ACT	14	297120	2378363	c72e35051ad44d5b88ff1682e69fdd29e79a929f6cc446b21046f4939867e71f
ACT	15	460776	3687620	43accd2a5513a5280c7dcf5cc0ae1b444d97c19da779975dd64a43174f009107
ACT	16	439800	3519810	8720f955e3f9b74c5ae3c05f377f03abd2c453445231b8a2f4d2e4e39d5096ff
ACT	17	402936	3224731	9219bc8e9f99436638ea825f7fbe97a9b5e82e351b0c034444decf1e5207414d
ACT	18	314856	2520260	8bb560d1845881830cac0b9e125a8dde02ff3a83b67d2462faad5530a08de29b
ACT	19	456864	3656274	b87ac70eb25e45007016cc6820186275a60f55e8929793e8a46800589e3f05dc
ACT	20	399504	3197354	81400d877d67bb4c7e39c28051cd1ffaf0a1cf0d6d52c31e2a186ceb270dbf39
ACT	21	503280	4027630	6646286607c6faeebcee70e5bea8aec1975605a4c715a3e68616d145a1bb1f57
ACT	22	348312	2787754	e3af0e4c72680c1643983290cf0fdaa7c362c0d3e53c7c760bc20eda54d49bcc
ACT	23	418632	3350327	088f908e602592fb6cdd6013b28206b40e53ee8b1ca4a0213dbe62ea573810cf
ACT	24	313128	2506259	d0cc95bc84cacb79c3db758ce95c4d4a87ae6a5c9922f4c28f882b99a859e631
ACT	25	347016	2777514	e3a1ac38b8ce974229a6f8e748fa3e2859e4ce93ef9f2a02c908a8925e0c1577
ACT	26	364704	2918994	50be6b57f465eef503b52867efc1f4b7086c3dfea817134f507e53c010f0401c
ACT	27	451056	3609671	5ac6d33f77917eed243648aeffb9edfa5fc66a6adea81d5f6aa9d86e6f875961
ACT	28	385848	3088058	14d9aaca4d9ec8b36a7f6ec71571f748a96184d428822a3bdda214f678930840
ROM	1	419304	3355722	4c799220a8fd9fda77293702f87ccc136635ace56a5702edb42986803f650f32
ROM	2	349680	2798791	ae13aaf2bc65474ec77f8fa4074cf79742d4d9cbbdb7ff36e79abc6d01304614
ROM	3	312120	2498279	ace21995519d67b5db49fb3b88b264590e76579646255c70db4e989ee0ace82b
ROM	4	289608	2318138	2a91875a08302ea3ab8cda3776968ebcd7d08b43914a45d4280c86b95a202fa9
ROM	5	267072	2137789	0725a8e4f7dab9deed3ad1b2de2a60994fa59dcf0f3123ac80fd44480ee66a86
ROM	6	261624	2094321	3ff04a284cdec5d26d46f4c581fbdaacb1806bcd5fcbc96be091c2631b19526d
ROM	7	312120	2498279	fc054365f4d5e133fe34292fb98637ff99434f3b46def27d099d7f93e20c718d
ROM	8	433656	3470452	c656f92fed5760bca6bf57f246f6f8fd74b070cefa3068baa91e6ca39397673a
ROM	9	358560	2869844	37d269c688fc0c15e487e0e7142fdc1d374cfc2f8a436c45963b2ff293aa411c
ROM	10	230904	1848564	437671aca2e82f020c82f228aeab493a365694903a409282955907b7ea4dd287
ROM	11	423408	3388535	bc4dc4ac85c34c8a89261c6651d0237489b6ec87c8b27de78862facd865d8d2a
ROM	12	218616	1750135	4c1d684c66d0651d307a1bdc87428517eb9722f763b72d1f8420d576ed3ac817
ROM	13	199488	1597162	cdce700ce06b27481a5a9606259710f65bf429cd0f70785262a926854c718d17
ROM	14	277992	2225145	69927d3a9b6dad4b284860ff409ba5b6b1ed474c2fc2a7f192c951469d214183
ROM	15	389280	3115607	bdd55b78ef764869ff8c4a2da1e47b56e83b0370badc65f17589ffa08b63eb94
ROM	16	292344	2340084	b9189d073f15044b5507a5c3bddb6fed44d64ba5a7e5613d247b14ea58e5cb26
1CO	1	313704	2510833	4add1ff528569f77ead419a650ab7a252ff832bdfb98ce9572cdfabb1b65f2fe
1CO	2	166728	1335114	2190389fd3da9c9a81ee86282a6b561acc5bc0aa6efe14d5bf3085fa2c407f62
1CO	3	224064	1793824	f2f3e77f883474d7a4cce1a4ec28550483dc3add620ee1780c102ca07b246260
1CO	4	237720	1903121	93167039b18c3ad166b54ecff844eb2d834afe5662695c040b0c49c2cf9d2028
1CO	5	155112	1242118	a08b6a077fc6f9da8f3b917a3782f7f1460cf782988acf1565f44def19bc1178
1CO	6	223392	1788391	2c5f42c8b5062ae8ac3f097a9a4d9f291d3cdad66cc520f0ce6f332e0ffa31c4
1CO	7	432960	3465034	1c3bbeed9bd8320f6195e43499b072bccffb01c70d9a21498d6915a1372b2355
1CO	8	150336	1204084	1304343efcbed5c731a257cc52357d5d42053c5c478657a4178b64c967f7cb12
1CO	9	293017	2345531	24f8a2fe30863c8579fa636e128299672f21cd939a1dbc80f3333850a3e93f56
1CO	10	320328	2563917	23c51a77a4e7dcb2143c1253604ed5d9f7fcbdc2df4f3af922f1e5ccf7acc0ce
1CO	11	328512	2629328	7aaaf0579facffc20d9b54344f5b7d0fb2f36eb5b12ae37a3665427d920501cd
1CO	12	287544	2301648	cb7d9aba89ff59f5c29834f281786289d86812815e1c5fdad767466c5ba166ce
1CO	13	117576	941818	494d41f55b2b1cf02137585d7336369bad6f299f77429037f00300b75019b9f5
1CO	14	408384	3268387	c40b3b07bdfc02ecfb0ed14ee47d6328f08618057e6f639e06e6c077a42c7851
1CO	15	523080	4186017	791fd6fbf3e06a0b9c6d7b0475983eeb92a4391a8922ea1da309d3d999cd3143
1CO	16	227472	1820995	46a79132bf035959dd3bc5af485f1f198fe26ab58c06c9df7db925b52ae35831
2CO	1	284832	2279911	bc800592b9fab3694458fd1db612a083cf8581c08d45b5d9168f605cab06ed81
2CO	2	179688	1438768	ffa9be988fb02308aaa1a486f5cfb830ec78924a4014e3091891f4cc55e8f6f5
2CO	3	197448	1580874	863166a259da37a0f75a7daca3083f031bd72911623723c36f6ec6d52f61b8f8
2CO	4	192672	1542631	ac33334d3f29480eb01aaee564fe53a8a958ede6b81b8da2521fc75030f04e86
2CO	5	219960	1761015	9f0cee2f42a7f1e1982e5be255b5190ac2abc987e984f274caf5fd240c887a99
2CO	6	182424	1460711	b66ebda5e90345deee8dfef7a7cfd4e76f63071d59439196e61a41eb3235b791
2CO	7	224760	1799467	4e80eb5e567176642a3ba75e227d53a228748a2dff77e47df3c67918aa47249f
2CO	8	281376	2252326	8472d6a6da9308e354c71890a93c816c6174f0f214315cb4291932174e27fe89
2CO	9	184224	1475131	6a896d449a5fd42d5be7cbd0d050879f188b1940e62c6d287fbe8e271fc14cd2
2CO	10	209736	1679098	2c997ec2aeee429e8791d12d1c2d300e1ca217cddeed6bccd2fe5ae8f07a024d
2CO	11	350880	2808423	2cba74f21bdbd9e1c1ef48ad498441c83341615f42314dc6d6b8ef7071c0e471
2CO	12	286200	2290990	68693fe966ab8b43c97d5a69406bec3fbe35cf2b2d0e13cb2b61abfc12e177b6
2CO	13	165624	1326340	7c49cfdc081ef6265d5bb9e2f988120c767088598b5bee636f0d36395b3a4dd5
GAL	1	228840	1832062	ccec9b6d4d66fc003d3e01a9b5b3405e93f0255c0ceba23d1afddd2149c66fcc
GAL	2	268440	2148875	695a52ac9f131841d3814199b15c1eb4d63584036871eeb62a3a03d67ac00f44
GAL	3	317592	2541965	9161741152c6a2f6661b371906ff32c53b9857483655d3092773c235ff4fa660
GAL	4	305304	2443745	3cdf4047e2e51faf0b55f6e434502fa6337fc19963964afdec594e49f4a04866
GAL	5	241128	1930282	d0b920651dc1a22d003a2efa8ccb694a7922a6512d69939d38c343f8a421b239
GAL	6	183792	1471572	7d66ccfea914db1921cb2c56665869a7172105bb5e283e603c506aadb29587f6
EPH	1	228840	1832058	fe3594cad04d2433f8af09988c1954cae7367da46777f8abf2686eab70220d96
EPH	2	213144	1706461	d9893dcd24db24832d9ab1d352c16d0e6cf8ed50bacd32b3575d27a5d63b5868
EPH	3	204264	1635408	6c2b0e6bc422a70ae5a46220eedf715cd3738ff0a2770f9e4fbc879296167358
EPH	4	287544	2301635	da93992c66710b22e2ee3cedb8f5383b84d52ccb37ed0b2772f9fc57677dbe45
EPH	5	269808	2159738	41c7bb78d8f68a868b267ae91d3d1a81948e3e096d1085325d33c8708c36bf1f
EPH	6	240120	1922337	8328b50a9207ba5a397578523903095629713fd722bf0ccda9538dcc8587ca5b
PHP	1	277992	2225154	5c96237266252f37dc9b9dfb135784dd7922b780a548b9fe85e1affbf515cf3d
PHP	2	280056	2241664	93925da421b4181d6e175cd30769117c3df9cfea120a27d4ad0b90683926818d
PHP	3	226800	1815763	c0fd38e09b5af8faa1994d7875726bc6ad9ec9c9f8bc6bb428873d420841ae40
PHP	4	234792	1879711	96975f08581cd6541bf3893ecd5dadd70640113bd2696e7da81d6994b2c87066
COL	1	325776	2607583	3d12be764ffe840e7a1b163cdf8b34a9f3729bbbef196df5464807dc612ffe54
COL	2	261672	2094747	006225dbf7145f364cfeb2d2b4ddc4681c4e3b0156a427511a78da83d4b183f7
COL	3	238392	1908337	6927f878c37efe4acd2ec4ee4811c3c17f117bf64472f6dbe2a14379b34c71b8
COL	4	187200	1498946	982ace7028d4d76686e7e13a85f5d847ea99f20b6877003e9653aef257dd062a
1TH	1	135312	1083718	3aa02c53fd9ffdbbfb055696ef09cb0756c02582cc524fbbd7443d8058464674
1TH	2	251376	2012214	89bd91307886028486944c54d6a817ea9a76e4d560faae8e3bee3c1fa957d533
1TH	3	150336	1204090	6fbb61530e8dc2fcbb4bedbe846706e2a4437be38f13ba31019a9f89d5dbfd7d
1TH	4	185832	1487884	83dd1cffe3f18e4a75470afcbd6d57178544d5d044253e0a81e59c2bfcc68d81
1TH	5	210408	1684534	734bdf256b4e201267dfa843afc497b4b806fbbd6edf4b14e8a62e5bf585aad1
2TH	1	155112	1242124	a85ca9d67a50ebe641f3bfde59d9f1bb685307930feb9d113128ce8b21107a78
2TH	2	194040	1553713	55ffd17270f7500ef218c662db63281d8299e541928f9d2bb12891da97c67aae
2TH	3	185160	1482660	1d0c58a65fe1a645f711f9f73723f211641d1f099d991806ab4b9412c678b660
1TI	1	229536	1837499	c08e05e1a40cd11d6b26eb11560b3714a8004fac03504f03d20ea63998043d96
1TI	2	140784	1127595	3d59b538cad9f2b4ff00eeec23819082f15e7e3b8c532910b38fd3121362367f
1TI	3	172872	1384222	60e7e9dcc881863e1a2fbf0dbd5dcd09713d1f5643561c18b53487218180fd50
1TI	4	156480	1253192	497fc67b7c15576337c02605473a9d4f52200e745dc79e78be439f487beec9fe
1TI	5	251376	2012206	f77a7ed2bd01ef07bd86907d0ca01e8fb068d65078891794322eb8cebd99b4d4
1TI	6	255480	2045225	cc6d49622c499a40e8419f13823b8ef65c6e95eaeaf3752853b5b86e0b07c2df
2TI	1	214512	1717336	d8ba421441c739b55a380ba85ad4337428a57b0bb68aea66d9beb7c01dbd30a0
2TI	2	257520	2061525	a4fc1ecd6b1f62a5ba145f751ebbf68e4d9844f8912e881a9882b3b5069f2855
2TI	3	191976	1537195	64e87163f007615843b83425d9e830925241f7d20a64891ffb53930bab01ddd2
2TI	4	222024	1777522	ee22e347403472c3dcf0f6646f08c88bc95b2cbed3fb03020c05fc4dcfba81c5
TIT	1	205632	1646271	e69455a074bb8c6f105ddd09ee68bd3c50d71902c478b1406562a9fc48e313bd
TIT	2	173544	1389644	183211f356f64c64b91d4534ef330c2bcdb7280ca344d601048413be538406de
TIT	3	180384	1444397	1bd2a6517011a21d738db672b8c7f72dd2fd96e9c8471e42e87eb79c2cada8da
PHM	1	246600	1974164	2835ba4dec3024c78170c6071db37ec050dd76c261b641bf00710c18b7466ebd
HEB	1	159888	1280352	9230fac5a0854d6d6ef0559f72a47f3e10aa155ff5fc9c0df95a32ea3d249d20
HEB	2	221328	1771872	1e431cb9b5605ce97ee94f219d6337f9c95aaa975c4b5bee47fa1e435c1b63a8
HEB	3	196752	1575222	fb962eb7bffa181e95e52512b44b28ebd884ee912c7105a9bc60a0ae08b0033a
HEB	4	211776	1695594	83f7696f755c39e68a3c955ee21daa62d768fdf8f78130acaeb03b8e3778b6b5
HEB	5	155112	1242108	e4a348154136c5b24b8a1ef6ffe066d534281ebb9ef381ee978a64db64f59b0e
HEB	6	213816	1711894	94df01e341deac0e1f4488a9017b42af9dc0e967e16e41a3e0a67c0bfb989cc7
HEB	7	322368	2580205	af722fe1141603d156823dd5e92299086738c29bb92ae5aef0c784487b979efb
HEB	8	176952	1416815	e55495f19c0ad2a3b7e15803080d5ecad87322071218260ee31eea5c52967400
HEB	9	347640	2782497	409ab620de751b267ede4c6178ec98e4be83d28dbbac56b7a554891cdf768fe0
HEB	10	388584	3109971	5c613dfcc4024024d8f86324c61206cce8b5472058f523c2a2fb100851c97151
HEB	11	441144	3530438	13bfab7f0ded0b5d11e5b4d78cb5589a0e7b3bff685ce657173534b6a52fb686
HEB	12	342168	2738614	37a7a0787f2aa8d8661b1a7fda4d82fa825c3c329b642827d32d291d9085c6b1
HEB	13	260928	2088688	cf315daeb909d4e4abcae94535235b625218b0122bd2bc904ed8dd15bebd8abf
JAS	1	269112	2154095	ab8c59111cdd232cb848373f29dbf731164c58fb31d74dcbd1dd0977f09c4c3f
JAS	2	268440	2148871	f3f1f9a320cc9bd6fc9464264182e9265eacaebf3e617fa06d4b785f711d2ef8
JAS	3	200184	1602807	24fd1aa1c389977c414f3ec64e07c5ad37267073369fbef10a4b047a14c75967
JAS	4	196752	1575222	fb3479e0010ba190518ca2ac9f2d009cd8e0be1870f4e70fa2510483e1f6bc81
JAS	5	232248	1859225	ca9d11b17272d6bc7d1829a0d5272a4a8da07ef1afed51932ecd41b338b63fdd
1PE	1	318264	2547395	d58c22b59e0d945a6bdff24b65826265560125f515d3c6d39753a1b8899ff366
1PE	2	304632	2438307	810a6f3527067dfa0bcb7ce13f5ca9314ddd14fa0d4a2eaf0738db4cb9d63c07
1PE	3	277992	2225148	2007217b1a16ec935041fd8f28ee052ce1a6070a266ee9c9ed940ad4fc4ee563
1PE	4	235680	1886810	cedde978b1fba575458c75285d4f194a25eb982550b8e3a7addbea9d9d31e273
1PE	5	161256	1291427	d569ab1b1a2fc71fd91417b30b1889fdcb1e2170268fdfd16d075d91782df046
2PE	1	236352	1892035	dcce3c8485dde180695f2ad8b6907d5b5e988513ae9fc7164f67c859000353ae
2PE	2	283464	2269034	7fa1bde1302ccc9e99547c9656b8cce0bc9032565aa1ba95e17113d53f1694a2
2PE	3	228168	1826624	f02f38208bd3da1f97cda12e82f43f47f6f55b31be81fca28957a23a5bfb2398
1JN	1	123840	991960	a1911b5aba7881654a6eb57e96a6450394b95d7ce375817bd51202cf0ff37dc3
1JN	2	327936	2624717	68cda5a65df5badb1fa0156dee19278e86952b5f53979c6c06a7b4bfac4f3515
1JN	3	265128	2122330	9aca67ee194a6597765eb39d66ae9589fe910934d5bd11813ce404ab6007444f
1JN	4	231120	1850239	28700deb5a13cbb7313950455afeab667a42bc5fb257735c7ef3ecd838535409
1JN	5	233136	1866330	b559e24a81b98e6202d68a4bf1ddfbb198b8ffedb06cdea212ab3ba99e396cea
2JN	1	141120	1130304	a7cdda8e2eee3687956d3cacb78c4b1a07ec0896f4cbf2482410d1d81adc04ee
3JN	1	148968	1192998	833094d9bb048f7a56ed027ec474a09ae8fe6c330ca57f2ad3625fb008ff5fa5
JUD	1	333984	2673193	1238c771b6b62069e57d2ca2a6295937500f6b043bd117ab04c1cbc142ab32da
REV	1	277992	2225176	f99d19d92f299c5a8cb77d0033ec501e0138f857dccd544ae887789a13267ae7
REV	2	374256	2995266	a7f95c452e18c0f541bd6e59501c89830c4628c16f0e74c4581feeb2efaca067
REV	3	301896	2416393	002131966e1e22c967e60975d8ea1270389fc7068ce7a702397fc9645bd4ba52
REV	4	170137	1362509	b8729545d2dd7a1c30e3e53d93e911021b8fb2da8daac1d7fc7babc0bb6a9bf7
REV	5	192672	1542649	1d6014e7e9cbb766adf769853f53850f2e34b4b2be968e6657fc3b4a10f088f0
REV	6	234984	1881196	24aa393d1d88be2930041f0c7f0db9fee382c7f4c90b59f77340e3226ec09783
REV	7	240456	1924873	9da6a301de979c98061f24df77e455fab224866625f96c13e581832a1738787d
REV	8	185832	1487896	7cbdf4bc3d0bfbc89d32699d8e95938b14ee031a73fc54fc8fda8d6c4c9ee973
REV	9	281400	2252553	aa5f55d2d503df3c304c2977b38b86593bbff40eaac19449282a372f9fbfac87
REV	10	160584	1286025	6171d10f1fee654d5710f1754c5a07e8644a70f3592825a8607792eae365ac04
REV	11	269808	2159769	266b092abb05fc209a3667175630a63d66cbce6527f63eddd7f5be3cea28a8f0
REV	12	228168	1826655	d329ebd2d446993d9450e2f4a5c4e0c757f1b024cccea0c7884683ba5103f4ca
REV	13	237720	1903142	1aa75b47fa69766f7e36839114601ba22026bbd418097c42e6ea81d4ad218681
REV	14	303936	2432905	c96245309abdbdb8f7ea6f0aadc67a501df66e77c3049483c37ab0d6da59a468
REV	15	123720	991155	8960a050e9491ec698271c4ed1fa2ce4e4c250d25544039b582455426bc49de2
REV	16	253416	2028738	0fe2adc52bc3f717e940e16410983bd720d4924404832c43a418e5f56c1e4415
REV	17	236352	1892066	c29013ce61ceb8bd7a33bb37c71754b8ee2438418f914c40d6e3635f97d57f0a
REV	18	330552	2645646	da0c1926cf585803f59b0621bbc098fdec7ed182aa73db73fa7d05799dfdcb8c
REV	19	288240	2307308	91fb0c317175bc3e709a5adeb204eb95f2818776529ed3150564bcaaf20e3331
REV	20	210408	1684549	9510567e3ebb94a25ce6d324200373a395c49eb9f7575eaa999b996c82381031
REV	21	329208	2634988	e16083dc423668dfd69390d0eba21c725801034d931261c2987435ea823b4cb7
REV	22	249336	1995929	b73834703d420e88d3a035b52ba940f5c82af57481e7fb15427935f4407fae7c
