book	chapter	ms	bytes	sha256
GEN	1	469081	3753361	9bf891bb22e8858a6e95d8a2a2e988d133c8b67f4566efc2f08f1f2817dfe6fd
GEN	2	293904	2351944	2c03b0701dedc916e1e97e15248410481124ccc45be7eb8d87d24a2c1e3627aa
GEN	3	321646	2573880	f1c86a50f73a164ecc0768becece270d27a2aca8286af36523b08acd57f91ffe
GEN	4	316264	2530830	cb1607f16c36019f613f27161ab73bd521e3378d0f56ff34371e40e5a4b2fa4b
GEN	5	283220	2266471	d71235075b7fc0fe4661c97e6a157574a1450dabb5b43365519c4a7b79bc8860
GEN	6	269923	2160101	9d5e9b24f940c11f1331e46f45e7de5730291d7f04e24712acb3fa2fc7f23a0e
GEN	7	262609	2101586	d6061ab5b90a2ce9f21926ee5b97eb91b74f614a7c354133a7913d10a8df40ea
GEN	8	270681	2166161	3f5e80b45cf3c92d736040175029f3407fa48910c7d3e2fa8c65500e7baf7025
GEN	9	326792	2615049	2a6e3b184edc1ee28b1c547aeab8b7c1bb7b9a9c320702da6be722720a21d796
GEN	10	339958	2720377	58608ea1aff62ebc821b4a5cedc81c0ce228f03a37b2ed2cdba0de1265a75545
GEN	11	326008	2608782	3eb0be1bf963f9126b12cd4167c93b5af67fa02377c6c93c9698dc75aae62c68
GEN	12	237897	1903894	0e112671282c264c28a2d6a2ce4b9507c1f3aeda4f01eb88df22b6b8c19d33e0
GEN	13	214335	1715394	f0ab04cfc66bcd894da3745348d464425219efc95fe8610cba879791edd7ba3b
GEN	14	302498	2420700	32b812e8a7df690d8a8c9572ba61612fcdf2a378928bb4aaecbe95fce8955c8c
GEN	15	234789	1879025	acd9266459dd9b1e3092a67b0f20a7a50a8ddcfb8d982ed7ef229b67692f3be4
GEN	16	208196	1666284	a9b2eb0f1f5d0d16988f31dacc9d0908dccd9c6c39875cca48014a7e75663176
GEN	17	356415	2852034	b8034e923e1d88c58da4219eb6f1dfe784023388899303e15c2d08e8449cedbb
GEN	18	368980	2952553	735213462909ae01e5d728aa33d428e3b02b6df6b283f22e0cb2968a9c453269
GEN	19	428095	3425474	199bc4a8fe1597b26a7dcfad778c3b4907842f06ae7bfa22fcecd255a4f6f8fe
GEN	20	225802	1807136	d1486af161438f0499968cdaefc550218ec57cbd232d243099aa9f0f7aafa86e
GEN	21	346044	2769069	6d2feacf03a096e54d2a1f1c85a1451e6c6479ed6f34a086efc7a41ca1d23451
GEN	22	287321	2299283	5188dcb92ac36e20245ce63a7845a45f928a861d5175b73d3665092ba52603ff
GEN	23	216477	1732530	4123e399f427c28cc0f6cf204b9bf40447c98bb3323defa80b3b1c8c7e775bd9
GEN	24	665417	5324054	f4cec153f8fafbefe1ac22406f865918e55bab65bd61f59a187e8ee1a0e5f923
GEN	25	371200	2970316	ef3fd6fb2386b85c6c410f0c8850b6b14917131073f6c4f2c5d091312fb5f084
GEN	26	386586	3093405	6e022d943e1d3bdfdf64fc3785393c7afb2fdc5dcd8c73c4c5f21856266cdb4b
GEN	27	546247	4370689	26eb555f54dfdd85056662ea22c11e46dbb88e5735320ba3295c1333298a05e9
GEN	28	272823	2183299	93340144012a2224773aaa8bbb617b60e05007a504b107273469f40a370a5e50
GEN	29	352026	2816925	69ce70067174846501016f189833440b16f84079cbb27ccc6e7657803f3d065c
GEN	30	426998	3416697	aa80ba67f7610988f0f4502974da95efe1d5d8064e10bb1ac207379db4c27274
GEN	31	551419	4412067	8eb1225d08d7fd44ee250e3dd9573a97c17fb90e4a715679cf92de14b4052337
GEN	32	348056	2785161	7a1906c40a33d8afffef0e66aa1f58e5c593fd2b4dfbcc49782d78259b8d7504
GEN	33	221649	1773908	194a16f31490c0b26a3029f419766b62099172d15a770bd1ca611912a3641819
GEN	34	323892	2591854	78e4f4d6e3abb18ee1a63c0ae19ad184c4847ce3c84cba0efa0d06e3b3ee2cf5
GEN	35	320549	2565105	e204973a1bb08d593b17542fa9cfd0c31721f47b12aad48e43088a063b68ed1a
GEN	36	500741	4006646	716151900122ca6201ed3e96fa2ba56bc1a69781cd72e87871d7a2f3407fd706
GEN	37	397349	3179505	01b9305dff45402ce518fd308390a0132c2b3fd9a9fea182254a9b28535f60bc
GEN	38	340036	2721004	13a1d8f1c248a3014d6de80fbad23e5994946cbecf90deb7b0ba9d88cb477f42
GEN	39	234867	1879652	c63bb1473a4fac84d229c96351e2708964d36fd80e7f7d4dffcb4b45df08ed89
GEN	40	224575	1797314	223eb4f47632816339031b4ec301ae8891c65000decb5d38dbc144cf59008d29
GEN	41	601940	4816233	da93259dcfba0780b6a5c1641ec2952dd5620412bdfb2f6af2c72c33b9ac89db
GEN	42	401162	3210016	42939488124d6fc7ca4805530aa5950c26df6ffbf4e3ab383b927ec4e8c9724d
GEN	43	367464	2940432	18404c32fb1aa53233f6d38107f198b5b633d9c8fda910f9ce46d273cbd7a6ee
GEN	44	341891	2735841	d7ad56e4b0858b86cd4f3a98f9c51a178d5e104bfa6789714db863d1f922f180
GEN	45	315220	2522473	ca8183cdc8cb5f7aeb6f5f6e343d32e68eb925ced34b3b918f7d06839e91be6c
GEN	46	431856	3455567	253da8b1cb3f5a94b127c942d409ab66721da24d8db7cac72c77aa60ded9b0d1
GEN	47	405969	3248468	ef08fede5bb80ccc570e88ce7a7f026b635de67679559c88472fba567b1a0d4c
GEN	48	324127	2593735	c44e9fa60a85158f02235db9db254782d70c485e4b40a3bdda719372396000e9
GEN	49	450769	3606868	0a662f0d9f863e4cb18da928eb762055b41b27e4443b3bcae46e7c9ef807960f
GEN	50	312607	2501575	3e7fa274afa553a07cdbb67376d001f0cc7b1c4f4449aea645606de3fb420a59
EXO	1	222798	1783100	57850cf6e7c4698a3acea9fe8b7d27ba097482f675b0b9fd99391ddc895cd6b8
EXO	2	281887	2255812	0cc3168d2ec68218eea20d104a4a39eaa8fcc9ec09cfe6c246c3b96453af4e3d
EXO	3	371592	2973448	71985ea3b36d9512553122987d185ac1b94c5bb782308dc130403b5c68fd032c
EXO	4	396095	3169471	403c5b5ba102ddfe6c07b9e17fdb4bdef80e7d23c41349965ea038e130d49aac
EXO	5	255791	2047042	a9a79d36a1eb2eda37fb0142f552a8960a139149ff35e978b4f5911a2e148e3f
EXO	6	398838	3191414	3198ac480b7141564cc5be801d6a91094091b5a25079debbc8c2c635420bbb6c
EXO	7	316944	2536263	9fd50a661e48dbd32b8b8096679b5461c2c8edbe23f7707ab04bea06aed7c2c6
EXO	8	428251	3426725	531a6b888c643a396bf25fe1260331c3c2e816e344b57750a70d3081758f7392
EXO	9	426423	3412096	13272fa6e1e836ed37cd8d8aa8891ffda226473890b5bfab30ec8c4f4cc27519
EXO	10	368692	2950253	b95cc7d21666957ae9cb5562c94e614e39c4116f215eacf9cf9d719a8e122e26
EXO	11	141035	1128996	82aaea91f3e4f0a30fa0ceabbb34e33627e0523449bae747a30ca867bf2fc55a
EXO	12	642795	5143076	2412b557a807a83aeb27a50612a03e41729eff2bc2acc697bedbcd2ce1136002
EXO	13	274155	2193956	0970d176b7e6de043f48fe36499a07c6a36f1df470dafedca10cc6d760b3d0ec
EXO	14	388258	3106779	00268cb438d25538b8b2209390705de2575bf370cfdd454317fce82ade100bcb
EXO	15	313783	2510978	3ec3eed7a37b4dd4d7ac8678958bf916ec7e7eb7cde06981ab665e35a97b464a
EXO	16	437891	3503840	6797b9eb8afee2d394921aee9a5d1122a3771b0eddfba022baab2323d44883c6
EXO	17	207491	1660640	9ea1769978270094621759994491d9219507b9f20261614c7748779fbb9dcf10
EXO	18	326818	2615259	760ee0e8b94bd290473ae4bec276590452b89de6283cf140aa71712594e313f1
EXO	19	312372	2499693	174ef22046792eb1364e503280b122ca8d6bf3860f46d5dfd8ec131b06871144
EXO	20	294400	2355915	004d547464f6b872d1746db3967913e07ab74e532af6d4fc7902f0058082be5d
EXO	21	777352	6219530	c3c41978ac5f7ff68d80d4c11398fddbe63e74af15c2317a2c7930a1624da9db
EXO	22	367961	2944402	bdcadacd9a8afc461466fa93de7fc5ce56344588d47d2d02ede7ddf207efc9d6
EXO	23	380761	3046802	589f03ba46e7ef0f2e25658dd245176481fd7c4b42a8f4789630a3551d77a6c0
EXO	24	202240	1618635	bb84501c4986d30b20b6d0f6a68763b2757d1b5e97ad86b5b0c4631744e8528f
EXO	25	406021	3248885	4803d9d554ebce89fc0d77d30dde62e16c43ba8c3a66cd2a1dfe0870352b0b55
EXO	26	418116	3345643	8774a4ea7f2c979b76c6917e3296696f049c1a1773d9d5af454adf6fbfabbeab
EXO	27	288967	2312448	276109b2a2ed8b919630818216339d1d1641e8d6b1d932b2b2d4b35b8324ccad
EXO	28	561006	4488761	9fe2ff3cc31be38869e7697fdb880ede237083f0530342fafd6f78017cd5e17d
EXO	29	616255	4930753	9ff57da268a6ac9d3866be7993a0bf658a64277b53da54b5c7eeb4d355d2994c
EXO	30	465032	3720970	3045cfb03d405fe20b4224957571951a2bb7568142706ad2d2fbfb34235f8a96
EXO	31	226743	1814658	18c760ca7e27be316c46f076446780a41cd898254e2f79790410865c2d265cb8
EXO	32	473496	3788680	60fe5d07a578cbd18628e9d5e2caec703e983ff049281c6c96e96fbe11578860
EXO	33	302524	2420908	2987f26e778903d3f50163cd8d73e8e6ea7bc8e37f6d9d170b8321196c8edf2b
EXO	34	457195	3658276	c929cb78960e6cc6b98818b78a33e08c93a0ce7dc1a51d25c206289db79579b9
EXO	35	382877	3063729	094009c981d5daee698df7c78f68de350fde2babaacb7c34b049b0ae87326045
EXO	36	398132	3185773	e0cf0d5d97479cc738ae27b9db7cd9fd189370870695b2aa9fc4ff4cda4d1064
EXO	37	305215	2442433	3c396d06b6bcf517e4b6d7f599cc8dc21c8c40ea2d45f9bcb918b40aaf46b859
EXO	38	355527	2844928	4512678b521d50ca63333faa98e9d579dd712e35d93c8dd1742302efebeee321
EXO	39	444500	3556712	c4d542715913ea005b52147ed99ebd6aa09c1fb1ac308c6662ad1033400094a1
EXO	40	327314	2619230	f1d780375125d9ed1186397082697b6d81f3574ae104ed615d28195223b969b1
LEV	1	220761	1766803	93248a999206a63fae123ca0d1a095cee8662a5384deb4628a4e188a19368ff6
LEV	2	215562	1725216	340e0d63e2ea2d467d48a0d872277a64e3fe1a9711c2a29121466eb12418a055
LEV	3	218723	1750503	b4560ea47b26f64bae7e67e6119aaecaa3ea9f3b60490c42ce486869ff7850b0
LEV	4	439484	3516589	3d74f89db46ece939b76855b6ae9a8e6efb4552609de25d37e0880ac661681d8
LEV	5	317623	2541699	f4ea92be4cd2ae66337ca35808a77eb24276dc4af8fa5c88cdaa646f4288a4a8
LEV	6	394109	3153592	b82b3934d5c0a999c76d44241a3519dff54dc2c8241f0ee762802911cb0d3a4b
LEV	7	480679	3846150	7313b9de2fd7ecc909383f99025163b81d393bc704424b96893ad6b72051dc94
LEV	8	389538	3117020	6b755640a50c118e8301421592f53e39baaacb09cd689d7997d5eba9f7d69d6a
LEV	9	268225	2146519	7af8080e8bf6701efc253e5b7a3cc71aa8fd3cf0c592ff7cc2076d51c4fa06fd
LEV	10	274207	2194377	95099661d9c29c0a42e80a772658c6a31297ae0cf31fc784e6ed91cf4ff9537b
LEV	11	513332	4107376	05090527b5ffbcac2b2c1501d2de0e5b944cabcacfcc74ee8ccbdd47a8019437
LEV	12	117551	941127	bc4c0077af3a67b60b37454f142a8b7ce7a7a4b0d971ef706f12b15f098915e4
LEV	13	869407	6955977	0791e84b9e981307020fdddd73145cdd2d5f9485796aa9c984460f4f8b2b1e42
LEV	14	719673	5758106	2bb78c5f332f90baedc0931f72e1c7ccdf11199e16ccd6461d23d9853b2ddf34
LEV	15	464901	3719928	9cd5fda1a3a6e090de3c38758ca9dcc3532b3a5a167eba246ed3e71ddf80cf4b
LEV	16	514534	4116990	47972d7f3a484522111a810c937ce6cc2a07ba4bf616d8ea5dd56e9315cb1baa
LEV	17	258064	2065228	3db1326e9150effcf75f8b4289bd13d2f0e19b0f92f9417ba46a4864a4be1bc6
LEV	18	335020	2680882	064f6e23c83967af12a8d639b792e5e1f3847465b06c7a794d878a0cd9571d2c
LEV	19	496457	3972376	bcfcd366d96aca83dc3f6d8832a678dbe9ed95737ba66396ba585f54d4d8c0f7
LEV	20	452963	3624425	d20255144cdebbe8d8de4bf43dacc61296b93282b049a8a7d4f1fb75d12ca83f
LEV	21	315402	2523938	6346159c585057484d5ba523beeab265d7f61f5d93fe1592606ee0704c9d2890
LEV	22	475324	3803311	c4a5e8c447fb56a20495373289184fee11a829a4138ae007fb4e594717ae24ea
LEV	23	620539	4965029	954c2f828122384d4e165059213c6413e9252b433abd17eec585740cd624ddd9
LEV	24	279510	2236800	f09d2a8500b2da769f37d2f126fb0eb8b3e9308d2037885aa2e27f6f2b8f1121
LEV	25	751621	6013688	ebae95356fb2bc1c575f3a7268d2e21635ffd64ed1a7881c70c9c2c658ab8049
LEV	26	609306	4875167	98ddd33068c330a01c9c5a7551801721ff26a37e09bf0ae7ecabdfd8a0304648
LEV	27	451030	3608960	cd05574da890c91a2a21e408ddc17ebac6c9ce42586ad46bf4bae9a5b841768e
NUM	1	663980	5312558	a297d96f858b27c9090f7b2018ed47a6e8ff820347be6c74bcb201f8ee91d5c6
NUM	2	367543	2941057	ccc8acba21571e11d2190adb8ba7841b005f7796483423195cd7014110a59eb5
NUM	3	611631	4893763	d8a1f668e3a44fcb448cb7918530c1e95e6b00b988c07e503ef3ad21ce790b11
NUM	4	633704	5070350	94ea9bfd8f097dff2fca954d982f8bedeb237ed023196cfd26253547387312d7
NUM	5	439641	3517841	7dae1be383fde13f37fd632b1fcb5ab577dae04d007aa003db8dfc3d7fec998f
NUM	6	378906	3031963	4b3bafb95418b8ff3de186359e6c88b43a20e357e968d1933351b884fe686f1a
NUM	7	932989	7464630	01361cf6eca6d6e5e9f16cc21b881b74cd2d3461f9d7367cd425921ee635a36f
NUM	8	335229	2682550	f0cc8a10451328deed8fa6b9e29ee58c61d4a377f55968be0c06c11fe66a2cae
NUM	9	310126	2481720	cb41405777033b1c72ae1b1963480bf6806f27b21040bbdb4fea347705609383
NUM	10	377678	3022143	f940b07873eb5e854046038dbfe668913eed9740cd009b7b8efa157758962860
NUM	11	449593	3597464	a454e532380720a7277c011ce1459662687d26ae5ee699b94a2633d1d6de26be
NUM	12	183380	1467753	435c8214dd7d7513ca031420e16973e98b4ec7600202d948bc463047d41e2d30
NUM	13	354299	2835107	88653fdef39f99dac8f77569887007cbdcecfaa8dac1e6374bc9f1a8a1e1752e
NUM	14	559256	4474761	928c5a4f97f2c8a3ee3ac3ffd9f3c56242033827ceb30dadb1a9217eb8eca990
NUM	15	551105	4409559	3b4f597f4d3c60001cb21bb2f9ea28287a63f500eb1f728e9f07a2e5b7cb828e
NUM	16	559073	4473298	7cb906798038f57fb48ab12dca255a4102a56493f7c7b665ac7952c2d9038344
NUM	17	165669	1326065	d4ae8f1587a11b41b597cc623ab3a6828f8afc6b4ce44fae081ba40a159febfd
NUM	18	556878	4455743	ebc20f032ebac24d6b6ccb4f4ad280c53ea2e8a985e1aaffa847a4c306b84ddf
NUM	19	345626	2765725	6c4f4a86282eb47963bdaeebce5272c01b8a89ebea689bb0a4a57d9390ca1d39
NUM	20	360124	2881709	da7dcfe2ada6e378964f5172edaee2c006480c917106af4ee0e4a69c52edb296
NUM	21	423602	3389530	4a30bc506fd9b9bbf3e68301e67ff2648f9e21697be0e0f3e94833a5eb15002b
NUM	22	482038	3857017	435dd20479bab16fdf8a5ccaf77f1f4d4f1e61c748718b2499abf94fa5b73319
NUM	23	323657	2589974	9bae6edaa37e6ac6c0085ce6e9f2be856dbf066bb28a3199527f859f2fa5e0dc
NUM	24	302054	2417148	b1e31b1315c07664274cfb6d0b9e07e575cf7466f885e0419c70adf8f406af13
NUM	25	224470	1796478	dcdc4ffce7ec814b3c14b4cd69f1790fb089c049d8e3c6a1a411dc3d08188c0a
NUM	26	840542	6725053	57f8aea27c6e0cb0feb0b9abe3402edd4697b2ea43a74b993f545b39cb31681e
NUM	27	311275	2490917	f1e3070944540886b40e21785612da996ff136129edccd4e1c36992e5f211677
NUM	28	426501	3412726	192334cfb7f3686cb6eec5b911e3ca35fff91b5e9455056fe65c9ef2add52ff2
NUM	29	543582	4349373	6f56b78caf17c71230d1ab30a3ba5200be9950c4292d27418bb36b6ec74458f0
NUM	30	214465	1716439	2d01c5d63410d6921c380e27eb75b1800ee2e17f56c805b9e152f01ed2834fa6
NUM	31	569887	4559815	f5e3b66d010eada44f5437e63d6c267a4878e3b2a0be2b4fabb1f2946313686d
NUM	32	456516	3652844	467d35734d68d7c8616c468eec166fd236ae4963e960ca883cd833e385d2a506
NUM	33	452258	3618780	a47b4c573e71fa30b8d1646dba5f5801b0ae4e9a2ec2d1942f4fb6e07f315b38
NUM	34	307043	2457063	e8bf653334a45e249aaf92ab35b9cb0c2ebc5219f09c8adc129772a01acf8b14
NUM	35	459624	3677712	d9088428e8ca619cca28fcfad425ca94837c68b161f1e74507bbc98b6670530f
NUM	36	189231	1514565	60710772b06944aa9aee33c08715f000397b0a6bcffea3c3d2285026e46e58d0
DEU	1	603768	4830864	acb906ffbeb2e1a48839a8f65858d2bf5615b1424aaf03e6bb8daa1069e49672
DEU	2	421042	3369052	edbb0a57fb861d14ca8f85ddaac4694f916993f34d5f753c6d68903bb99fb4e2
DEU	3	382877	3063732	d26cd5905e83de360e428e90c157c232b462791b0f3343309f85a5812c84e1a2
DEU	4	666279	5330952	a96a93e45acbb9007d1175872f504cb58834c209b778995b10afedff701dd7a9
DEU	5	405891	3247843	f6f55b0ea2febb9a6936f293c79bde43171c79598295f8d6b790399d1a15350f
DEU	6	296176	2370129	d4b2820edac4f5203047681ea98a06a26b7da0ef0da3b88986ef15c1c95d0e5a
DEU	7	398576	3189329	3efd560fe30c6002b4f9aed1ad15cb0439e5a66bd196291edf9e62c70c6b92fe
DEU	8	244245	1954678	fbc1702214fe14b9831e1ae8aba33c0006b50cb76b36ef6bd84014763cbc4ff1
DEU	9	410410	3283997	a102007a791d35a49c6e89a547de5a577224f73d2dbcb4abf7f397d3701e6e11
DEU	10	258586	2069409	2c75f212dedb484ef817f339bdb18fa18f77bcbdf2c57d1dd44e190ed901adc2
DEU	11	382851	3063525	1239d53322ffc56d3cf24feb7b739ca105fc4cbeec8b7d7de9b890f8d15889e8
DEU	12	444395	3555881	6f8bec78554276db9a292c80a31ef0200af3806c8cf1d77e51e52bf676da67d1
DEU	13	278465	2228443	e45dd4b5998453d9c9557283b392d05fb497416954341f11af2e09318d8ea659
DEU	14	315246	2522686	9cbfa06b70c50a7ad24cbf3f994efbc65ced51206e0ebadf2e57cb1ae264fef4
DEU	15	308820	2471277	0d053d954b7e853d647df4426542f29d01aefaf1f59aa12928402c2337c36a24
DEU	16	340820	2727277	016461556b5104a3cf8e8a936748bd668d701b895b0048e2f908970a92d54d1e
DEU	17	319530	2556959	2254c4af7ef85bd7ed855398f012ee6f1ea9f4b94e39eecba1cd83ef01433f2e
DEU	18	273006	2184766	60648077de98188a69ae8698dc50c984e537e022f9264dc2f46e7fdac27fac56
DEU	19	266188	2130223	9bf7a25474f258db4d1630bdc11c4dbfd970677d4b014fc77f5892d0f3a01890
DEU	20	276480	2212560	fcd8952f69a8da6daad1e8546b9d1536c3e1f5817766fb1ce6c9fb1b3cb4ff19
DEU	21	330501	2644730	092515ea297c778949ef60614013c2244b9dcb73ef70b419cf25a9fc9e38d239
DEU	22	379272	3034895	08988f255cb009d143179a2af36c13443915cec56c3b13f491d8c6c23ad8cade
DEU	23	298371	2387685	d5f2962f014d2b1fe290392743e8b9ed57b0ad4665f7684096e6c376816db86f
DEU	24	285884	2287793	9cf55d6d3ec7f5e7547c67884397ed812d39991d61bddfadc3a3fc3cfa3269a0
DEU	25	248607	1989579	10b5701486283199bc87f769ed4cd18c7e6fa77389edb5bf8f1f0a81f06a9942
DEU	26	295419	2364071	8241099c3c9eaf5dd152c3db988b20408840aab5a150122e03dd22d315cdebb0
DEU	27	311197	2490294	c91b0fd70e0013247c186281c0fd106bed7ed49f286d8f744da4c89a4eb245a2
DEU	28	855144	6841876	90acf9d81bfa0b73b07fa0c92a2ca9e87e34d9a6d4f93720ff1fbcb759043b74
DEU	29	352705	2822363	547eaa36a0a6a2bd62adf6f5adb4cf1eb5c9dba4da1c692c29a87a31222ccfde
DEU	30	274991	2200649	40ac7b7e616b97f11e4bc9866a77b7c08224b872ba215c7227ae8931aa68eb93
DEU	31	464614	3717632	9f1839f369dcabbbe8ba1a65a7675f3433b5adcf820f46be57febf942bc2613e
DEU	32	573414	4588032	004603af140cb95aa82db04800cc33581155b59717115d7d2089f729142239c9
DEU	33	368953	2952348	f63872b90d3068a0e174b571fc6ca7ddc72f8bb428a916103525de956fa3d352
DEU	34	140487	1124613	d93b5bf9d592def1abbfb9c8076fed4cc7891ccc96019b73d63c74bcbc34c6ba
JOS	1	267729	2142545	ced1651afd407c28f4d303fe0443737a1f695d1f5f647ebc190374366e428fce
JOS	2	299729	2398545	3051c26e8017fe32ec87f9d226fafc7a7f4534a5374ba6d753fa843d9f86b87a
JOS	3	226482	1812567	da5ab1bcf6062adae96a94c2cd063c22e593682e38f4d5f80b92a063a5936bbd
JOS	4	283089	2265425	03a79e138a101770094a49cb266ae9c43f2f379ddae59a970560756a33b32f65
JOS	5	227265	1818836	347d5c038e80da1fd946b76587d8e2478cea5c32aff61b76e61c1f21b4f887e6
JOS	6	375510	3004795	ce9475c3f385c240e4f5a0538eb59506b52cf28786faf8b2ca81b3afdf13103e
JOS	7	397740	3182637	dc68ec82bc4bbe6fc176fff4cb8b834312eb5742fb2f8dfe5d5faeba6d4fcaad
JOS	8	478851	3831518	8143b37e5f7f00d18ac75f56d0bd45a8ecfc5c09dddcc327991d05d88244e1e7
JOS	9	319739	2558624	57fad24ac2b8059bf8824ca763fac7cf37590974d69f4216626cab26c720dc65
JOS	10	586371	4691680	85eff974b13d241b8638b779801a813ec9ca4b48c07cb3d588e20144b3817276
JOS	11	312581	2501365	45de5353ba6254d7fbc54b8558e5e0acaf729d34952cf0a38e4c56f1f0d46ffc
JOS	12	255556	2045163	d05f357de0f217457bb827f4a1ef17018bce00bda96761c551ea97b3a0a159e3
JOS	13	428460	3428399	01a16c487f8d730bcb9c14eec4b1e68ad50bbe98806c636fbd425a091407908f
JOS	14	208823	1671298	1c9f733b0a3d72b78cc030bd8d60874f20538f0ac88997df65c8e318cd548c8c
JOS	15	575216	4602446	72f21a355d4714905e8984ba62be2f9bdd1872363c31e4ea95911801752d9af8
JOS	16	118622	949692	3a9f52401ebb2d47231f63278ebbb7399204f7a5706d5f9d5c88cfc7598640d1
JOS	17	298945	2392278	3198d063ea268786b2e69ef5df1500b9def722d0e49981bcb470f45244004d62
JOS	18	357695	2862273	06b60fb0101363a4a52448f663db0c15a86ebd1fe5670bf90c85a513dd8ff881
JOS	19	511765	4094835	672b3c7163be697942a12fe702c38262f76b093dc67a75e090392c1b739938f3
JOS	20	152555	1221156	eb8c281ab5bbd8b48444cade2a6affac81dbecc283014800371dfcdf6f6a85a8
JOS	21	462550	3701117	33de2c70b37a4c9c0c7836b52c4e6c4ffb080439916cd0e8059f1cf88d3e356d
JOS	22	520856	4167560	0c4be59fc4a552694e7d114a96d097b897e1a8ffebca745ccea04d846fa32f6e
JOS	23	232620	1861679	e47d840949eeadfa9eb11538f187004d6f5be7e7bc3467a5391aa2f24004d7a5
JOS	24	461531	3692967	f798cbeb47ab223ad9ccebfefd8a5a10b032f839a321036a10417dfcd529a982
JDG	1	450586	3605402	a9b4928a749c40687090c8efa22e19ce3e16ee5a6ac6d983f9ff0984d53c84b6
JDG	2	330998	2648694	98445dae95ad0b8ea2dc1c4d6ec845c46aceffd73ee16b3986be2950ca164ad2
JDG	3	396434	3172188	e934fc911b37693c24992d168cd77af1a83658ad8e18e9fa8acb0756607b437b
JDG	4	335334	2683385	5882e1bc814849145bd67f69d2a40784a5b5ff7b53377f3d95a6c05cc9d8939a
JDG	5	375928	3008139	51c2e8eac57c5c25d52ca76cde41e14beb67022346398cc9a81c166fb0994371
JDG	6	585378	4683737	69d2c5a9f2d54d6978b3d0a088c1dd3275abc979533382809142d79e99ecd72b
JDG	7	430472	3444488	7ed40e69c55b2c65c5f6b0bfd6eedc7f279c221a55b533dd0d4c94b0992ec64f
JDG	8	425848	3407499	b43322dd45e7f457603add3502d9efd382b0c997ce92715cfda485627c0ea44d
JDG	9	699089	5593425	f011688fb0b42018b62e140e8f4ada1cae0def95a66d4c6e514e6253101d534d
JDG	10	242024	1936911	3ccded68455f932eeb90309e214f75551b697790197d688ce25b1e6bcd591b8a
JDG	11	521117	4169649	231ae9584fc19949957481497dc446c18c952111460f202ad46739dc0205db98
JDG	12	205688	1646221	3667a6777be8db3460b7bf969610d3cb4e489c694776470e8cd09505ede3b34c
JDG	13	317962	2544415	66fb815377e5c920d1b4adc31ec5e5e3d6643fa0200becf8ff82cc58faed57d9
JDG	14	275435	2204196	f4bc5feb414fa64e36d559cc6be5e76c9cb2fe38a708a293917930666bada199
JDG	15	279667	2238051	15f071cf2ba11504c331da5766557f9ab9fee98fc89ce38a709cfcafd333ec64
JDG	16	456725	3654515	0a4c895e81baf22b02146ccf3718198bbe3ab2f4113427fa4edfcbe353db381d
JDG	17	160705	1286358	a207fed6eb69fe44eb703070dad030c2141e475a9ea4ef50337ecb71e50cdd28
JDG	18	413518	3308862	6d5875aa4f128d09c71244abbb1a0c79aeba492e1adcf13e3c3143170e955633
JDG	19	443559	3549189	ba3ecede55aa740264aec2ea0f3d8da815a86873edb907234bc896643d1feeca
JDG	20	591203	4730342	88dd9243aaa6949ac9afa2c064017fec9371c90cb9040006d55393bafa974f57
JDG	21	310126	2481721	d413238679a511490780c2897b426896551ee58b722b74d1ea9c65b3b21d403b
RUT	1	292598	2341492	a16660b68f8951b87bb26a1f8561a3205b962362ecb8c4b2eeff99b70111e7f7
RUT	2	296594	2373466	3c4925b6cfad05b7161117abb7b5521e853c674baa21de384799720f053a8591
RUT	3	224366	1795637	90b0723aa990d759d71d0207a5d3b58d1d1088bfe37e676bb4fd7f6df46044ff
RUT	4	296255	2370749	9fb3b2f193b176dcb3cffa104c0601af4a25b90f30b9706cfb5c06f3b9b012b6
1SA	1	334550	2677117	8b3ab88c39bf5a87bd685065b532c7508c802f90f47a640b82d55ce17450f6d6
1SA	2	473809	3791187	8d2dd163bd7d54a9352a019a1db4bcc88f2c18a6e3344ecb3003d382ac88ce59
1SA	3	270733	2166580	709db718a94289a7dbdf32b275bc918b3179b36ee858393778344bd49f46b00c
1SA	4	312346	2499484	32dbc7280b83435d6006220006790c11b1323cb1846dc5d0a9d4e25a0b08800c
1SA	5	181029	1448944	ad368a0ff17118ff017c8b95b5fe53822c36175375d48f78cf45dcbe713fdc43
1SA	6	315193	2522263	a1aba2bb548b0e9c6af4854b5fcceeb457999b0683486a284e9ec0367715956c
1SA	7	240483	1924582	dbbab4cf4b4167a190dea7f47d2baa7beba7ea4212eda0b940547971b6e171ed
1SA	8	278596	2229483	d1125ba2a16c8696ad0a996219abde1ccdd0f10f6cfc536e7c964c8e98817258
1SA	9	404088	3233421	5607594e8a4853bf0ab2aaab2d7db090f694b2d54251db02e880e9100cd4d042
1SA	10	425143	3401860	307832c81a402ab3c73da8fa4b3423c851e84f8ed72db8a63eeb41d38b4606f8
1SA	11	213002	1704737	8ba49cbfdb63f04bc882d896c898f18ae5d0e8f59f0b27a8d4edfe16294fe859
1SA	12	403879	3231751	82d20e578ba35b2fa2f7b4a4b80f0f939893e6aea19245b7cf30d4dddbcf8602
1SA	13	329587	2637413	ab29e153673f859050bd81df7fc76bc99aa8f34bca4d9aba9d26f0f4d08719d0
1SA	14	686367	5491656	eac04f2985e1c73e5abeb646291e38775900acca27e6ef27b56e7282f269176f
1SA	15	486583	3893380	b145bd2a086f242c483b66c51a9b4c3d4de965f4b09aaea55b634c1c9598ff53
1SA	16	332382	2659774	6b670cb26eee2bd1fa6ec8b0af1629a354897c87f9c6bb188022aa996b38bc6b
1SA	17	722887	5783810	731e2d2b016301ae07deaccc3d75eebe7cdfc420f78c1007d685fd0dd31b24dd
1SA	18	366002	2928731	3c706812a8ffe32a3e903b880f6b47c113917f64f82b0ab7f694c9c1aa54b914
1SA	19	319660	2558001	1e5bfb1093735df1aec1b8263d9f57607d31d6bf479ab7df78ffffe24ac58322
1SA	20	501316	4011245	9195138d5fe4d63cb7348dc2954fdaa20d7b0fd161e1bdc2b544d7f48834ada8
1SA	21	204199	1634311	6fa600dc1f7c9228b0e16ec0db879fa2c5049bebb275a5fd8a0135a90806659b
1SA	22	308193	2466259	f88584f17ac048932e5a08aa54baff63e36b097eba12f725ebb2ff662716b63a
1SA	23	351530	2812956	6b14a0e7e1471ca34200c6a21016b9a0678611943ec4ac19950b04bf7fc3bb4e
1SA	24	276663	2214020	86a1b06a70a292643fd5725f7a3d3beadcc70448d97eef2bc4b6ad9487b3503e
1SA	25	545097	4361495	71539c857c969f6e4fd03116a4ccd6b695686a70b57165ff98c552376a395318
1SA	26	355631	2845766	f8b4a392aa09f61458831deb0967c6f3f0d0b4711423265ef57babd1b2e48425
1SA	27	174550	1397119	4e8b0ec75d1c600a5e103191f842cef999f5fc7c14df3bedebca87e5d955ea79
1SA	28	372558	2981184	0ff63dae28d2e6477cefb43b939a27f2d3aca51d81770f5b7a042bd3d711455d
1SA	29	178625	1429720	ac648fef14d3cfc22b25ae81a719f3d4e8ebb602837a62947095b0395032b110
1SA	30	398916	3192045	0dd3feee412ed0051c522e3c282be60daadc125c089c3a90bc660708c71e0402
1SA	31	174733	1398582	301a1e19a0122c4170c1efe3a315d80a6fed33016abb93b149307a0fb6aad3cd
2SA	1	295680	2366155	2dbaec1b1dbb95a90e8786a6f4bfe1708da57724e7069f0e88c9031c77075cb1
2SA	2	409496	3276680	73a18ae5b4d044acdbc65094a7ba8b11922e6eca7980e4965153838c78ad211e
2SA	3	508343	4067458	f5a03f6934e2122ff6cd0863d8731ad727ed1840cd33ec79d3bcfd3c878ee14f
2SA	4	195840	1567435	166c415e73b38e082b0e37f68aa569af31ab77bf4789616ddcdc7b3480c8c36b
2SA	5	311275	2490916	64b6a8be9359eeebf232ab13bf998bac954de569be8db856373637c1c6f1eae8
2SA	6	311144	2489871	ff3eec5adf9c163aa994f0f6107ed2005fc5ed56da683d3119ded08297f84092
2SA	7	392725	3142515	5ecaf0822967373383b2eba32cc2990076da148899006303c2bcf42a433ee9c1
2SA	8	227788	1823018	a7e5591ab2528f33db7d808005e6ef045a418c491d0a42f129b1bc1336d7ab65
2SA	9	178599	1429509	eafd5c4e2eaa13f96ef060ff05c399a997887111e9ed9b693fb4870ce23e17a2
2SA	10	265770	2126876	2e6472404a009a2b2174346aea6b2f3fd8d18df3c66978c1cb57961b7dcb26a5
2SA	11	353358	2827584	a1b4547cae9c27e93a485ecfc008b289b91513f1db532c7ffa2c2395bd5f356a
2SA	12	456986	3656606	fba77431dd6d44f2b77d0e30c6f8ef7482d58c87be0609d5e4f98b1ea308ff36
2SA	13	508578	4069341	6dd82c76400b9c50f948971a967b9d106b5ecf71e4a372b13006cfcb23b9a2c9
2SA	14	475246	3802683	ccd935f1ff6283b19522d47786fe2b841a3668effe821cae9d3addf0d8ac4a4b
2SA	15	497084	3977390	1d5cfd7b68255f16c0bf5964a47bdbc8a34a22c9d7b79b45d547e32745ac64b5
2SA	16	333087	2665416	23a2305a899679887ca33c54e622a90a636697788b1fc36578e36e9fbe739ab3
2SA	17	384340	3075434	528860b900ec6748bcf90000e2ceee04e5b196b1b9f126fafdade300297e8551
2SA	18	472947	3784293	0a6942354af8b284a84f2891fcaef2673843197259164ae2baa9f21d3c5db0b8
2SA	19	647628	5181740	33da0e99f9fa746ff058ff45970dbb15138e9da451f03647fdc235be46e952ef
2SA	20	389303	3115140	16ffda3d14e9700e01ef960a68aaa197b72882405381d748e9e5f3fdd2f050bf
2SA	21	358139	2865828	1f3ef9a7d04e6beb4ac6fab020cb71e85e8160b10b170cf1375fd0de67c3deb4
2SA	22	424202	3394337	b64197cdd33bb0e68d1d8eece2e95d6512645b85ebc371a5ad2c89a5aa397a6d
2SA	23	446746	3574686	110efab988a7c75b8a25231310fa9219e2e44257cdfde69a50b438b1e742f6b2
2SA	24	408294	3267069	d66d43baeb232910a541b90c034e7c8c23b3d37a1c51bce380eafc31af05fc23
1KI	1	677251	5418719	bd966eb3960647f617225a3ea72bd1e35eb5c3f4470b04b24610ca87c7e912ec
1KI	2	686211	5490399	b185f3d2721fa9ff1d21d836c980138f3d305adb91bb9b3dd720216a553492c8
1KI	3	381283	3050981	52bc74707bd24f1641277355df8c8aa06a4967e664f063953233113f2208b689
1KI	4	373499	2988705	ca0f3e5bc98660a9cbe8be1abeb0e52719d6adca34376b5fdfa7177d9c369b82
1KI	5	239778	1918938	8bef7e77b517f1da7afa5fccafdc8a41ebd2b8186d7ff55d082be2cc206f66c7
1KI	6	456829	3655350	5d2a7ddffc2ed592d73c12ec44e154afc51b7527d92926034a56bc2b5a22c1b6
1KI	7	682475	5460515	12a70529f0a7ae8c33215ebaa326d0b5e6c0a3740f7c3c1058c4b1d465c60196
1KI	8	939102	7513531	12f44282e42dfe98c45b399f4a63a7ec60b61550e7b0326a94d46215ec45cebd
1KI	9	408921	3272081	9d751130d4781f61e20c92702017ef7ed390dbe7df207bb9a666c81cab941130
1KI	10	365610	2925595	59baea3962e2077d198cec7993d31a75fc826e8baf344c66b748fc48f45d5157
1KI	11	584098	4673500	e514d66d05afbb85be37cd134c2320ffbd3b59ae4929e0e01dc6a9287a357dc3
1KI	12	457221	3658486	1b9b58d95f3224ce0806e1e33d2c7896def51e283e3ddd1d43a6dc14c5814693
1KI	13	455706	3646365	5a363c320b70372574a7b2fd40b4d550f3f2daa3440b40f4725090c3be4d529b
1KI	14	510145	4081879	eb0ca84ee5f3e972139b5be8bffb9910514b3678b7f43c5ca8a3530270009037
1KI	15	472999	3784710	3d15a3c6fb7582aa2ff01d55527bbaf8d7acd045357e7fab5b90ec7c53228303
1KI	16	494132	3953774	4c5fd6960debbd51daec85cdfc87648281a8ccabe84fb6992d0bce38ccec2ffe
1KI	17	298606	2389562	06077640dfa2066e5aa169aa1f26a5d5695d7da59256f06657bcea4e61c9d87d
1KI	18	605832	4847371	52fdfde402500c45a1acd4131a3bee8026f5647a161337758edb0c5798895fe9
1KI	19	347298	2779100	abb13ecfadb5338e93e31e7048099baefc86baa83264463f5e43c156a30c9c0b
1KI	20	637440	5100236	a46defdcba2208adf0594c970e450da2dff36426d7617f5e442e2bec215309cf
1KI	21	416104	3329552	f1a70aa4f864faa5400831814f74dc1e4f0a6ebf10d5694df8e5a34efb46a828
1KI	22	648542	5189053	11fbfa76a604d51c2a98aeb7b63a2947e7ce00671ae2ef0c67438b6eb69054e1
2KI	1	291396	2331882	3ebe7b579a571dcfff77976f405034f301f8a83d5bcdae46a076288ce324b2dd
2KI	2	358217	2866452	a053672d2a638aeb332f0cd445d8f08b0e4b7336ad2d9ceda97453949fc526d7
2KI	3	352470	2820476	7031fada314ed83fdad91e8d1b43874e8801821d5ae78045f0cdc4254e9c3fcc
2KI	4	571873	4575696	2f929ad228b5d30a7081f22a96437af9b502ce2381fb77404e11452d845df813
2KI	5	399491	3196639	0987ab3d97533a49be20874e8e29de8a51eabef9ae60ca5faf0ac0e46267ffad
2KI	6	439458	3516378	517e998ea3362d0c1c3056ac0fa13354858dcd684e149ce7aae17fd081160e01
2KI	7	330998	2648695	e77e884e5ffec61c4c2b0d4ce93cf74a5eef1caf3604a122c2193d71bc4efd2b
2KI	8	450664	3606030	6677de8e15ba01af4dc6b7c7e669cbfcdcf25d82a600409fbbec9cfc5e176e24
2KI	9	542642	4341848	d09c88c14f51579e800d765a7fb23d0dd6fe96525425b379643d2eae83c30b78
2KI	10	544758	4358777	c2896e67b5bf0f4a78e90871447dda8a596cd71d30ca18b337b2e0a6541f2e01
2KI	11	315925	2528116	fe40da3c6f288c42f75982a08f55f7327706cc3cb5743b18bceb010528d1b0fa
2KI	12	288914	2312031	99a395615cf4ef933226f02d605d595e94a048525ab35a23f24592d71f9766cf
2KI	13	385384	3083792	78649a8be6be8fb5374fd71a7b22a3c54fab60f60c82d3ea1f868c10d886ebc7
2KI	14	398629	3189745	97e5f01d05dcd36d7c5291f41d44b22596b8d675432d67ae095aabbc18760cfe
2KI	15	521822	4175293	f7c20077a40693256f0c30fd4ce069b11733b174b58ded66eb810e952bbfd00e
2KI	16	284395	2275877	0758d7557c319b698e628926d26ae0cb8e3672c7ecd5385835afb82e598631de
2KI	17	537522	4300890	6df301b5d57477cd7523fb444b9319e92c836d9263339a6b6f51f42fb798e796
2KI	18	522501	4180726	904eedcba415a2564ddd1180446f09cd0b7f17053d95af83e6842ac2bdce1dac
2KI	19	520986	4168605	1eb70624c4110e8aa50088ec6c30c4d7f26cbf1039de1af6eedf58ab462a5ad9
2KI	20	335909	2687985	4ff6f6f12f2ab05b4f3923e15d867487be982491a1d88cf60653f6b71173ea66
2KI	21	324336	2595407	df1c0d01f6bcfff6167334951472b732731139de23c971e1c8a258015847ccd4
2KI	22	297613	2381621	816516e7a0458708f832d8fa8e125b421ef920ebd93935f11fa25d0127f08a6f
2KI	23	604865	4839639	902a812e41c7123687ca3c0146e64909769a297351d24a3c10fe184f5403a572
2KI	24	287896	2303881	b540c39446ba1a8ae65ea1e2a1c700e4e405418ba2adf101ed787abbc0f05c1a
2KI	25	451971	3616481	fbd0bb24fefd218565910a0cdbbd97b55033e547642ad4b8f3f97c6521b4766f
1CH	1	562312	4499214	68f1abf8a86bc682ab3e29b360666453556957658070895b2bf601a9cb04418d
1CH	2	594024	4752915	0dfaf6f6dcaeda0cfbc7348c939f11d5ea443edec47789d845c5bbfb02ddb065
1CH	3	283925	2272119	6ba67d1039468b6b39179d8e49de4608b2b4c13ea4474f9ea5cdfa0d1be22530
1CH	4	519288	4155025	2f3b064a84dcf6046b904b3f6d90afd86c05de41c349c98f3d4b47735bfd9c44
1CH	5	332983	2664582	c4275b41e3a0bb8199a7a237f8241bb4f4ceb0f5811f3607d4086fc0c537e8d1
1CH	6	736862	5895616	bbee1382af2deb5a7eb37c5f5bfeecf4d5021d8cb25b048884c1e995fd07f446
1CH	7	522945	4184282	7da5a3782cc637d017e629613d10c4e470a3ab282875e5a6503088d8fe643212
1CH	8	342753	2742741	b1a051d7c7220d243580d0cef386c0cee708cdbef3b88e21bf5828a88359da6d
1CH	9	504842	4039459	8fa8936a98817f8aad43711df10420247cc0f05ee4e5ee58ef4f4eb70a030ebd
1CH	10	190668	1526064	0e594780ca45985703957c7bbd9cd1cb96b8a7e19bfbafbe67b37ee264cb5589
1CH	11	494707	3958377	9a009193cc1926b8739a715f5e5b0aa1accb54cfc06b351c1b2c741f17bf88c1
1CH	12	518531	4148966	651d3fb0d22785ccbe19ea5eb970001f2de1c538fcdd74cab616c2426d3f0371
1CH	13	171468	1372464	c39dfbbb552450744d513c2b0ae4f874b521aaa31b9789a6307301204df78374
1CH	14	187559	1501195	1907cb4aa8617d7a7027a4242ffe411beaaec039098cbdbdf42c806864d84385
1CH	15	387840	3103441	5aafd912200d3a37a676ad41da458d8fe5e37a6406feda83a2ece0064e7aaa9d
1CH	16	397479	3180555	ed5bd1e54d27165bd6cd38b33f0d46c5db380096e65129c5608abce072563278
1CH	17	345025	2760924	664812c77b2c8ff1aa2ead49239cdf374360255ee04df678f46920e6070965b8
1CH	18	204121	1633688	933a1caa615abc7520fd7b0f4fb0093045c7b6cd29962f6c5072a9ff8a195471
1CH	19	267807	2143180	d8326651f32a7a62bcef4c005aec77b2a1cfc7e9e6cfb286f0c49727cd7b009b
1CH	20	138005	1104761	17c77dfbb1d469fec12ae82e0e31b2dea4b481a2136c100c1383a3d2af9a0140
1CH	21	403278	3226948	9f55e6b299dc93a698bb1cea17e0db4a2aa7356535cf9abf28d9eb44de79ba3d
1CH	22	264385	2115804	00585030a8e60020269edd6e54bf0a83183cadfd93eac80218bd66f6b9b453f9
1CH	23	377913	3024029	48192cc02288ce7157ad7dd71944af86acb75c8ab24c4d8be7870f560fa89372
1CH	24	287530	2300960	6951a53049d439d725cb04b529823fa3a0db428a2fda29273e9429b4689179b2
1CH	25	297665	2382044	fcef2b4228ce68eb321e7d1b2e4809c89cba14a94cfe74f8387392223f277fa3
1CH	26	383896	3071886	2c217d6393e73834faf2eb5fb927b83ecb4f24d258e987f2a2094cc4a57ed560
1CH	27	414302	3315138	adad5200b9918a715159db8dd29572cacabba62e0568cdf502650610d384b0cb
1CH	28	375980	3008565	fb268765b167c5f3defe1b42a98f0b313bfec3d462032fa76f8183417aa87f63
1CH	29	486374	3891713	193d068695228ac49def4a319de8118651686470a8a63c2d01dad3fe5ac55890
2CH	1	254198	2034300	cf121017d82f59909cf72bf8a7c058c1656bfe0f21fbdf285254694f08b3abd9
2CH	2	300983	2408582	222c51e39d459e4976749ae8c840bafc363823183096aba668d730492020d251
2CH	3	235781	1886969	8150d4a847c2b6e579deaf03f3a766487406e8df4d9b249816419e85f285a4b3
2CH	4	296620	2373683	18c76789ce7cb75e36958f5c3108f61e13dab6cc28d80e080b6aa08da1d139b3
2CH	5	220134	1761791	48f3a0c6a7dedb044b00106a0a90c424f9e6d869c0245fc7af5e96da15e5507f
2CH	6	585352	4683534	c6219ef448658acf5dae2663204744f142027a4e0d1f11aa38a3d0e9b52118bb
2CH	7	371931	2976171	5a3e68082fa8ff0875f7f96f48ac1bfa477b70c7e87f9cd9539f39301371b1c1
2CH	8	243096	1945484	4d73a10c587ef6a7fda3dc5999730fc78f4dea82133263bb5fe2985fd54cbb41
2CH	9	380343	3043462	a55c086ceeb7632e227990f9f3069bb7e86a6e3cd1a6e3b633a43196bd74b597
2CH	10	248712	1990416	8ee3987d881889b19ad594caf8f9ef9d3e6c54ccd7acf5ca4cfef3631571ead3
2CH	11	259370	2075680	e366818d9f08bfa3714830dbb51b87a23b8ae6d687fa1d645339a6a1f8d64127
2CH	12	238341	1907451	f51bfb1e68fc9f9fe587dfef10d10076a1325f8d1373ee4437aed2398b42c6cc
2CH	13	302994	2424676	23444cfcdd8b136d72d155ccd7b4b711a0e9c6ecd5e4ba46046a681d506a9bce
2CH	14	204878	1639748	6f740762964b9a6c4d162b836549db8dd4276af1fa7e08039f195fe8de8f29aa
2CH	15	239386	1915810	10128cf283d0951a12d1654ec4ee6be90e5fd686b4acc61d2b38e83bdb34230a
2CH	16	228598	1829502	cac912308d0de105c8e374ef2d961d37a498acc584d5eb83476daaea4fa5fd2b
2CH	17	219611	1757613	e114ab0e432f21facbdf4197a070efec5a7ace1a62daf121e20270ca743913bd
2CH	18	467435	3740202	77ca407c2e3a0b3b96e0d0fee8f9edf8636a3e0df5bc2a1c1abc92b8081eb6e5
2CH	19	164389	1315830	d39d632db35b09695dcba376a0033f17b2e2af192f0435700e89dfd90d3966ff
2CH	20	522423	4180104	094cd6ce55a7ad984ede81f0c602fcdf3da2edfea55bb6db7467c36581d40dc3
2CH	21	293120	2345681	f292e6fa6f88c72a71604ce686976fb28bfd254ce4252867ca7c9941ed3c23c0
2CH	22	223817	1791259	7b7d3fd04fc2635c9ae3f8495c81466729390afc9a190e4e2fdd2ffb1677f975
2CH	23	346828	2775344	aaf78fd8ca39a33882808fa3bafcb2c2bcaed764522d62fb41b317ab9d8bcaa1
2CH	24	433868	3471664	012b12f1a29fde0c0c52325fe94dac8890442be77c9467fd530d7a5c4bb7c977
2CH	25	443951	3552330	cc444685738ff9a75b84b7a3fd4211fb6dc596d0bef73fd9222f904fc72c086c
2CH	26	344816	2759252	57c85c0022a3070d491ea8174f6e4acb9a81d538b1beafa9877b1c9322bd260c
2CH	27	115644	925874	15e4848f2fb86163721024cc9e4d11e27560bcc727a4e3bdcd7d11781f38d70f
2CH	28	421068	3369264	f92ce63d6155a0639f7e9b40a856b29e0882da26fbdc677b1eedc9787a97b50e
2CH	29	520882	4167775	bb02ea69762a336598b9b96b19528db7f29e85c5cdac44901cf0390a2796dfd7
2CH	30	400718	3206468	369bacbe3b0c83cb65fcd0fbd5a74c88a37ef5c52970799409b66aacca028c44
2CH	31	344503	2756744	ebbde225d42a8ec6607699ddb863d199295d7574f991eb66702fbe8623ae3f5d
2CH	32	477753	3822749	acfefd6a0b2f814425f5f511b5f8db74f30b89b9a14d3804a9e30d174473330d
2CH	33	338129	2705753	6482782f141b53518709b849e39f3623b459a6da700d529b294a5c86de6b69e2
2CH	34	515291	4123053	1ed33c30304f805792312ed5e06b5e2fc37aeb2233cc64abdcda2ddbe081850f
2CH	35	402991	3224650	1b364c02c49a82eff5116be27f11acc075c0f165ab9ee5822f0f460b989101bf
2CH	36	364095	2913479	35686d76aa333159aed0c1d7e73f11976d78520e75a63921fd9055dd67db6e76
EZR	1	190694	1526263	9a7447baaa720469f5b1d62f0981036c051db6eb8387420f156d6afe05360522
EZR	2	585900	4687915	2b7bf084720b82cb4fe89c9fd079f65ec36e289a1948db52653596fb195d56bc
EZR	3	242338	1939415	6ea9eaf5ea0c7212817f49126ba88255892d96809b7d111b3d38e6d56da9a2ce
EZR	4	339487	2716610	bb883e04f9abec5718b67118cec50a8dac3726dab3992f2eaf3c512e50d46f5c
EZR	5	236330	1891350	05a6c5cb5ca27e8de514eefa6bd425204f1418af7ad0ffb8893c84ff5cd89a2d
EZR	6	358766	2870837	46a20044cabff01fbfc6a05ca1b949c82285fab203488a75317ca14e7ee9e018
EZR	7	385228	3082534	dd13d593bed2d8362d900528103d22b7efa168db9ac18c3b0af5c83ff0a667a5
EZR	8	461688	3694217	633936806ff441667f6c2ea53c0c460fff242000c92d63b2561212be219b874a
EZR	9	273685	2190191	9fd16d8c38736ed0fc44a725ea845f85177532d46a743575f4cd64f631cc923b
EZR	10	539899	4319904	c81369a48d3b027e0ecba018acf1a2e896eef805b7385fc4fb8453ba1ddc2306
NEH	1	171886	1375801	27865eed81bb435d9b91f572362a943cf114e28211532112686e3e17219b0790
NEH	2	283167	2266054	55f12d42d959d7e234cbe281436f1f1b620d58aec749b0cbefa40416db9b8e2e
NEH	3	378253	3026740	68f4be5a741f7bac1dcc001d1d3010602f1cf7221dfde3c76d57c30b0cde9277
NEH	4	293851	2351527	aa9bbd288e0ef5da3a39f717297db329a78cc5f5a07ec32c39dc0778980dd104
NEH	5	283507	2268771	6dc8dcb0f8e071d29a5738247dca98380e9b8aacf8de7a7fb4322401c0449b4b
NEH	6	254563	2037222	e223dad636359e95ad7040405f1511086db9f82146cfacc88276ca3fea11a9f2
NEH	7	647131	5177767	80fa050db6a22d491e14b2e931948cfa2130d2f4b2d87ee2cd05e4a352835418
NEH	8	314175	2514113	839a41371816b359419a368af583910deeddc323386297514c0da1c358490efc
NEH	9	621375	4971713	3bbf2b9fa3d0901329454a1194db5e6b449c8dc1c2beac66d4003b69fa6537f5
NEH	10	368039	2945031	b7aa7cde9fcd4cdaf8b28bb91fd0d6438168a7564a743f4160e915bf310c2045
NEH	11	391079	3129351	97060b63bc857e9fa2f83967bb9c628912982eaf17b417c7320fa50592a71268
NEH	12	553117	4425651	de1ef0bca2cc019f42282af3f5d0e8228af846cd30eebf72f9664a32682f48c0
NEH	13	423340	3387441	28481b1d4525962f37248f657894226a0d481e69d895bb30b5b841c7007af4e2
EST	1	308245	2466673	06244d63747c77fe542e6d9debe5962f726f18e6dda26ba8869054f91b05a57b
EST	2	335125	2681713	69c1028fc38986cf0564bc15aceb2a0278f47f1dfbf6755acbe69d4593e4c11e
EST	3	243931	1952165	c491188618c6c3c2df6b5296a25e8e9cc9c3291c82d940bf5577a85900a2aaa8
EST	4	213238	1706614	e33cef66f4d92a73fe3de1dd23e18e7e26c17ca04aa3ef462172fd27dfceb625
EST	5	201509	1612782	dc299e1ce3fef814b927aac15d953a75067d24a7ff1cbdac2e60f1844c579503
EST	6	203624	1629709	b8e01f1a8ab4625cae8e949ffe9f6340fa38087376e623f143436d0c2979ca6a
EST	7	147331	1179358	f90bbe60b4d72223a0c2d0a249bd06d346fcc0ae1b6e19ceadb278b63a76dd23
EST	8	270002	2160727	9aec00e22b2bc0daf4f8d8885fa380c992dd525034c01dbffe71a9575c088c66
EST	9	433293	3467058	084ca0a0ed5d0359467363a81742f4dd189429ba71a5d9379a171b1440c8cc5b
EST	10	49685	398195	631386eea2fe140c62a9fc8a2bac68422cec19fbb1f1515ff84704e7270c823d
JOB	1	288104	2305546	2ce784c435b191601c2d957a8869583fff3f730a9c850bb1fa4e67fe620a7784
JOB	2	186358	1491571	fb9b10fc5487d14a1014ec9bb45deed59f48a8ef566701d9f494e442fa70f4ee
JOB	3	184268	1474853	a22fca001c611b2d3070c934c4a3b992bec4e4f496b65bb8385b24cf8973b830
JOB	4	171154	1369945	adca1d0ffdbcd9776a215570bdbddef682be1e55d871039d931a05f3b5a23dc8
JOB	5	200281	1602957	34dc3dce4b36f7935326371b6ccc9f5eb6c73f6d3e8492f6901200dc03a7fb46
JOB	6	214544	1717060	97590e56384eb2effb87bfe9926724d90acea307b2c4364cb4ad187e2cd19de8
JOB	7	165773	1326895	03882d2d73a8432dcf5288d9727243d94e572138c1f9b396ccfff2a4705786ac
JOB	8	156761	1254797	b710cb8131935226b66ba6fffe6a850f2c40d343fa8f82119ef4e74fdb64af22
JOB	9	247040	1977030	5215d820a05c3e18a1798ff6939012ff843a58a6cc863fd400c203beafb19cb0
JOB	10	171050	1369111	1b02caba30f39b7b36d65cf104d28d1c1ee0a26f435e6fe7b663a9f1a0055fc7
JOB	11	195918	1568059	23c4c474e4c9e9e8c11da00e474cd748368266f744d5469d7c0e845a23b97fae
JOB	12	185391	1483841	4518ac80143893dc706889a7a3ff517d5380889fc4bbc24a7e4050cf73515a28
JOB	13	186671	1494081	9276e424f4d5ded237230472bb5902cbeaaeb73410e1984eb18007badecaaf83
JOB	14	179461	1436402	66a1e0d65054a6b513db5d87216e90d3b3c7ad86f47a66b6dd338f83e7b63cee
JOB	15	256287	2051011	ff62203be87af4594b193b51413d1fa276131a43b36932db2680751e57102300
JOB	16	166687	1334211	805569470c7004c7eb974df2335c1f9bc0c2c78eb81474632df42ffe1931ed7d
JOB	17	118857	951570	a7d4fcf07618f14fe1137df1cc75d20c32415508d8cdcd3465fa50fc07c47705
JOB	18	145058	1161176	8c0286b5d1e0de7676ce1f03565560f6a595eec0f0098d62233638a386c2db55
JOB	19	205845	1647472	7e4f1acde73de612711d192faec5d6737cd1b96c3e4b51c28681aa51149cd110
JOB	20	281913	2256020	d0979018613b9f611ad9743fe7e31fa42928a92f62f1ea1ec9777e4119c942e4
JOB	21	223451	1788324	1cd465ca8d927032b82f0e0d8684c2cafc6c76ca219910cfd93126ca12b0da91
JOB	22	214230	1714554	7d5c643441872463bf1e34167f960f98ad631b720ad2b1511e2e8916b896a0b0
JOB	23	123820	991276	58f521ba2e33c505bc8635ee92fd7f3753cea644c0c15473ef8bc659d9703f6f
JOB	24	203833	1631380	8ae20259dc6a067e744fba7eafa439c264b716b91ed9cb46d869e49db3218df3
JOB	25	43781	350962	79ca1fb99389e876b5711a095c7d4a331145d8dacd1ea2e9a0e0f27e40f2e2e0
JOB	26	97881	783759	872849fc4194e97c5462f4d394d438ba08f7b51857b332465f5925130936de23
JOB	27	161489	1292624	ea4993f8511dae523433eb859f5fe01407750d10bec642d9827790d0316224a7
JOB	28	197355	1579553	c3d8a5140a769ada2c23d9563b6177b9dc36a89da11ee6574084be5e7dc4c7dc
JOB	29	168725	1350512	f7caea2fdbe4fa5e607908ea6fb43e462103aa3ba568e371867f4a115d066866
JOB	30	235050	1881111	79e91f68216ea85965458fdf6cdab42038486d84dc527cc8e2481a9b2d0c7311
JOB	31	290769	2326864	e8cd623086c0f68959a71ebf25b24550e3dc899312f1e5e4e0ee779fd4bc3516
JOB	32	169639	1357826	7806072518fe4e48dc59b7d3fb6b7d02e14019ba998d2d330882fe938d487a02
JOB	33	232856	1863557	70d3718468a7ccd23a25a11194f4b602b74caa15ab486539975c525f881b4dc9
JOB	34	261355	2091553	714a3764a6786cdd89e077296ed0eeb0f221d7d115912642addd6a9daf1b5364
JOB	35	112196	898280	84d018ed4a6f09c4cade52a66233472553ad58f4054bd983873a97a49ef979e4
JOB	36	224340	1795429	fd45cbbc1d6897f37998d4e829aff4b70b1e124b5b17f584faa50bbb86d5fa9d
JOB	37	166322	1331286	2e2fb028facd6a963725f69e995b3bdca040278668562339c784f2f4b4f39730
JOB	38	331337	2651410	035c5716a66a1eba38ef6b3eb01b87658151ff626dfd657469776a422e0d7cb0
JOB	39	268513	2148814	4d5f00e32c3d5013c0761e697403c011a63e1d8b14810e48e9fd0673e653c911
JOB	40	199367	1595645	9bcc064192f8fc46313a4e5c635b12376aaf598219c53b08a3a6b15468d0753e
JOB	41	271595	2173473	912a1ac3285c499ec3a2b7e6120ba42af7583a62f3c73501e25d942343343fc1
JOB	42	216738	1734616	f7ab2dce12d5cbf63435ae9c2eed4eb4b137099d3847e0056cc1fbfe7c1f7d5e
PSA	1	62380	499757	dd24cfabae41e08bcf8f9a04ac8ad4ffc08756172151a443817c540948a0f98c
PSA	2	98482	788567	80211883d37dbdafb7b1575ddae1932aa5bf447277065e84ba07d36e4a4d4411
PSA	3	73221	586483	78d3c78dbeaaaa12bb7bc7c8ed894e2872f11c4d8e31f0394726cbbeccc8d2da
PSA	4	79073	633295	2bc39c1f333da4306f9388067fefd65ae187f9baddcce3dc10282338236c6f56
PSA	5	120607	965572	68402dd749a3e0c8f46007d4af4870d4e9efec2814d714eb61c89f38a1fdd16e
PSA	6	92238	738620	9df88e7cb53b1a141b533139dffcedee6e5a5355dbc17194f814a486e4075ae2
PSA	7	161384	1291789	568822d433231f4c7c9792655c69bec17f71c25cea748a323ca0eb8f4e9d0983
PSA	8	80013	640818	40ca77fb421ef94f7f4a58b847d560df3277205eb62de073d0cdf2de1bf24b11
PSA	9	172983	1384576	ddeeb1c6cd522e6a9a2f459ff0a2c69fc3d48c4026bc03f8174b39f52d795c68
PSA	10	155690	1246234	30dee806b1c07ce7f1c44426d36485d277d82b250b4d9d1920f75cf658dffc3c
PSA	11	69799	559109	8dd81ebe9cc8441becab9f25575431ba879db889bd6842a5c900e5168ca4b0f2
PSA	12	81189	650224	38a59de3e74787ba8e759cf3be1ea3b9ee8319fae796b4ea31af054d699b1605
PSA	13	59324	475308	086f3b1a02ec831889fe750ccc8f1a2b59ceb6baef05acc2544f0f7d69dc2af5
PSA	14	75755	606756	cbfa21b7ed3a44333963ff9d322f5c071b2540835aa35434fcffd87e5e6798f2
PSA	15	58488	468621	d2726383f15ea8bcfff19dd79ceffc65be9b1ff68137a53952370ddd7fe0891b
PSA	16	103210	826394	92ced87822b688083efa586a8a0d83f9018b37749bac6e31b2b011e45a135806
PSA	17	141871	1135684	d08408abe5588fb19c8cb206b6476dd9f2d28d9588e6f60d9e92765b472da567
PSA	18	420650	3365914	bcebd0124133a340e9c28119a01e24977f9ded0ea0a99ee5146c1118567dab8c
PSA	19	136150	1089917	ae4c6b7bc9d766da4bff870b182d9ad8cf94cd29884ba7fed452e92c679d5978
PSA	20	78289	627027	63a314ca7a927a370fc302d534c921e46e6a231565dcd306fffb6b0c68da9746
PSA	21	109427	876131	82b3b11fc7f17c504eed69e930c4ee19654e1f4d0ef0545bb2c48f7c0aec43f5
PSA	22	276637	2213809	36070ff48b0af69553a1ef1f24f7a935acb64f1e084846d8d21ddb635cf7d4bb
PSA	23	60056	481160	68c05ee4b7bd9c05d5b8a1330295526592c555e97e136ec8043a4f31d051c5d7
PSA	24	91193	730263	74edf65517c5d38394d5b2ccd271484ed228e8b81ef1ac1c5ccb2a17b94f487c
PSA	25	161933	1296180	fc0a7a2ca4738a27832934b00ea6e3e53b107b1dce0a2cc22a44ea7db1c4be03
PSA	26	91429	732144	d26fc0a22c062c6307299ffeafe66490c605b7ef6794d835305c1822a35a7e30
PSA	27	157022	1256892	376d34c2d34097a02f26840cb5ec00578f4e0c58da3ed6de13a2a5028ed7dfc9
PSA	28	100598	805496	6e5f74a73ed1744078fcbca95aea870ab1d1a83ce6042b21f82502b71a6f4903
PSA	29	99762	798809	96aa756a7de2a3bac5c9cb218b56f9d2b762af1ddb0100fef6d3d728581bdfb1
PSA	30	119406	955961	fe06c79b9fd185dd8d167910eca5294e910e3f39db28f9f26a29ea9066e7e87f
PSA	31	238629	1909744	86e3aa7f9bcef3dee6de836d7a0416ae1c4c92fde9b5d345d6bf58a1b5a72760
PSA	32	114651	917927	dba6811617cc9484162c0fde5a1e7cc6df3f1e69e0d0fdb6dfca81e605095ee2
PSA	33	166635	1333796	9436a2d4c8b5995ccc17b6ea6d105136a9ced1ef48fafecfbfb71499b3a8f23c
PSA	34	166008	1328781	fe9fc02613fc0d61fbaa87cfe0c0e1c03ad37c3dbbde54077cc04dc25252740d
PSA	35	252212	2018413	b93b6ef41d10001ee6123d286a806e04fabe35bfff3a5780c1f644eb583e56e5
PSA	36	112588	901418	a7bfc906ee54238d92891f5f6dfe872d65dff20e8f72a08a1dea89ff8bb6fda0
PSA	37	313940	2512232	fc0311bf73dbfae3d1fb455da649071b1b311a95e0b4a909ffde4694710149b1
PSA	38	173427	1388131	95e1242d973e2834418887cab048de5875d2a1ae9f25b4ce1772fa645325cd93
PSA	39	136176	1090126	eb4cd09c47897c4cefc22c3f9cc9b39f496f70fe1a954a7d8362c6b9389497b7
PSA	40	197303	1579138	a45830b610f477044400b685e38818278dddfed894cd463cddefd7ece512f94d
PSA	41	122619	981666	3bca26cb02fa664a53db3fa858e80ad34bff90cd95c81a3c13b1f1fcd0fcc676
PSA	42	137979	1104546	ea168ec346c0d9a94372d2cae358e9fd1c30ef347d841b313137b066675dfb19
PSA	43	64993	520657	ec38ef3c66dc779453d17d26493d48e717a49405e659ed2b14eca3ab2ba171e7
PSA	44	211017	1688853	56c5625e829eb3c4e5adf0ffbd59eccd2049458fd5ec484291b2fd0cf6b4fd5a
PSA	45	165930	1328154	7879668647e753c29454121dc1aa73b8c1fa952378030fb70ce2c42b1ee12451
PSA	46	102113	817617	474350db6ff1de956f038df8dd8c5f31eb64b2b83ef8e1fb2e2ab1873d0a253d
PSA	47	80274	642910	cc11961a63a281184c151b207adfab8e639dc79feea2537606b64395aa9e3316
PSA	48	119484	956588	cdb1d00a42719dda9c3f0013ee65508131ffd9d57f9b5b1ee8102fa4a2aabb4c
PSA	49	160993	1288657	9b27275ce0aab6201c973de5c42f222b4b1520a4ec088535e1f7a1f35fc64e2a
PSA	50	188317	1507249	371881e3cffe072b74d6ab51f2e7600208e4556d07e29a734bf24746d5d558f9
PSA	51	164206	1314361	a0d8c7d4e0082df80825bd5f45e7d6e038a8b595005b9ed224ae5df30b06f367
PSA	52	92552	741130	b23e1dbe138249d08b414bcd989b5eada9a1d4393fbec4509be651aac896dec4
PSA	53	78968	632461	79931a9f6c23d4a710b163ef29a59468f1b21d1e4f9ef86d92d925793f4e6950
PSA	54	69642	557855	752bf1b732b380321804b994e5b0011cb72c5f72e395649abb4f178d4fbc1da7
PSA	55	200673	1606097	75584a6abff86b6d6768b9cbdc9e905b1a1c71c8cbffc1f10af67cb47a7e1e4e
PSA	56	120607	965574	e62d57d858b15c49c0797822342e4e2d7e68d7529ea4af71b847243f39d2ccce
PSA	57	124526	996921	a34861ab7f5bb32b078a400d0a4af0c67802aa9df1cbaefcaec2cb12bbe4c13f
PSA	58	103027	824931	38e00c09b65a6cfca05b0b1e356850386491931852e9ad4230400012d32e1eb7
PSA	59	175909	1407984	ae6a5b459ba033659a03a2f85d92c4728115ef30a00d153bcb26cef783b48765
PSA	60	118779	950946	eecb694e4bcfef9f832e89973dbc0243c53f6c1d20b557e3b4541f48e186cd1d
PSA	61	68180	546152	5d21423ce6916b297acd1858051d7c2e62fccb5ecc4b01dfedaf3578750632f1
PSA	62	118988	952618	8278a9b707a9fbd2f51f24c2240ccd63934f69c0a6e9a342af29889d99157131
PSA	63	97829	783344	596898d3e9025064193865fff4a54c17bd8f5b16b8d821c2c6744a7a8d2a230d
PSA	64	93597	749489	59760164030dc2d0c9c5cca84358829cbc3a0472b666eea19c85902c3bf09db3
PSA	65	131709	1054391	e890326feff1d230f581bd0bfdc3ba08139f695befacb4d82c0c221471d9940d
PSA	66	153992	1232650	a7add410e9efc750af6b9ef1fd9a8783cff08e9f52a44d0a75a3735cbff6e403
PSA	67	65776	526926	bf1b7a57663898b35ad1eb3bc7b0630be5783e6e4ab98ec3eb20c647d324a0ee
PSA	68	340349	2723511	e97a337c748cddc1e9d78a6e07a43dea42e2699abc239258b3071243390229b6
PSA	69	321176	2570120	ebbb428382c9d2919eb4082644b8c62d719f70dd3fa4fc487629f7ede0007d95
PSA	70	61048	489101	5706588c4f118f6b96b40b52c918517d1bb49207c0fa54a26fd89c9b54b26254
PSA	71	210495	1684673	0d0eb1f5d6c8a9683da494ef128f2c98bc881ef7085732e87b29a71e1acec000
PSA	72	179122	1433689	080afe4bdb627e3592c06a8d826b2bcac4c0d60158220757f16c843a811966d6
PSA	73	206890	1655834	1ea45ba8a24c756e2c0e17da87b84cf0a8395fdfe578c4225ec6c8bed1f97ea5
PSA	74	196754	1574750	bc6f70f67d7da0b1a690324c12825478afe5f0be874eca73ec313c3985d6bfe3
PSA	75	95765	766835	679b3885111c1c6377bd03edce6d29e01a86d5b13ed7d5653e2ff389e93a8bca
PSA	76	102844	823468	1333ce7e3f77dbcd1e0cb5bb100bf3328b6b1d7789db94d1e93249b95bac0b61
PSA	77	164780	1318959	a1f78ac56865cab5ee098c3d9a35c77cde2e03d2bd37ef53b2c3b82c4c639586
PSA	78	545254	4362747	c5140497de26020f7c059ee6f476a7740e26ae048a4dd1607a58de3f9139e784
PSA	79	129097	1033493	387c397488edd600918f9d2600035bfef54ab3ad08ede88ac751420a540c3c55
PSA	80	159242	1274655	c1176f4199727366464b96a633ac232e282719caf7e6e4bf605dd405e403844a
PSA	81	134766	1078841	4efbc9c337e0098547fd45ccc612097cf5c67e08f62b5e23b96aa11c2bbaf968
PSA	82	68180	546152	55cc51e8a8f5fe351b4702af2eb61e33e9c3e54759053b7a30a81e58749849f3
PSA	83	141558	1133176	42b122acb23c595055b127d3670e57804cf16c4000ce4ac431ae795ed0bdd0d6
PSA	84	113580	909359	9080b17938f2464917086481a1a85d848e0576ac413d4dec90f224a1c671e643
PSA	85	102766	822841	6d26f7f9567d500de89b0d7d91b241ccfc0a15ddcf6aeb6947e84cef4319d681
PSA	86	150491	1204647	45bdc5db9b310d0c2e61e75d3dca64ea8113f36b91e21be296fbf985a0c32a32
PSA	87	59977	480533	92c46bc4f785faa6f6746d16b049599114e3ef6cf23b4d0cbd2d8a03e458675a
PSA	88	155847	1247488	c666c85549ad2dbb5598825c9b207e004a6811b51e921d831d898fa3e87845ec
PSA	89	399778	3198939	8b9ba981354fa0cae74463fe6a59484d6b7540eee0194e32936fe39b1a209826
PSA	90	145763	1166822	27cb58438a6daeaa295b1dd2f15a06ff27d6d26937b48f1207b293e183bae39d
PSA	91	126171	1010087	df6167f6b65a435ec08fa9f18562cb26128eb2a0d7d8faa9f9bf5c5d2bf52bed
PSA	92	118152	945930	37f7492ad7577ed91a2509af083cef87cb47561a75f9a614e6d531cd18524500
PSA	93	53368	427661	e5dca47f147c19f1a93210f7739b5e8b2bfd53b34a2ff6d06200fbdc6fbd2108
PSA	94	167732	1342573	3a5b37d99efbaa518067196b245f448f12261fd4d242a0da255271aee6acead2
PSA	95	88712	710410	2ecb9b108eceac3e583158550c3bfd9a2c16882ac4a24c96ef1402fe2a6390d2
PSA	96	118047	945094	c6218c995e8753e4403f8acda70960370f7ee3339df9df2ddc1c20b6a8cf9d1f
PSA	97	106109	849591	4e46a38797be8515460bd44f63b07224f892f30d457f4db17723646bdc5a25b9
PSA	98	91141	729845	2ebc8b82a104cad00ac4ebce6c5095ce3d8495853d918dad002550a46ba1e1cd
PSA	99	89208	714381	764e1fd521d2ebc544e9153dc5446b82d6128169d6bc1655921539a0e76e7518
PSA	100	52611	421602	948aaadf7623af0bfb5d85b02ea06d0153f6023b922d888d1f04d7d1421caccb
PSA	101	84584	677393	56e5946b248374eb8a5bdff7d258e3e7ef8f1b5effa87fb9a42595313f2035f9
PSA	102	218331	1747369	851c9e1b016e96dbe70877df9edd6c06e4dced9a104cd5974a65c0fe06bd8695
PSA	103	175334	1403389	07791cd6790b12c96d1d07d65e3dfa5c0b5d6bd5f9ff0f735c2742543c8859c4
PSA	104	271020	2168881	bd6197355789061442c17c8f275340c89deca2087e545fe34031d013469d6f61
PSA	105	295367	2363650	32b0bee2b6afd6d72fd28628e2a618889ad6ea1fdbf48573f42221947b0fda96
PSA	106	362136	2897802	e01b9c59302106e06b06e6703c65e8d4b561452c02e3ee58059eea0417e38e10
PSA	107	298475	2388518	5348f7c84b532c7028a5b4aef41008471b82f564d31d8293a126e67076c9c179
PSA	108	110184	882193	69b7a6e468e092446b32f807d7c3dba371a5af541a512de4301280341d9d1b07
PSA	109	245786	1967006	c16b2e03cd5355a4c39d3904547beb3d10ee4b1832bb2fec72f2647d0c38fac8
PSA	110	69538	557021	bfdd64757e9bd4730e7af3e41f2f36d4aa94e06c5e294f0291447a904ca55255
PSA	111	88869	711666	d88b6c89372b93390eacaf0ff5e44704a07258a1aa732de14bae86fa777fb5c8
PSA	112	89757	718771	443a268d8244fce4ef7248bce758c3b77e70d620238605f117e4a0a9aa5677ac
PSA	113	66038	529018	1edd36e3415fce14f5707132b14c28e8868667841b46dbb6a02202e35f091d3f
PSA	114	58175	466115	46e481a7df3a68a02bbc309e82bbe5cd755d87ff7c3e5851a69240a9aeb6d847
PSA	115	133381	1067767	7f2063fe916111aac0dd491e333b8ec4e9456007be490597750416a9134aab51
PSA	116	134531	1076962	a91d41b3677566bc40160789b100c7bd8b43c1fdf448abed6f64dca684ae04c8
PSA	117	24189	194233	f0bdb9dd9b1f72b180fdee8b7e4c91d415baf783889feb9bcc795cf2a2408c29
PSA	118	225463	1804420	246c40b38d5aa668adddc2caef0074cdda8600088f7f68879474484d06174680
PSA	119	1179350	9435519	cb64cff7f375ac0d9cfa75a992396d133b6e31b712463b3fc68e8767cfad4579
PSA	120	48718	390464	e66a751a2e0113c8a95b13a10525472e7e3bffe858a690ab70b0631d348f59ef
PSA	121	58358	467578	9fa995ac963433673c237dee11a9729e9019d51a38720d544b613d84784cc969
PSA	122	68258	546781	123d1941b0cd582d9d2328dc609256bd93a65b532f1affa1e8e5731d52c7e330
PSA	123	49136	393808	1e66f74249d6132f4101a4c73d49779d5918680dba6fdb5617c0c2e06363fe9f
PSA	124	61858	495581	886ef01f2249a7518074db9e928e705b9e4e5237b43f6c2db36a9dbdc77250b1
PSA	125	52532	420975	803ebc419a6ef24c0e611552965ab0502e51ff69ed4015be5b54f8f7c4804936
PSA	126	51566	413243	e9e8bd1aa80291fd7d2dbcd5c4797e9536a158a099e6929b85a86dcc1098bc73
PSA	127	56268	450860	b2a5f106c585b9fa1073b3967097e98e0ca995c8d5f7ee314f491e770e8e7311
PSA	128	53420	428081	47822e6e059ba5d99aaeec7b5458f1608e9f663c098db958b0983a77409cb5e8
PSA	129	65097	521495	6a0fad78e5dd0d202fab1b4961e260505ea31120807454c50c291a4718f1e5a0
PSA	130	64679	518151	a321d9c451eba7301fe33052a7c5ea025d40a45ad314c0d96b423ffa17a9eb0e
PSA	131	41430	332159	0738cc4b197ef7847f6f20c4a901db11892b03995320a6f7e9f47f9fc61f3432
PSA	132	133068	1065260	c87cfec0b3af352e62ba9cf1e60d933cd0dba87c4e4156229e7f045cd6e2d204
PSA	133	39001	312724	0be1d27871f240e37d85fb07284741230567bf73255733c9f7bb8ed69b0fa7c8
PSA	134	28944	232267	192e8a32006bb91ef67856a59cd7858a85f2b8173e84f672ef4f9db0c1dbb8de
PSA	135	163866	1311646	bb861c4652800c2c37af78c8dee5cadee1a0309f39203fb397dc4cd422725b69
PSA	136	193489	1548629	9cecc7074f4a1f05bb9738671e63054a32b2545e463ea3b3a6874ed34d1b7b96
PSA	137	79360	635597	cb233cb68336cc6cd9583bd22a50f21545ad0e3383836a3af906bfad102bd4d0
PSA	138	82913	664019	020ceeb76128b28a61317cc70b81b03054c999b87bf4046b2dd9f619cace998a
PSA	139	190877	1527731	fa5e9124f3d1e13c9e42f04130167a3530ad3fd6ba5e3f9951f309553a8b4771
PSA	140	125205	1002357	246498c5fac149b2cb479200b266729b5c09eaf466d268882830bebf4f6499e0
PSA	141	98926	792123	d8f4e91de25c559a84548c465e5c7b48a333a39e40d8d0cccd7d8ca91a9a10b9
PSA	142	80797	647091	5b1bd516f66ff0efef29eee4cf0eb905939d8546e02fd1e4e2ce01133f78f815
PSA	143	125884	1007790	407399ad75f34c954bd8b3b342a0837348701eec67d958383245b2e04dcc22c3
PSA	144	146965	1176437	e5a3dcb47680ff12fbf83a2477711702c03721cde42b7e4fd4ad8fc290079b61
PSA	145	171520	1372877	8ba456c2fb7d41f8e34103c897d073833bed47b91c768c02712a7647929f773b
PSA	146	94250	754716	b9cf89592cce9a19f6b2576231dd1dcfc9be1842fb752fa9c46ccc9a25c2f5a1
PSA	147	149081	1193364	8732eb52207ae50ae178aaea623fbda2cca3c5423ffa1ae1d931cc1b309f3404
PSA	148	113450	908316	ccc1386b49efaad4f8b7999addf7864c38939b4e8dfaab3082f803af1b9c445e
PSA	149	72777	582935	758828aa4ecccd0a3fc156bb1d68d7bf4700ea6fef78cd30c2eb8340507d22a8
PSA	150	54727	438530	f991ee4898ae8ccb4ad5b4e0938b16096e4a1858afac012b12d723637e9bcf88
PRO	1	282932	2264173	2ce3ceb854ff389b6e949fd79be5b8b0693a23b9b3ff2a306ecc4097fa068fea
PRO	2	152424	1220111	150246ca1796d9e082cd07fa0786aeb05cd54ab53df160505d49bb9fd83831d5
PRO	3	276924	2216108	efa00cb968b0e1158d4a6a7037853586c923b9639c83bfe6129530636102006f
PRO	4	225646	1805881	4bf606c16c5f39f42c6d15872436cae1bfedcc3194623d164bb574bfd4951afa
PRO	5	183092	1465453	2327ad9112e09907b9cd3642609e163ddc9831bf851bad9c559e2edb91c0d79e
PRO	6	295758	2366782	e72acd8c9850ec675890c7785c2c10312d666f52c90bb6d0a4e520152dff853b
PRO	7	207621	1661685	b36670fd1f307ab837622d691b5b803288aed300d627e1fbce9af59fe30e0f80
PRO	8	302759	2422789	14919fa1a22b8a1d54d1d5d241c9be497b717d8f7da024cae21e2b9d8cb4064a
PRO	9	158302	1267132	e7ecc6ce8b31ace8461e449fb5a286dd5a71bc80c31c68d60e339c3c3032a9c0
PRO	10	351660	2814001	9869be3f46eb611b2e349b414c90fe74a3ce69ce686ee3132d4f2e0b327bbb99
PRO	11	327497	2620695	f5b2d0a756c8601b798b0dceb5b54057fa4cc1b1d87f443720e974cd35189656
PRO	12	320261	2562807	61aa0e5dc9e4496d04fc9d0deb18d2ac45a9b3f9b83ca3dfb441e8530cbf76b0
PRO	13	288731	2310569	b3add61a91fa6e68862e6028cdb7e93434d29ccf9adbf18949a20a82cb8d433b
PRO	14	389355	3115558	63e0308883b0412326069114b96a2f7eef562833687f086f79e8af62705a4e40
PRO	15	365688	2926223	6c8edd9ff5525767cc5562e302b46db121c4e9e448d9effbbe1ab5aa5bda3cda
PRO	16	363912	2912012	7e5d8be452f4ac586999d288d0440c2793adbf57ad9e5e9a00a0b776c45af26e
PRO	17	325538	2605021	7493199e80dfd9426060227a4f22f70a5b192bdc652c6c82b85f00b4daa76886
PRO	18	255556	2045165	c10778b7a88cbdb7be5d8c855f8c897139fd1b4c096d0b544ae3b170681528ae
PRO	19	333714	2670432	c1cbd7b3d1799da09660fc0c4b4b0c6303083ed41da72bd3a9657aaa78e0b94a
PRO	20	326504	2612753	f1e060c67963f665a0685d0f790ab639e70db6d7d53885540ac6feffa702ad93
PRO	21	334420	2676074	76002b82ac56e0f06b432329c739fed8b44929c61662b0bc937d6e5a82f273b0
PRO	22	287817	2303255	fefe1a8aefa66e78f5507a41df4208c8ed3b680569fe7b4b4f3ae169c500cd9b
PRO	23	302158	2417984	b43c175d0e4fc08cdd060c6289057b407597bd50cfc0498bb460351f6ba1a3aa
PRO	24	321776	2574928	1b7586c8b168652a29c12fa45c339dd25a80eddc2454da7d50b22ea7986b1aab
PRO	25	283925	2272117	d41fa9b80bc351f787193b560f21edb7d545c3d8dfcd023e4fe0036a40034f3c
PRO	26	300722	2406491	358b9a3d36b614655f7e2ea9cd66ead1ddda2b26f9f600c12346831cd770745f
PRO	27	282906	2263966	c2b919046c11abf2b72abb5c84f0ca75228068b59b7f53cc2b7b9334314cd5cd
PRO	28	333322	2667297	07563b70b98ecf84729ee9ca889590dabfa29316f204c4e116af6175e74eb7c5
PRO	29	312320	2499277	9a107e6421fc39bfb419073f827514d1afa311ff45ed0534829597cef8e0d924
PRO	30	356232	2850572	5180b571b890ce65e03137e94ef7ed168d3382bc582a37033e75f0d5648ac7a4
PRO	31	232568	1861263	62fbcafe1e5c06b915513ce804a0caa7c955ef06481fb39e0d3ac93fe81edaab
ECC	1	175099	1401510	62b5599cec86ad9f22904e23b2eb1d5dba737c8cd62e1ce6f807299c02d4d285
ECC	2	314096	2513490	858d22189b4929b435da7e8ebfcb8a2f6dd7a0e57a1a2ea5273f7f4c7263fee2
ECC	3	224862	1799616	26277bc47416c61e38b5e11e2cc2f25209883c0d87dcfa1f7ae8a1bd8cb774f2
ECC	4	170475	1364520	61e51da3c2247c173af7e4c3343e91f98251f33243bcc5c972021a00fe9ea24f
ECC	5	229956	1840367	27e43238a582cc8ce47c17896626e090ae11048e1e88b437538d63a26c181116
ECC	6	138266	1106848	2a5984f51d48a003392aa77c55f961bb3d42fd2076f0bfb8692343773be571b4
ECC	7	268225	2146522	643a27f53b15498c596af922a3b5c07c630aed2b58d571419e032a97ba1c172b
ECC	8	199158	1593980	8e83da096c47445f026cc5544ad73d8c246eb82cd6c48a16ab2d4f7b98dcefb9
ECC	9	238942	1912256	310837e6a59fa0b38597e850b744885a4ac8ef48c42db126e956168762289f38
ECC	10	184686	1478207	4b010a22b6f8c66a4ba5a8bc867f8b2e3af537eb06248408cd680e6fe8afc873
ECC	11	119380	955758	b1b6241ea7dc5d68b19cf66e4123e749b8d1232b4dfbf04eae7e41ea144e65f0
ECC	12	172199	1378315	08e03923c6e95f58e028de9619d8624f33a58bee0509a21600ea4db24f8ec564
SNG	1	165616	1325642	ee264dc07b7f7b494559dfa8957602fa2ed356ee56163bb90615a2347d1dae2b
SNG	2	167837	1343405	855b0b83288adaf9d752bd386194e6205ecd491f864d718a52fc56fcfb046cb2
SNG	3	123533	988976	01b08b7bb367d7cb233ac55242ba2eea24cb2a6099398d64631a9f18b10e100a
SNG	4	178390	1427833	1e0e528636c91ab80afadface2d38419ae7d26e11544a81a8f7a18c697130d76
SNG	5	190302	1523128	7714e62525f2467ab260e969b1fedb867b198c194e09d62317a8daa14be70ccc
SNG	6	137509	1100780	6674875b069cf74e9d2d28d50e0a1a617e7fa40975002d77c7004fd0ae23ab46
SNG	7	137064	1097227	f4cfd4c21814b1ec4072acdfe50cfb5cdedb5a6f51a0cecc7609007cc58c559a
SNG	8	167001	1336718	94168d9e78bd1ffd26aad403f651cd7dd264cfd90c12b164a106531d35c45ae4
ISA	1	361091	2889438	2c9d83c954dad912f66e91ca2ff994dda9ec465e141ae1355465da29680c66fd
ISA	2	231262	1850810	6f2890e84c657fd830eab152b096345fec3efff9b3a5815a14caf213a4787543
ISA	3	250227	2002529	bced1102c7e8c9f532e49e81091ada7dc8f44b8beac871d455b00b292032b829
ISA	4	85029	680942	ffa821767a7bc4d4f9f145ff6ea96fd3a2408cde1a7f43fa2557520628dba249
ISA	5	375824	3007303	387ab6cd989f4af5da8195e28e77a2e12788f9bedea90be0993149340972c771
ISA	6	181499	1452704	d50c469c0be02dd2bc2fea3be784d472a257d5552c06eebe5ba3dd92eb2cd34e
ISA	7	307958	2464374	1a48e1f8ef7b7affa48f281c35c185f31f292f3524dad00e66c5532cf7c4420c
ISA	8	264751	2118722	47f78c871d33f08dfd037ff8ac27f9a2a1f0c577530335858ba729768630a214
ISA	9	277891	2223838	aa4f9dabde18b7176ebe7512d6fac8cde2667c3d84c71b2dcc78df580d34f6f9
ISA	10	402416	3220046	f123db006cc135476178be6daa01a2e7d3cbc81e5266c6e692d1891a64e6fe51
ISA	11	200176	1602126	e355007966cc6ddad0b9fcda05185756873a6a7e5cca5aac5938b152efdf8e4f
ISA	12	69433	556183	037e48cc30540e610ef18ca9b07d47564bb71adbbc02d597d7b0125a28782341
ISA	13	255765	2046835	c8141ecac78b10ff7cd80d7c957bba7e839e3135de214c7d4409bab48368f5b8
ISA	14	363860	2911592	191e2453d1316ba0a89f4ea161aff2757ba3c3418177ee5f68b9e4bf78cc256b
ISA	15	120712	966410	a82cfa671c415601ae579921630a9477528895ad59395c59d4120b547de3fb8f
ISA	16	193698	1550299	545260ca3b2dd00a1ff67a4b682f2aea6d1116cf6b00375c4b2ff970427ceda0
ISA	17	178312	1427210	0ebb309c5c1da12a8b4640ad1888790de274a10b4b90f1be930e126dd8433baf
ISA	18	112614	901627	8e13c6f65736a3aa5dac683160541bfbbc0da29ec2f757df5e9a83c04cbaa73e
ISA	19	307853	2463540	a40a32d793bd7664b641eaf663c0738aa6de0699365b45a752f18867cdf0937f
ISA	20	101773	814900	cb46d3cba3d22b6a85c02eb8afe5555b8e1edd9833ab769b92444ec2f7a6e65f
ISA	21	207935	1664193	9b31531340bf963bdb541447638a2bfa1d6d75b722e9cb19ae5fa6dd93404c12
ISA	22	292885	2343795	08dff531a0eb412c1df73b4f140b2d5bef35d0055b3ac6344f7d56ba1a409fc3
ISA	23	212950	1704317	a6b99657eb004bb86227a1c1d5b32790b7759e9b610b3248cfaf582f4012a711
ISA	24	261669	2094064	5b93daa2bec74e4e3aa4db102a368d4ce89e9e63747dc7190570957f1f472b0d
ISA	25	163605	1309555	ba7d65755d1268cf5c3d4adb1f0720aa819fae71e311e44a002c6bb4c72245d5
ISA	26	245525	1964915	cf2360bc5b6e7ac57efef7c17b1bd90926124e5cb4f3fead8b4ecc95cbf6d69b
ISA	27	181316	1451243	792e49ed16746e0eadfe8328507925fd61bf75f68db51af906e9aaad0dc656a5
ISA	28	356624	2853705	ca2207af73ec63be92de34eabbae0f908f91268a8065e4386a59aaa7ed69d386
ISA	29	333688	2670221	47ed7020dd50b4572d475a6da4ce0419e504fef4f683bdf6e98575742a4c79e9
ISA	30	441339	3531426	e3595bd461827dd388a63d727c42e2d4b67706caaaff31a9341c99416fa652cb
ISA	31	140748	1126698	30dae1318ab844aa6c7d0496f46046b1684759ffa74527f4715dbdfd78b57825
ISA	32	199497	1596693	2f4c779fa849b6025135a63779cdc17aabe53df11144e1363cdff7fd3b20005d
ISA	33	281809	2255187	50cacae0f4f72a7ad419ddc1f971253a7d6974092b00d61a93d17efa1adc23d6
ISA	34	220056	1761160	7a2adcce178e7db61e5a55c204a813dcf2834ac980bdafe54b23b66f7c68371e
ISA	35	128810	1031194	e9736719fa484cbb85309d1924f33d3fcac9b2247cd3e45bdc91fa6975f1634b
ISA	36	304483	2436582	bd2a9258eb82725e002355d74a0614fb3d10fb2af2b66f4816cade692db84017
ISA	37	494916	3960043	c6a502a0b93ff98e31095d1eeca69675a45b5851626e9e09eb0e2b00803c0489
ISA	38	276793	2215063	ff32a6d21540fd8504391a9b5220a153cc82d647d334760cfec8bb2a04455745
ISA	39	126276	1010923	826f12926a3d5d18991ed56d2d2d4416c297d1e1f871738ac8e7dd3a95e84d31
ISA	40	361613	2893620	d8c61ed9a1fb0279179d95384ef27f35b63add89f1f9f58338b04b6c345c08fe
ISA	41	392464	3140425	98ce3a90c02a22239496b806cec0cdc275d2854a86f32f385b8341f469967e4d
ISA	42	316421	2532085	ff7d4e49c09befa860b9b42e834fc10c9ecdef863e05bb355c55510b5ec27ed3
ISA	43	324389	2595824	286a6ef5cfde65e63f4a6f6bc5a6fc4ad120bac12ed558b588c0dd296933d050
ISA	44	398080	3185355	097655599d88cab12393f966630c01daef2b3b0d7ff23887bc262cdc977d0558
ISA	45	364382	2915772	5870513ee08c7adc54faa3383bfe605a90d21969cb4b6a823532abd7d2f255ea
ISA	46	164963	1320422	0df2ede88c242740256d85f295a5676ffef81a2fbed86875bac0d3a781118f47
ISA	47	210181	1682165	4e4be8acccd05c1354ab713a3b18cc7885ec8e1a16ac437c2a804756c88f7c7e
ISA	48	275331	2203360	e3d7231854f92d2de976066ad73906faf98b35579e7c3e474ab4cabd805cd029
ISA	49	366080	2929355	177d4d4dcdb88ef5fb55ef2a02f0febd39543bbecf098f71a849b9c7a3aa7dcb
ISA	50	170083	1361382	30bc9430ed98cdab15417edda0e3b76c8463a02b025697f1e99c177f6b5ffebe
ISA	51	327758	2622782	97f7dfc765866fdc3d138486698e839a4b479dea491485be0fd628fe4e7b86c2
ISA	52	188996	1512683	8043b00df084f2cf231b9df9bd7ce92542371b1b903472b504437fb42f2bf702
ISA	53	166504	1332751	5b9fce76c7c5eb603a57e9e6c1ca3600326d0cddda86f7db2a6c7eb574c7a3d1
ISA	54	216294	1731067	640173e634cc8ccee8330add51c0a40c383e646cd97b98b9e0cf063080b3096c
ISA	55	171833	1375383	bb5e92de41a710b0529f3a3a746e2ee606cd7fb7406a955667c5ea67e3895567
ISA	56	161332	1291373	7111f9935606196c4bbe8dabe546cc328ac0ce07b301a306b9beaeb6e5ceab8c
ISA	57	251768	2014861	0e9fe1f9e2432e68bdcbda9ccafaab6cca6efc4bf18055ac6f2f45d15ef98c27
ISA	58	224340	1795432	6c56a12db562acfecc5fbf3ce2e482af54ae17b88e249321bb88dd95113e630e
ISA	59	278753	2230737	88bcc69eca69c266b5653efdf7769b841fbfefe761657ee5b854d5b84958bf0e
ISA	60	294217	2354453	75d9710d3afcbe3c334b33b977ef1ad8541788285a15482c84b301ef1ec785b9
ISA	61	169012	1352813	abcf8306c80090a5115c66798054327d1c64a728af0788557c7e1ef53ab281b1
ISA	62	158485	1268595	6bf59395d3e4db15e3c07c337340cda221ce323fd410b26d6eba8efd787534a6
ISA	63	243017	1944853	48013f98bd4da676ca5a4ae81c66edaabd21a13c9ace695610f81c0a219c0a5d
ISA	64	143726	1150521	51007def75f17c0962d2890c16bcff6ea727eaffe563c65dd481242af9a59b89
ISA	65	343771	2750887	a7d763462afae804c396e9373479e081f36a6938064cb6db9780691438e3068e
ISA	66	372741	2982645	ce0127b745b467c1ac02c4321b4bd034e9e80da6f1c2cb8003b79ed0367cc788
JER	1	245577	1965333	23af8172c7d61ed1943b03669b0551bb321c8fe1da9a4ffe4ddc96d659fc71ff
JER	2	493558	3949176	40fe33b09ee709c7f50aa9ae92ed0e80de87d95af7fd148d96a2ffe8b067ca38
JER	3	351033	2808983	d2ceb0e032adff472b4dd4d968c793ea4aa671163085578ea01c4f593a47d385
JER	4	386560	3093195	6563b660262a8e0953b40d5718d7a44569c79b3eb297675ec3b3585b7df23592
JER	5	396069	3169264	6397a579ccbdf0f681a18a0f0a9e285d74cb90910ee9e261a67ef11890b1570a
JER	6	375850	3007514	8c3196bfd39f2d9d309763ccee6beff51dd74fcd9c6c1c5d2e6c8477e0857a00
JER	7	412082	3297369	5c146c29174f4a82adeabc3f33f9dc1e3165918fb24e247e63edd979ae9b460c
JER	8	321463	2572418	9e56375ece83bdf55409aee0068bcce5496aa4ccca9fa3763cfd405b0bb1f1b0
JER	9	357120	2857675	fab04e91f9a86e919f46f5516013a3933077bd42202a076806826b6cde5e7995
JER	10	299024	2392907	f1efe60c50cf53d0b3558e0af81f2218b53ca9811c926672e6feafaf7053436e
JER	11	319373	2555702	4690211f53a4a790d85c18c1e9932e13540a59f3c903e6efbcd174066e5a69e3
JER	12	236382	1891774	be277700c9afa3dd5cf15d87274d4cb79e5ba36310a26eaa0832be62ab1e276d
JER	13	331807	2655176	49148ac98634aa7b232375c31d2e4ef1310e0f0b23aae1f0b52a87f78c3ef073
JER	14	319634	2557792	e22d9c0a7afcc830084a70584c4ddb246a8d3eb22c09f2461c83c4b075dfe794
JER	15	304771	2438882	f732f422ef2ca690287a50f86234bbe010fd958a9b8dc851954391fd6ee05f8c
JER	16	304744	2438673	6b686ae8e211f2230bb8e044fecdeb887c77074ba87761e4064a3fa5e6b8e301
JER	17	386168	3090063	13b80088e3657a8d06009d81b98cc52d24e2b32b8baeb5e6f4566105902110a6
JER	18	270420	2164074	d2357a3c0cd40c404d20f4677f2ddeaa04d90625490fa9db3af6e7d466ff108a
JER	19	224104	1793553	53b01cc6a183375e179a450c97b5ae4181c7e6d630a5f430b213e621b7304fe4
JER	20	253283	2026984	59834e8ca83d079e475b300c7257e470782bb3511fbfe5bf795ef5434008e154
JER	21	208771	1670882	615dbc205eff5884ab38cf57ae87d9b3d6e423d7cf58182f75c3dcc1d45d2d32
JER	22	367752	2942732	0b9e907ccc9b00294c826419868c8d34ee7a4bb39da94d7a0936dda3a7592367
JER	23	511634	4093792	0c33966b31f1c2f5b71d7b627e7aa5e41f38530005440e0e9cc71e9a436a0f2a
JER	24	153913	1232025	3992ca735cbccff3de781343cf2be2561dc5b58c1b9f2dfab563b7d9cd485d24
JER	25	476813	3815222	e2df0eaf8693fa40b2aa930988afd1cbaa1bc648d68b87b6049eea98b8d66a35
JER	26	308793	2471065	9105aa3ae8b9fc5f5e6fb892a5e427ea1668d560acfa538cb7899db0c112e741
JER	27	315481	2524564	7a07551a6066307064ae2475e3e4947067e459d42398201af46f4ede29d342c2
JER	28	229042	1833051	c8c39847a9d73301a78e3b9edecab78b12e83bcf0cdc684e5546199fbd621e3b
JER	29	428722	3430491	3cf40936a83c9a051946f4d952c885da13b7a7a0e7b540b92a04cd9baf698098
JER	30	304379	2435748	dca38091d5a0ca2dc186efc17cb7f904547201d355c8888d7006e371a8aa4588
JER	31	546900	4375914	eaf1bfe5365c1625b7e6a931a9e0895e7640db70f7f55bbf5774bdff22c02ff9
JER	32	559804	4479150	5f60871716ab75b4173aa28f63d2a1aa4d5dd2581ec982770da91c31ae0fb66d
JER	33	343223	2746500	a3e7ab8dac9889714105db2e05e58cb36cfe015d2261f210f233d66888b4496a
JER	34	346776	2774922	38b6c4db6f9e11f1ef2254ca4f0b2402cb1bc6d57d45f1e25ad33dd501e581de
JER	35	279275	2234918	9e9c7a19ffb996344618855dceb82e94938c2645d2e09b7758d1899dbc90f422
JER	36	450220	3602481	d75280de237a02436dd0fc8df9ea644bf039b18a38c97e41a6c3778746ac3bfe
JER	37	246387	1971813	475220337bae75c53c1271352e66d7422530baaa0c53d51275da661dee6294dc
JER	38	364800	2919117	9acb3227f08dd05c74f5d5fa9f683f364539cbe5737a8498b1603f5e9cd6884d
JER	39	233691	1870249	2c979409c388cf1526f36f1f2bbc0993443dad98d1a97e60ba0a0ab0047d772e
JER	40	266553	2133145	1950f4cbee1cc454dbc77fd12cae013dff6c8f5090e81182b75f693aa4bc8eba
JER	41	264411	2116009	89c620a34a03fddd61bb11f66eaefe8c9b12a608c855ef82f8c1da7205871ce3
JER	42	279223	2234500	4d7a8f0e429623a3216b20da30fc03ecd9ec39ca6c9eeb83c14f3e6ef9ba74fc
JER	43	192575	1541315	1675ddae6afac7a9b93e13fae213e38758cf71b5f2f52fc72b13b04b5530c1ed
JER	44	488647	3909890	544e29c328640c07ed299f4af52060c729c366f4676757fa06d6262ad91d3a26
JER	45	67605	541557	f1e7758fa0a737eb5bd96770d736ef4f3f97df457115bba6e0e4d3223dfb3e93
JER	46	362658	2901981	d60dcf7a0def395a9ae40fab5107e6899f3dbfa92af3dd546ccba9705e5077d0
JER	47	97202	778331	dcccb286bdf25f3bd138f205a14549ac1d45dad2c144d275dd8109033d04a3d2
JER	48	518087	4145410	34dfe414d9a3c8212f4c4053cec991458785ec7eca3728ffdddc9f10cd7c1265
JER	49	508918	4072058	e5dee48c1e01c9e163bd8953e81ede36fc57f7585360dc2fee650b242e839664
JER	50	643056	5145168	17b7bb28091a342f7aea9c665426bf6d975bf1dafbaf36039d0ac4b6aff44e3a
JER	51	802429	6420153	276700df2eca66d33f46cb89c7b53bb661664b1995f6e326c32c72a8faecc088
JER	52	439249	3514709	b196e8293a75e9675a67e544988015f29a497be600cd1623d00b29f901b4462f
LAM	1	348369	2787671	0ca3516bc45cfb4ccc6e009cc0c536496dfadc46d069ebb0b74ffde139c80469
LAM	2	370364	2963632	546f632c17deea29a2e2543a0d8da648c07a1261bc3a2c659a87480917d97e92
LAM	3	397949	3184315	adc28f8cdffcec9ee4e239c2b5fe7e3e0c4d5a208e3fa34f420b344a1a41eb08
LAM	4	249208	1994385	b807758c3ffdedae312b8cf5299c051ede0a49e24161d4b96d0f8060b29e5a4a
LAM	5	148767	1190858	49a5e54ec1c4e409e4c9ca9ad780514aa480ac4bf3914942b4153422cc33259f
EZK	1	328490	2628633	159f4ad579db72391ce18376a9c529c5e6c1e36c1361534f075b122444111abb
EZK	2	148793	1191062	2dcb0bd387d702be11c4e9e9c15e32cce01ef6ee7315cca7a963750e130e36e9
EZK	3	360986	2888603	5af0b0c5f4e58f9a3b5ba8bf8fa3589372ec7e9465c52f3d8dd269c1a4c9edda
EZK	4	266632	2133769	86fd40c94c4f160138cd315c0c028bda0cfa2591b0e59d086157b9fc67bcbc70
EZK	5	276611	2213599	8bfe407fcb2f2c853d025a0ae57467bb4812ca4917230e32fc99600cdafac459
EZK	6	220186	1762203	2dffa4fa6d017c8a7d1660522d1ec1c8ee3bb6ed33f75889aea631e1f447dc31
EZK	7	340950	2728316	c6eacf4250496c7c8a2d248da5659cccc2d4526401fd868a454275f0003489ef
EZK	8	264803	2119141	0eac770250ac112b80041952c5abf5b06213340c4b0ac9f8e15f0d6b43e685b9
EZK	9	170893	1367859	24daced72dea9fb405609863d3495cdf86010ae29a0d55f44b7ba9cdb71b9651
EZK	10	247484	1980589	0c261efed8865fccf3f1f1c7cdd2422d0dbcc69a7c933c0403d7882d730dec55
EZK	11	297561	2381203	eecfc10f026853442520bf163d0ee2137715a47d89cd94779fe695ed83a7b15b
EZK	12	356989	2856632	3ff00051b10a9c0e030462a36e81bc63925b8ed0426ff1a5e86f362de6d0d8ba
EZK	13	317440	2540236	f5a586fff9b7e4ac8c0e7197bf0b1fdb92125dd01e6d0fa6b42b6d9f9f9c3ec5
EZK	14	320235	2562597	c98b61f0e1667898c095e19c1ecfbbf9e1eff800501f64aca218e49677ce679b
EZK	15	94354	755551	16d6bbbde36b758445495cdabd56df6b94ebbadfea20fe5e16ea3c64849610cd
EZK	16	824503	6596739	98371697bdea6ab30f9b8a838884077dc61d27e4179779b47056fad9db362252
EZK	17	344033	2752978	572ebb5ebabf09f2cfd80ddbd516c32b06f1f071d372cb41ea0a2bda392ce662
EZK	18	419788	3359019	d10ca305f7d862949ed8e42ade655c4ccb6e7e6976a8aec7b84392f23ef7fa47
EZK	19	156291	1251041	9bd97652bbf60a78c6a8a6a886ede23cccc3de47612c9c6b04df5279d5cb3030
EZK	20	653923	5232103	99bb8899ca7fa7b6132884bbf45f70e2d4e0123bbfc347fe49d15a6ffb662e3e
EZK	21	409078	3273337	3f917a723b7977d0c0679e9ff75af641182d839d0e1745ab502bdfd4f80d7cc1
EZK	22	375824	3007306	b9aea3a5882c8bb3287b9668a0cd2ebcb27c4bbff859340d23f12c9beebc5bdf
EZK	23	631641	5053843	ac09774fcfd826a96c77d4dba1d25765cc5131554bd20f08b9dcc15d3eef13d8
EZK	24	348970	2792475	50d8d8315eac5678d330567c1bf956765f2042979981eb171aafcd5a6b245795
EZK	25	245499	1964707	fec1c37a137295298d05460f8ffabc726c52d193741fb0e40c68685cc4c0b32d
EZK	26	304536	2437001	e4b5f16f07ae8cffa6a62008d369bf5bafb25ca470e4df7c11c1e9dcdaf09994
EZK	27	402260	3218793	7058df1c117133b9aa289f2079e3cdf8d5c205b1a0caec416493259e67cfe0d5
EZK	28	371801	2975123	80e564e3463c1b982103d7b3aca59be4ecf3808443864afdf86c89acffefc155
EZK	29	315298	2523100	f47de358b6acfe5b3efa911b834cd851f0b1a642754e01de8c8cc65d34d98f86
EZK	30	364225	2914519	034cd3d42fe9027e58a93e68b36055361242c02d202ce75901bbc3442dc67dd8
EZK	31	313966	2512442	e5d4d501834c4b601985c56e9c76aea26b9b8c50b12e47a1545be0a3506cd483
EZK	32	470073	3761304	b47c40e00eb8b80e346135d7abeddd924d231cc42fa21351ec7149b365075dcc
EZK	33	482926	3864122	96cf902d8f3b429dde859bd7da750d7eedce4023a2f05ea4767ff0255fd2a825
EZK	34	411272	3290891	8b9707523406654e4e703a76c2f1392be91a19c286ef5f9af2aad2fab0270fac
EZK	35	189910	1519998	e1f621c843994856748a36d3018111c178af2f76ab5d6372956630b07593a6f2
EZK	36	501943	4016259	5701bb6cabad30189ba263d13aa963783355887284725e816541946ac2bc10e5
EZK	37	420519	3364870	e210ff11db448a0c1a37726dff01e2f27aeba83c90e5ecd5e108cd84b2444026
EZK	38	349309	2795192	797f8a5643308431ade7eb256a928537cc40a38aa27e05061839e461be426e24
EZK	39	382380	3059760	d3fbe1404733afa548a1d95179fb0ed17033304ec9e6e5c90e94e18da3585c64
EZK	40	565943	4528259	c4a8f06e182d4847c3da44f3f338aa37e11e92376aa7e9ea5a5f5bfaff5a41f5
EZK	41	315585	2525399	8580b63bdf5c44a714a8189c22f69e107d9a803bb2baaa2b977652a02b8f8376
EZK	42	223164	1786029	e0c683a86f5ce6485098d13b5b315e35a7bbe132ff4610319d1ce430c072ed65
EZK	43	374100	2993513	433c2d703a097f5ee139c2e7eed4036f661ecf76e27901dbfcf315a74579b49b
EZK	44	449202	3594330	d9e1e1fea41dcb4bf02d3ad819a9178f550e470161a8f4020676be43a4e0317b
EZK	45	351269	2810865	db13da4a4be81566553c1448cd8945b30094fb55c9f793175148e1e173ed9f32
EZK	46	332800	2663116	243419a8feff35b5deb9772b2370cc14c94a6b678dc9f098b4977c0b818e37d6
EZK	47	320601	2565523	b09b9e3530900be7a9514b8ee3ad7446b14cad4f51304e2ec734d15aad3b004c
EZK	48	463595	3709477	251f93d7ae216f7947ebcfb070a85f09fbcdb05bfd4cd278ee48943625b07708
DAN	1	252526	2020919	3d7cc56d611072ba2d5333822ac50a2adbea7ddc29786b37f0f1990d5be566e7
DAN	2	584829	4679349	7266d473ce247ff5863cfd67b4ae155717a4f7637c0511a64d60abd8077d3c27
DAN	3	434991	3480642	9c22482dd6735b8b735de24c2d3c8a6887a1a94df325b2e4735f453e851345f9
DAN	4	546900	4375910	93dd5bb6ba8c99f731d8dd9cbfc7a4055ed1306bc5c58c4b0dba2ef6f448a736
DAN	5	443638	3549814	6ab1aed0b0d677f0c18187f95e237c56213d052a6fa6ad4a4b2487c80324e3bb
DAN	6	381466	3052442	ca07323ca9935d464c4bed98d9e77bccfa201769393f601acc9351a6b508449f
DAN	7	386142	3089850	0009b027e8b2e5c668ca12e7e19782d05b9fbbd4f75720eb52720b990ad71e25
DAN	8	354429	2836149	400affe47ea9efe67f8510bd83ca3e48d36e82dc9054a2aa994909275ffec2c6
DAN	9	424333	3395378	1e98663052de7a5a4d916e5d70af189054541fba133707e838e98a702c87a58f
DAN	10	269061	2153205	2fd4692baaf7d7392bdf29fbc6f953f4162c4543139241f3432b596801c7bd5c
DAN	11	694021	5552885	927394d92d9ec2d2f70ba8b41668bafcd2bb99333ebbefb3531845daffb2056c
DAN	12	191112	1529610	6aab9f3880a0001df265383e8f95ebf7c23f928a22dfeadcbc647d96117ff924
HOS	1	171442	1372246	06d0e8a9bd46321f3b586b53e4c3f1557f7686b19abc225abb8f4126fd19b255
HOS	2	263837	2111406	2c00796f7705c6667348bb57afec036cbb79dc842c416ec7bdc19e626b03a43b
HOS	3	73326	587318	1a76a6e30e58951742646f904c1fc55414161a84731b1403a3e214320c5cdb67
HOS	4	221388	1771815	4689cb3c8ff20f434d1c9e5a28ba50d653ed20a4590fe56242fbe3b8d71062a9
HOS	5	161620	1293669	71e6d3204cd471d5f9e9c111bdc8b3a6a435cf5dc41812a6d024e458bd878378
HOS	6	120921	968079	c20bfd8c498bd27676d108db0a5039fee317d25b40a88a5099e9fb542e6bcd5e
HOS	7	186567	1493245	5fb09bf4f283ee6e651bea78e4835e453ea037f1526d6001aa5cea80ba5915b7
HOS	8	155220	1242469	bee559125c73ebe820fd64e8b8d920f7bebc4ecff8760b5bfbc425218c61fb2b
HOS	9	221179	1770143	760eb8e2f6ff8df24329cdfe91956a912d9f8d496b20e9f17d833b6e459f8a2a
HOS	10	197695	1582272	94df25f42ad1059b1a712703c3429a544880d3be3f8d35a559c02ab9da6ac86a
HOS	11	142158	1137981	e5a1e21b0c9ce507b8851f1bb58e7ee7e151846cd3dfae1432c7df4e8be4fe56
HOS	12	146260	1170791	ca5bf83d7b7b46557cf21318f6eb1c35f64d6c567d2be93e1f7ec82fcb4d98c3
HOS	13	192601	1541521	83aab8a5c314b5bf13c0694b3b07d9aa48711260cd29995e7de1e848d3d155dc
HOS	14	115749	926703	e42a892e028667b2292e86b3e6ddea1b56ff69d38ace6ca295b38d147e9351bd
JOL	1	233561	1869198	830000a44a19e059e95db3250f96c63a39dbda79f0cdca9f16a28830b6c4e98d
JOL	2	409156	3273959	4540853b2d74f3de9e08bceaea47b57ef2c42846871e037301fac45118397076
JOL	3	255399	2043905	aa121e10100e5ccb661f0aec2d57a4ce79b3e8892063c40f0fb49dd95ec343fc
AMO	1	200803	1607138	37247eb2417644e3cc889c4b26c0f422865ccd5d93cba8583976f887995c2de6
AMO	2	191791	1535040	cc15e57601d03cb9f0ea7ca414245ab80e5fbd7a9bef483f89a4a7131bb94315
AMO	3	163291	1307043	b628b370da3aa067c17e2dad07822b0b901264b53446b94dc4b41a70faf1e3c4
AMO	4	191007	1528770	af20bedffe404cfd111983b5b63bb03bdb5987b55c7e68895b5e8ee1736ca3a9
AMO	5	293303	2347134	62ab60bd87464d06e0478decf84fc69516753e29ab90ef2169bc4e4d87613316
AMO	6	169221	1354481	339bd06fd38ecccaa9044d4df9a5ad98c7cd7b217322e670bf6d0a4d0c969132
AMO	7	212637	1701805	6d917aada354387b9bf13c041d2f5dbddecdfbd58cb6894ce93913a8434e420f
AMO	8	184895	1479869	235149ba9afe0f303e15c9d7cb9754dff298dce5788e115deff90deb676d2025
AMO	9	245917	1968045	67dcccedcd67c38320b32a2071cd098508ca76cb824e67e0a32990c365c2bf0b
OBA	1	283089	2265426	b932e07cd8dae613cf4e0de3e409e851232d2f2b68ced579cdd2f01b7394ca06
JON	1	202214	1618424	39ac064b35cf6d73387457ae913c440544a52b61cef5273f840ce5cc47e6c38e
JON	2	95582	765369	4a8f45c066707ef58a2a31341e92504c243e03861fb6ed18373ba9032898a3cc
JON	3	119615	957630	132008b3351d687261f87cd05eceab5f89f92407bc2233c7d0361efb45b565a0
JON	4	147278	1178939	ece87c68feb000f74b58ce379fcd61726c281312e5dc45d76325341449175f2a
MIC	1	211069	1689268	910dd279b27d2e61287994019b878b1ec73e96cd7ba71c2b159ab9800fd724ce
MIC	2	170762	1366812	a92030c0cfeb7ae2293d7164fba8bc81642959ca8b29388d13a5681c653bb300
MIC	3	158276	1266920	c360a0f8f9cb5bcdb56b42eb1c32f3d9eb38508173a49aca345f410bdc0ab205
MIC	4	193985	1552595	ef5e782f3fb94a4f896efb0e909d3803003dc0417dc8737c20d7ec384e4b38f6
MIC	5	170632	1365767	6ae13560160779768575030adb7113351c8535b206c9f012bc8caa08ea8b0d67
MIC	6	186305	1491155	68823c20cf6241e682278c1587f078155d023b9c9ada59a0dd53b58be0c37e6e
MIC	7	249704	1998348	4427b42b9299d99b932553adefad319137a74721a9446f29a04fc23b7a5a4630
NAM	1	194743	1558655	979499e644f7678085e850acb21a4d6c10c61d10c97fc397d7bc27ba314b56b9
NAM	2	170057	1361170	2c0bb1b20ec7c610128797f05e931f78a301bcc017345c57536a2957571e1e0d
NAM	3	239151	1913921	70f1c9d03a74fc8cf377640e4aadb2e815202751bb692cb755be087cafd50369
HAB	1	202266	1618844	059142f49448e68a04a2da8a9f6fac074dd58a96346e10de2109780a808c4dbb
HAB	2	244167	1954048	64f196468351464e1c02d24c4700c36360e498b02e05dddca560f1945d1947cc
HAB	3	213838	1711422	79ec6be09643b7fb053b8e087ffcd3334161d71c1420fa5fe11b8cca1fecda84
ZEP	1	229982	1840573	3cb8ac09d5459c329ec850de277923f709df55026a88e8256f0387dd2eecd438
ZEP	2	215798	1727097	490c790e15476ae714e20b3a4b03ab8c739f827637fc15b3db482e08758d237c
ZEP	3	269349	2155505	9985e46f03b1f748b76e1847c07c4bbe1f7e71456d9cf8332cbb280cb90a495c
HAG	1	207961	1664400	8ab2b455bd88648a92e76857b66f88242c0c4298358dd032732f55576a366329
HAG	2	295967	2368452	da7e3e7e2a32053c0647041e2ccf31c27d10a1ae405f1917cec8dcb3a01c4c2c
ZEC	1	275592	2205451	569bc45906feb6c13995e9490d2110d2550ec625c7e03a60492ea4398780f636
ZEC	2	144300	1155120	a13623fd8c99d8fbbfd73d8b203130942b79a027969ecce91ce4f13bdb2d4590
ZEC	3	138658	1109980	95adb85c1f7f97875c0dc1d7cd072859eefca251d96240554fd16a150cf75b4b
ZEC	4	150126	1201722	843144f6bc642361fa5a907306119042c1b5fc142ac0323883882ec48e652894
ZEC	5	147566	1181242	7fac305d21c20ebceef02f6ce7d5b79aaa744e1f9a8bb1e32f1225c7c704259b
ZEC	6	180480	1444556	73bc5809a18a58b1f40ddca30447387875053bdfabde0a388c1c17e62dbb1717
ZEC	7	164389	1315825	fdb4621b59f9c8843bcba8329bcddcf810c5dc670e970d53172c7c6f459bbd3c
ZEC	8	292180	2338153	485da94828e2c4611445599cdf600e927a08028a4bb2d6c4ee69ca7699314c79
ZEC	9	236069	1889265	c5742fb7a21204631bc1f652b125cb19c504fc2deb1f0cdfcaa128c65fd73b32
ZEC	10	178573	1429303	c09dbaf50dbdc426319e8789cae38bb8fbc81f34730e064ad8a001b2bcc1e1f4
ZEC	11	219559	1757192	5641a1a98f573141d38953b92b0e71f09cf171f82a48dd91c6f84592081331f4
ZEC	12	200829	1607354	8f80692a0f9e2fad39768aae8dae77d7cdca894e00ee3878b5f264861f9d43be
ZEC	13	137874	1103713	8b3c75ceb53b43f7fa0d199ab15c040b83618355bc4d0d03dfdf3480d3926044
ZEC	14	292937	2344216	d5c881875ed8b5c2840c0ca4e774bfa7ab2ef51707783d31dfa618e7d12c0412
MAL	1	230844	1847467	8e59f01cd84bda10e69a63c7165bfe79ed56b15af3f57ea3063cff3ef1623558
MAL	2	239778	1918938	dcbf3b6ed263a7da5f4e9db4972d18498e7c2f02f6d5a00f64549ac2ed9e3faa
MAL	3	253022	2024891	4306f01184c333dd2ab65534ef238ae736f8f23ff469bda034a0cf962c7d14f9
MAL	4	81816	655239	5616a2af3711407f59a3d23012a35b8662ac6e3ded1bce991e57060d57093019
MAT	1	283768	2270860	80241a3eefbfed5963b0c887d0dd41546f7c7885380a60e4c5a42876faa1a2ce
MAT	2	259892	2079852	5a2b3802b2f28f8075c6aea89c3c2e7f7d92d4d2267625f42d56c577cf5d68ef
MAT	3	178965	1432434	e3d80fdf995c6dd2c7d3ced2afcbe433ea2a0c555fff0bf80bf0c83e8b9d489d
MAT	4	231236	1850602	11a89a6052191df1c49fc8e64d6d5f99f001be9d93498a9eb76799c353fc5251
MAT	5	435409	3483986	53de8b36ce4fccc55f72083b845d6cbc2b4cfae18e0f0780d98ee04c61ce2ea0
MAT	6	344686	2758200	9376df3d4f850abd5be0bdb4b8a4414fb2523c8f4ea4ad3844e242ff1a5ac787
MAT	7	259683	2078181	f63b350702409ec02876b6330e9704bb33e6efc61a7c9ccdbab0182c098c3792
MAT	8	322978	2584538	f123315d822dd817dcdc41be34747f6cd08cbf7869a2f2f37b7c0d823e01562d
MAT	9	363416	2908039	93bb797581abd43dc20a78106ae1a1ee817d98286ee0159d9a48b4e9dba62b3d
MAT	10	376842	3015456	d050db5c71fe72500033e0a48ded9a3c85a18fc0ae21dc6691320c213c46a174
MAT	11	279615	2237634	181a49ff4da5c30d6a4f2a46707a27a42a731df0be052a2321d1155b191da56a
MAT	12	482038	3857017	ee263c099075da627da73338539aa09580a178651e18a2f1b1761034f459cd50
MAT	13	576000	4608716	931686b894f4b0adc0484243580081125112d5b2774452a1195d10bfc35b206e
MAT	14	304640	2437836	9f188d2c7486369a03fe5fb01e1120a9d31351693dcff45adba6abc560c0b846
MAT	15	334864	2679626	5cc29f7bdda82de8b5a1a2c4a89c5f848833cc943a13d3f5c80730f225e2a5bc
MAT	16	263105	2105559	c2045445bbf0aad79469969a06f6ec1a7cae21f80eae5041953c7d8e4533c17d
MAT	17	274625	2197719	549596a751ddc4fbfa546bd446d0799778b985f5fbf5d35d548db69dd01355e5
MAT	18	345417	2764054	846a9ac6fdbbfe52671b99f0d9817ad21b0127cae2f1852aa26e2e4aa794aca1
MAT	19	310047	2481095	aec734bcabb1a0b08d944e3849f70da11cbe73e9776e539c3365f5a0f2010cb1
MAT	20	324963	2600423	353fddbadb4f73dc419ec28636b1c8df444cfd28a987dfd859a6ad3be6aadd69
MAT	21	463700	3710313	5a69380b3604327efb8554223038e85e188cc8e7a72bd4bf57d09a214f1ea5c7
MAT	22	368509	2948792	82e1bf774b76933a5d28ac70bc594de01f074c99d20a86c8b158db2867496833
MAT	23	385567	3085255	326bdee825f9b92b3438029f7b30259a48835401e010bf7b7566019d12b6351d
MAT	24	433711	3470405	5ed76970417faf8a86491d2c5b85f40f0683c82a82e0d6d3cbbbfaabeb5a8be9
MAT	25	428173	3426101	6fca16b0db10ca247dac6a7f5fe0e50dca635bbd437cc31814b6965570e1dd38
MAT	26	675082	5401376	4b0f1a3a94151b46dd865c4d1eed3ad1e0b8fd3eb4820909483511a87b4bd375
MAT	27	563801	4511123	c89210d9ed590d0bf0f9fe791f3676cd9415cb6a39858b2d5ad71c6179447fde
MAT	28	190720	1526476	1f238bdce544b5698f521910e3f28e21065f7cb6ee478a289ea794c281797e27
MRK	1	404245	3234671	6d15e16adc0dc98283b5853033c4141593239b5d29807edc793738031383b083
MRK	2	280398	2243898	5522347e0fa4d1f4c3b61b1c447413c65ff28d147e0588bbda96887ab281b3ff
MRK	3	288705	2310354	125497843593c063cee948e3b605ad2e681eacd573987a9f02bf5ad25ec32a32
MRK	4	367543	2941054	cd614fc3e1b6c734e245c225dddf7e9245ef415905fe14e22caaefd65f8f4fc4
MRK	5	388258	3106775	69b4ae4a91e5f9908055a17b0db1aa6cfaac035cc3c022e011efa2c8450f2e14
MRK	6	506645	4053871	78b2d69dc42688b585df70de51cff2d01cc0eddf079f89dda4dd705b0b18fa3c
MRK	7	339853	2719536	b2b0b422e545e8170c0aa62d2c3ef45e3c8af98a254b0f5e5382b2d597a86ce5
MRK	8	339984	2720581	f2407b7c9ee2100e7bbfa94476cd0a8284b6c49a0685ea5fcc7f6115c9439ebf
MRK	9	486087	3889404	6d3a94b7709558e988603f3b445ce571e50c4fc2b960e26cf973bc0ca55d5783
MRK	10	499879	3999747	c635a9156ebe95accd4fb7a3a3ea141d045568f919fc432b1b5f2925b749338f
MRK	11	298841	2391440	c56f5fe3c396082875c5a040dd0034f14a824a234a0369fcbca388fa8de6bca3
MRK	12	434599	3477507	794104bf16041e0de01161f689b4986fdbaf2a12683771b517c3f5a37fbeac33
MRK	13	333061	2665203	2427bef441b4f768f3104e125c4122af860cf5a545ed4ab3f09c838f1d7313df
MRK	14	647863	5183616	f9078972e1145426e082c956072c28c594c317a337f832dd7bda5af5b05dd2c4
MRK	15	394710	3158395	4945ab0ed1c063fffc2ab0ccad3866234aef275fcd400d66f4af45d57d4a3a60
MRK	16	195788	1567016	a2a4eccc7ef75f47f802226a522f890f50ddd0f4fcab09a0054a93bbfd4edb98
LUK	1	655909	5247980	c1a28764677b079af9c77f80ead2ba7705168297f1cb42ebe0b053502d6c8b06
LUK	2	446459	3572382	4cece563b93378cd3772706b6e994e5a781c0641f704ab61e1e3f7960b863708
LUK	3	405499	3244702	a5d758a274356b05444e25c8dd272ce71128b796fb7d988729247127315475a8
LUK	4	430054	3441143	88c97590155b4cc923280cba7d03dcab574028754ed0d3c95467ccaf6820e7b3
LUK	5	389042	3113045	ddd4838d9cec2af70b6e4ca1c150c726782beb5c3bed8000824c376b86324e3b
LUK	6	498756	3990759	a3e74f5b2b5e2e900401e0030af6914a262f1fb7b659bdc075bceeef5ecffefe
LUK	7	498129	3985743	e4c739c58c66ff2063c0c49d694f4eeec23e8395553444845c7bf6eef5117452
LUK	8	584986	4680600	e5cef4aa9a0960a7eac41c0a2771695c074b709ccaec357bca2ec20aa6615575
LUK	9	590994	4728666	45977086b39822a0ccc21196bb43ea1fa8a9c1ed13c3ddcc039eeacdbb2a8b7d
LUK	10	422113	3377615	15769cac2348c4c0153d91b22f87985a22e0e0d9b0aecec6afe773a81129fc82
LUK	11	555050	4441112	e8372aca60f20bce51d8c9bb2dd676aab3c7ddefb6a4d6c3ed5fdd361cd64490
LUK	12	560562	4485207	47e21269bd6683b6bf4baf4af423adc23fccfda6928d7ef3d6efe690ba64f199
LUK	13	343484	2748586	d30da4afd1cebec3a34b293462fd394f44c4775c398b916492f630d0cee25503
LUK	14	322847	2583492	e055e17b1c043e409e088ce0a68817a904228b42356f7356e487621d7d244b68
LUK	15	282906	2263962	bb7f197302093553fa96c325405024e9ac31950b58fd4929f6bdf8ec7d9ab0c3
LUK	16	316264	2530829	236a86c956f4102da8ad77917194d0cd233301ee3342a65aa5271a8bffa3808c
LUK	17	304666	2438042	ca0113d5d6398f8ac9f3a8366f662d5204f9fe22f970709c7250b389778d0a67
LUK	18	378305	3027156	0c6d9d78766a60575856036369aaf2b33171eca87a44706088e703eda9d8aa56
LUK	19	411376	3291724	2a934bef51474c5bb1f1e2ac575d362ee68068fce2e8c28369dd2bb8abbfbc2f
LUK	20	386168	3090059	633f2f102ea053981bd0028811805190feed80e2cab1e7642e0cab5c0ef4971a
LUK	21	316865	2535636	cfbc846da249717da21e288b09143077d34062e9e62beec33bb4c13d09a74886
LUK	22	588016	4704844	bb497ff4bb393abb9a82f46624790a49c3001f93d8c610a1f33e3579e8a42792
LUK	23	490397	3923887	2eca0c4777af18310550645ea1b55765d9a1a7f7b93f22513b34f174f6dbdd92
LUK	24	406387	3251809	49c629fa1e24dbb8bbf3ac53469c82b9bfddba074a83515f04ef448b5d6a1b90
JHN	1	435749	3486700	86231caab158bb2e458580aaf6879ac9f6b58e4fc3c2e6f7673f5e31fbf0edc4
JHN	2	210678	1686132	62b61467dfc6ba00bf81f799feb74205f316349ec723f41bc4d5483f4bdc34f7
JHN	3	320967	2568444	648bffeb5ef94520314950ec04e4ef24a8da0561a0b4099284754a0caddf64cd
JHN	4	460643	3685858	62505bf39fe6f2a6c7cfdafaec0ad96595223200005a6df8b06b323b2fb74a99
JHN	5	411585	3293394	301d007f8e8a9820d12271d32ed3e19b5161b7377019f51ae371da887299c15f
JHN	6	613433	4908179	46a44d290d005f1fe62b6c4e037d0023ff37dbecd0c9ad519c581e90081d061a
JHN	7	419318	3355252	464b07e59e701c54abdcb95b2844fd0690eda778dbd04861db846f95d5bec512
JHN	8	535144	4281867	8a6afd62c7de19232b8fd117f9e3efcc2d996898b4dbbab90a8addc99fcca92d
JHN	9	351033	2808979	ce89239da25c7f01fae1a22e0b40df4cf4e4e7ab877ac6cdf38186639ce8c4d8
JHN	10	332904	2663949	013138950dfccad10cf01fd9e35029bb1495fcdb6ad19f4f45684d17b999d13f
JHN	11	499592	3997448	948f1ada93faf22f43c81fdeccf5b5c1476133858ab3c99064258ced4f333d25
JHN	12	472242	3778647	023ec1f5208717a94ed89f7ecac8c0f9ee08b9b10f03309bf63044222a2ed729
JHN	13	358844	2871466	b0a0d2a5be47d06d5af4c8af28279e061aed647485459a0b1e3760ea64d8e519
JHN	14	305763	2446820	29fc9d1d66c36090747a17c0d3da436b3f2b2d4a044450cc3f0968a6293593b3
JHN	15	251167	2010052	c624cc038d67b417c36e557e748944bcd2316b65e1638e5ae6c5d32e35c790c1
JHN	16	311902	2495930	9b30f197d7d6f5bb18320a7dec2fadb9a79f3fbb7ae61e0a306890c0239a8c29
JHN	17	267755	2142754	957e1dff25758afa4283025b725d711b1cc76f1bb7571a50f3ecb86c409f5cb1
JHN	18	417541	3341043	abe0bde223e8ce3a58ccf8e5331683323ab0e082ddff9c72cb54f4637d640964
JHN	19	449176	3594118	6326999c3e1d8c606ad36fb8404b61d50f7211aa2ed15caf9d6acb36bda94381
JHN	20	303491	2428638	94a24a7839fe8f218912180f72e283def0cd5e0f4fff723670bef1ea92a9a854
JHN	21	294896	2359884	0e59b76ac3755d5ede43d23252f082d65d1e2c861991a411e87f465b5338eb6b
ACT	1	272823	2183294	bba0c884133ad549badbf0fe57472d7ba243d1e355ea4226de82c861697ac607
ACT	2	423523	3388898	d2d8dcb81c53e8d27d623d3226fdc0ca1927e82b26db9793d0eb466baae5f422
ACT	3	247719	1982465	5ae94109e18ba076cd0800de1fd6ebb4688d95febfb635c5c16596532bc47d31
ACT	4	333897	2671889	c1db8a033db7fd3222cf584dcb99bd660f70a01a3258cb556894f0900fa25841
ACT	5	421381	3371761	cc9be2caf1c0217d8d9561f184ddcf813e39904c13a26ba545042b1aa5bb589a
ACT	6	153182	1226168	95adf217f699dcc616d8176213f1b93eddc82da33bf6d9141f5dfd99d4c9836c
ACT	7	562547	4501087	469530e15f0c15a6afcf7a800c6a670f7db9db3ff0b00338eb4bedfa9f342434
ACT	8	351948	2816294	68cdda07fd912d6c856c6ed0fcbb09631f07fd457a28d4e267339d8a019feecd
ACT	9	406282	3250971	68fb950c839fa661192a6566cb3fd951baffebee66f18119d66dca05dc66aba9
ACT	10	451866	3615642	f3bcc164eaee2085b607b0fdbed5c1ad33fba15df51d09d110db7995e9b720d0
ACT	11	258064	2065223	3e6824a3427284d7845a2a59dd17bb716d9b905487f0241089654005b91cf9ec
ACT	12	258900	2071910	dfc7ef59a7a04728a126fcd2b947ca085275c7972b8ffd72b6893f2331260ab6
ACT	13	506880	4055753	df7b97afb03881c810a6e8680709a8fdbbe4a1e9546d08bc9a9b3a908be51669
ACT	14	256836	2055401	cdbcf7f13d5ac069a9a981990dbd13a9abca1f0d87cf7814b9859e0a999d2f5f
ACT	15	374622	2997690	7c811cce6e2161a703562e831ff4cb53aae45521bf6f54c43dbf27e4a6390986
ACT	16	380029	3040949	44d3c187c50b7d5266a1a5124f84c3ecb15db0f24bb8772c5c41f488198d118b
ACT	17	344738	2758617	f58edca2e9755ee55935aabaad1046b22dab7e42600642f658ecf4279bee9f44
ACT	18	287687	2302206	d93b87b2fc436b9c0fc09b772a57a1a72bff8f3b8e4c0e3806518c65b22ffe59
ACT	19	408059	3265184	5168d5d76dff176c70eb1fc45ac81f9130edbb97e822d679ef523673256079f0
ACT	20	351033	2808981	1f41867f30d7c841206e7d6e31d1188d6ed38d9665b57d1d0325fef339ac66ea
ACT	21	415399	3323907	bf4b08aa535ba13a3926ae556e64a4475816a09bdb5b99d2c596c66b8b416b77
ACT	22	303256	2426758	e5215687c0a0e28176547817fe048c2b55a8365d576156eeca3732937c10115c
ACT	23	349074	2793308	895ac7d3cdccb05b8fa201347d4c0efd5fd8112167a4b1371fd666574f6c6986
ACT	24	246727	1974526	0213655b9f34e8a7efeded7b5544255d8004a1db860fc0741e85637c2836b2da
ACT	25	295628	2365736	cf82b318ff50d1d52a73b5215553971f69ee38e8e0146b7dfc219de61768dad3
ACT	26	304588	2437416	80ddb962f800a62100d70a7b3f81971c0eb2b28e946b381413e881e28d421a5b
ACT	27	407876	3263721	29632994a7cb20596ec345615aba557c2b463653db995f0265c7f75376c61463
ACT	28	336823	2695296	bad631212ccb793588d466c11e2ec211c038ae585922da325f554a10b568f940
ROM	1	323605	2589553	1486e8b11a0b858eb02c13043ccd7dbefc9337c12abf4d7893c08aa9a9751291
ROM	2	258952	2072328	c01e6cb5a3e7a2272b7502d7e61c854f7073b06922a217010f6c712bce51d22a
ROM	3	266580	2133350	681c09a6b9886ef12d223755d26f4ffec2848cefffa361db8500d5835ba01210
ROM	4	243122	1945687	36ced78abc287d46cbde98b3baa5d1ccddb24f136ef87a37297d036812c1c3e9
ROM	5	217548	1741096	7e648fffeaaf574d92d129a37f34d1409be506a16bec77388a1efa331a7d4e6f
ROM	6	216764	1734826	9622df4ed2488f2dd84ba6c687983b07d69b2857360833902f2a56c7a094e29a
ROM	7	248895	1991871	4fb2b3da88d28e029a5aaec362b0099c1922552c3804c0cd06ec155766118d6e
ROM	8	385724	3086506	c8951836517ddfa44813bd930f64e819f9279baa474ff9177b3600fdd313b809
ROM	9	313887	2511812	d53753cae0c5bcb953e9c851167045e90c094fccfb8de5ac401fba7c8e5a0784
ROM	10	196232	1570570	1f9807bca37a45f2c05507bc47be2f21113d0ec9216187bc61a409cc022f03fa
ROM	11	354482	2836569	f1461dbad10a331705247bd0d94a6633486874a2cce7a80b4692935700278373
ROM	12	195500	1564719	8767a7fd0fb435b7cb8c53e2a4730d2c8564ba377e080cb24ffe5eeb03a58d7d
ROM	13	165956	1328363	709c646a5d33041d873eaaf07f5282e0f971b0b7df1edade0d19c71435bb22a7
ROM	14	269662	2158012	1bd0463753d78c3b098c7451ff17594ae26417a6bf94a4d57fcf0243d9634508
ROM	15	317858	2543579	10101819dbf9058d43abf8a34dbd0f9539fe1a58eb7b4b04309d53b99259a1bb
ROM	16	207830	1663357	5f377cc8cac29aaf22b19196df2e377d22075505de1bbbb5ede1cd49cbabb2b0
1CO	1	281313	2251222	374a3adb490656cd1bb3a90634f04233f8b751f5d3bd492c0d35aa5fd5ba759f
1CO	2	162926	1304126	4ff242c182c0c898f4edc22957f5a547d80653b59f2a4edbe84c6135d891fd73
1CO	3	209920	1680080	050431f4e0490171fc5e04233a0ddbb344a7dc5a0f275a9e2af21b67f690c6ef
1CO	4	213656	1709965	7d00f1695d5e3abf26f6275ba1f3e30ead0fd8e247d201347e60e76068cda3e5
1CO	5	137169	1098072	57e86d67038171f7d5d7ac1584900f38a8f1629f50a703c4fac1b1ffa9029ae3
1CO	6	203520	1628880	fc4e80ddc0a1481ebcd95bcf50ae83c385fb774e98fce0bac55e84150abeb772
1CO	7	398655	3189958	97a6f680f2cd2cb248662f3c310e0ad7aaa3bea4260d5b284ca8e4f8d3c5a98e
1CO	8	135811	1087205	c979a11c499812a7087f93c2fac3e0c04f88eae9808333717964a9bba4aaf67e
1CO	9	260702	2086337	04803b820d8625194f13a9b18a17b1a1af62a7df149593dfecf4523f3007bc8d
1CO	10	272327	2179335	5877b0f947464d507bcfb37d22874576b1b4ed7dbaecd03f6c7b05dbd3c4d6c8
1CO	11	280607	2245581	80b992f60399335380ffda25a393187704c8ed3b34fbd98a047a7f25fa636fda
1CO	12	268983	2152585	4a93a20edfafb0ff7625c46dc1a3d72e2d6d4ca7a0c94b35663dc6ef36884769
1CO	13	135811	1087207	f1b51eeba55da8a36d08a4ca899dd56059349c71ef5e8eb09b4594465fc34f55
1CO	14	383138	3065826	f6731009ba25200a6617ff1ae04584725109f470627821b08c6a018c1652e8af
1CO	15	478537	3829020	32720e458ac37a8105eb6a86899ec401d3983d4f3d2c630fef69f5a4beb4b9f2
1CO	16	177998	1424709	95d256b980300d5582155ef0ec0d1c3a1c5341ff5228a4076a56d653216a84da
2CO	1	266083	2129387	91b1c458b43e69ce441f8e00bb67b44a7cda530660b128cd78f6da9482541cc6
2CO	2	164180	1314157	032ddedae77704dd848764c2192872dd3bce12adb8b9c19170cca4222b7a8cb1
2CO	3	163422	1308097	5149831f1a5b6db037b23c925d53b34e8af915631d31d336cd01e9bbf3b80c81
2CO	4	180114	1441635	3bc63d0fd25bda158ad9918360130940f8ee43250d1de6ceeb99c4b6f9c0cb79
2CO	5	206602	1653540	b0e574344c6366e7d3ed2a52588db6b1dad2d3ba285c44177bb5ab83fd2cf6f2
2CO	6	181055	1449158	87b96b99c4f355369103d407b21bab803b2153f2ced8ac36d868c32e8e8ef91c
2CO	7	192026	1536929	b99803985aa1da385f34c414e309cc1ab5237cac8eb8f8d109cfebceb68b05a1
2CO	8	223138	1785824	2a9639c7ee6bcd3be78e3d70666f8b2e97ad29f8459aea9ccb7054cd1e369d96
2CO	9	165042	1321054	4c63e3f1d7833816c595a4454882acfc6d9f222809bee5a32cb20c91bc78e913
2CO	10	184999	1480716	1ffee2d6e5230122f90e2fea65e9a18dd4c042fc9db633f8721e690a801ed433
2CO	11	305894	2447874	f784db5318c0eec322e456fc6a2a9db6c8d2861921c6ea1a2e6ed66aef6a7158
2CO	12	250253	2002747	6865fe8c6302f4dcc8e87d478f1811bbfb7f5d086ab8a16a9d774c47a2d44eb7
2CO	13	142028	1136945	62d6090296826eb211b81885d186b5f202fc88498a1f212199ffaa0c741ed7e5
GAL	1	200699	1606307	a932cc85cb7a2d7d46272a17013512ee72cb71e44f5fd8548c1edb20232b1247
GAL	2	231680	1854156	20435c3d05adc12c152125021e4fb93d3b93a88d706abca62744571949f75325
GAL	3	265718	2126457	e71a976656cd286ae840d07128feb9dd69a3ebc6a7b0ceb3ed834f08f9db7243
GAL	4	251611	2013608	3b605cb1b3ef83fa04b3c943189fc31237657fc50098a7aa1afdf4fb9d3f99a0
GAL	5	211722	1694496	23c95ba50c650a0efb594d1b19f42efcfd3dab83872f44b0bb107fac6ede1a1f
GAL	6	155246	1242682	4095009e1e7ba9ab595ed6df6b798e3fb93193d4358c69a1670634f4cba0530d
EPH	1	199837	1599410	659aa4c9fbacf6e51680292df5b4eb9cc7ab731bfd3569b71c505b74e462ddab
EPH	2	184686	1478202	ae2c454b9fa426587ff6288e10ec370c33a7ad0f6a45ad46dc94934786551d72
EPH	3	171938	1376220	232a93fe8d45c610d6ff611d20b5b4b243118b4b7e66d506e89b41d45e3d787f
EPH	4	264620	2117680	68a84f0cc6fef4ed4b27e49b3196de133d867c8bcdbd42d0c024a33322fb60ea
EPH	5	257019	2056867	6ef234041b6592adaec183b1188f18541c37d714994898e9c72747a28b7ef15e
EPH	6	206263	1650819	86c08e955bb51eaa400f86c079191c190ae8c6d9fc4922084b0f362c9b02461b
PHP	1	261878	2095739	51607fd27a8a1e67bdf39ad8b737316cbbf2a3f1569521301db6e23ce1802f00
PHP	2	243357	1947572	d539fbde8589e9cbf23415ae8d6980665f8f096c86412c702b01d874a9c6c15a
PHP	3	208248	1666704	58ff19cd548208fa35165e8fbd7b8ca0bac05e866d48d373587b2678fe7b888c
PHP	4	217391	1739847	9916e67e983e8058ffab3dfb3d85fc70d514cd291ee2556aa16b835d08d81ce3
COL	1	270655	2165955	47f745697f2a5c6867a7e2c7af082642b9603fa86af0e937095f2045db080c1e
COL	2	213002	1704737	ec858d1023efa4e8fdf2085ec3eea9d111d5ddff5c401644615a9e547af1e995
COL	3	216424	1732113	2453dbb59f04bd7908424f1f7b6de677224f3cc41d5082b58ba52fdac5f683b4
COL	4	158459	1268388	1f3f1a10fc5396da02469a8746019ab83057c687525cfeed7b3bbfef7d52f3c6
1TH	1	112144	897872	bbac37722bba788505d8fc79c25751efba865640f294789fa03b5591111dc8ab
1TH	2	206968	1656468	43311382bac669fe9246f13007a600b1fb5d329507d7b1b3c985bc65fea5e1a7
1TH	3	124891	999854	b2c26fa56e467ceed7c0adb1d0567d60a63099036f7b48facf814c772bc80870
1TH	4	159321	1275289	dd1fe1506f568eb7ba624ff528cf44e40458be989e11d32872a542adc24824b7
1TH	5	184137	1473820	1a6a574b30fe1562240f006033367142676590850211eb0fe2be2512ad7ab308
2TH	1	122410	980001	31034deed8fb0cd8b5137d5018c393e2628b716acc3a933c983b208f9c909f43
2TH	2	156656	1253973	a0b03dfd70e0e7187d6a48e2a5b87f811122881b5d3d39519c86abec257f8bb8
2TH	3	148976	1192533	9779e3f990e79d40e31b907027c31fa56f54ff78df5e50c617cef6c683c9eec6
1TI	1	206367	1651655	48b726a58f92b5b6e88a390ca7d463da8bd5a78424d65d8ecd2c66e7f27cc1b7
1TI	2	112457	900374	e186061febf35ec85c90645b26f8cf7640570c27f10adaba8f7af191a430e74b
1TI	3	140199	1122310	5f493ca3b8729cb98deec27f9751c661e82668cae03d51e057ca79e8c8ca4b91
1TI	4	145424	1164106	c72237ff6667e1e26f7861ab7ddbed9a7b7e7d7e2942b27ffffb806468e2c2a7
1TI	5	216842	1735456	30c2fff6ff5844452525d6f137affaf486e8d75201e3f360de803c08a96dc9fb
1TI	6	225228	1802539	fcce8d17490d179db0939fcd4d7ccc29eea21e0260768d3c7509cfff8ef0f168
2TI	1	175726	1406522	922e2e3d64c26d42991f031394360c8b85c2506dd09c2e1c092b3d1bb396380e
2TI	2	225019	1800867	f36d7a879c20b881f558c1ec1066d8476391ec86dfbecbfc52acbacb8728676a
2TI	3	153260	1226800	33a300925072e5c06abd1f68a1b0a4c755f847b81fde505d428a802bb7c7ced6
2TI	4	185391	1483845	cc798a87d787b8581a2af5bf7f8f657936d388e3300568c8bdde9ab98031160c
TIT	1	167001	1336719	d090b30e877e97039471d1ffe123b6140b0cb472bac72f51d12ade3c239357b0
TIT	2	135340	1083436	3c37b40260fffe66643edb469e9c5d120a71ca42c7df505f12869c492ca09287
TIT	3	140826	1127321	74ecb5842f3f54e18a21d59da650a4f5286fd8694e2f5865d2f970f98d6d7137
PHM	1	199210	1594394	f3f11e106b59330ad9ba5700f90db2d216926d705d367b32d46bcdd6adea4ba7
HEB	1	146312	1171209	5afe692195e933ac9273b07a68a6e3baf90010279b5b6201091cc5ff7b9b1cc1
HEB	2	183327	1467333	1b737440436daef29bca941eef566aac3b5ef39756d65d8bf97f0ccaf710d47b
HEB	3	160418	1284058	d222e600681e285b58c0f18969e37e668602cd45ea59f686d968602c5eee0442
HEB	4	169587	1357410	e5d9b0da70684de74ee497e96a6031f78c9dce31c74a29687c4bac816ca37644
HEB	5	133642	1069854	af454ffaeb0ffbc3932f96d885b4c8667c21bd7ee7aae833c2b3619cea527941
HEB	6	186776	1494919	53852fe9489a6d19fec6f54c3c9a0d42a2d22ad333c69e7cea0fce56386c3c7d
HEB	7	276820	2215271	94ee9636baf2675a46b29bf34469ba4638ad4f28d9e5cf1b5fadac63d3740250
HEB	8	155533	1244979	4f643465c52bd4c2e312add46b09972f6d01b507042f16e46761e2dbf559282c
HEB	9	289907	2319970	d43caf76a95620f4c9f8a718edc7530643da554de6a4e9103a33cfb4ac914cd5
HEB	10	334393	2675864	70a69c9adbfd278396848537dfd28d46b4ea6ddc240b8b2aa7ecb41437ae0a24
HEB	11	410201	3282323	3e11287ec4cc2ef17d308e8f304b072e05f39132dc108b079ba735ccfc9cda27
HEB	12	301009	2408788	6e7be6b2905e029455f019aa185bbc2427cad7c1d478d2c074738d99ee89317c
HEB	13	220369	1763668	c2a3d1a3c7541d7e44ae9dee89b520ae58d7fe11285fa90377e5a428eed1312a
JAS	1	234449	1876304	1a0f29fab298a925485faf3fcea74c99afc06eb43b648890c01e3163f5510d16
JAS	2	229329	1835344	61b4aa0bfa747f72eaab9e89086e1947cb89232dd5852a9fc8001de38c8a5b87
JAS	3	173192	1386247	23599c52e671b9f7c4b0ef836d57fd3dd73b75a5d0909ed49a7129477a06375c
JAS	4	165381	1323762	6f802675695fcbccf552873edf341867cd34d2f8557a86c8a3090780b3cdfb56
JAS	5	207830	1663354	cba28b7b2a7a981b8e128b6b21af907c202b2c54d9a460b7ad57b0d82a14995f
1PE	1	272144	2177864	d893c765e54db59b2d009fc47021d7a29b59749ce341783811e422bd84477c3e
1PE	2	253100	2025518	6a3022e841b91eaff0b1c6d6373927f11f8eaf3a168d0f9c86dc165bc54960d5
1PE	3	234501	1876724	44711836c07fd64413c2be5d1b8cbfb8853a832c2c5f5367a715a705380791e7
1PE	4	204173	1634099	35bffd7abfd3d23498bab5b3d0020bf2ccfbeda7013d11e4244228edac80b738
1PE	5	144797	1159088	3c92d3e6bd0a8a1141fa85fb82c804237ffb55bf67cdca0ae2016b742b9aaf1c
2PE	1	210521	1684881	f599fe9988f4e2df0de60b24fd0a1be6f74cdaeffce9aec8115dc208693dd52b
2PE	2	258795	2071075	324e5c92212746a5b959ceb3fb82c7254f4dda28267cb8e9680210f9f692d2a7
2PE	3	209476	1676522	8bb9a0b36347c8e6635adeb08ef7433a3f5b52d9bb20dca35ee086b0e6a3a4ec
1JN	1	106005	848753	66da90752768f7a8f5eaa4ff5194fe6b66f4f0ea26b104825ef33cdec8215204
1JN	2	302472	2420488	0192a70491d57c159aabb6aa06addaf9ac6e970b38020f0b159a08ae50ee772e
1JN	3	235833	1887381	9de5a4dbef2da1b750def44b4fe82efe8a1805d744156fd23fc3ccf24b337245
1JN	4	220264	1762829	3a2ea81e10c308158a9dcf7474b8fedfff62d6b75404252b9e0ec6e3b72bb018
1JN	5	215301	1723123	050b1f763a060888c1dcce61b963a9dc1020f4f3ca9aa9d3da2b946e8616b816
2JN	1	131318	1051254	3fced521fc508a951cd2bdfd4f6a403566938edc84d92a64fcf72e9073c823c6
3JN	1	140278	1122934	975bd01a3cd1e6d668a6dff4d19328604eca0448d3b8b72904d2c6d4a982f36a
JUD	1	306860	2455595	8d05403bff49fe4752c031549cd64a1f8af6d42827a95ba952cddeef74687ead
REV	1	256209	2050389	fc6a37de10479f5e3550fba4a6e2e4251e9bbe9dc1d83cce97d49d18f0f7a7bf
REV	2	385280	3082957	cc05ca64704085c993d81049a916fbe77c49891f150ea6540ca6b9afdb56b2e4
REV	3	330109	2641593	7378c4ce4407c42f97eb8f3b513deea0207df1e446461ca8b5fbcd05112d7e60
REV	4	155716	1246445	9041c63254708ab8ca4225fdc1b86463564a3727947cf74ab50ebb8397f620b9
REV	5	191033	1528985	72f7f4ff8d27fc666bd6c42c3fc0f712220d47d30a2a1759769d0a720f1b0be1
REV	6	211618	1693661	49ef2a2e0bc9668614e455e7aed970238bc72e78a1fb20c38a3f54491024abdc
REV	7	230949	1848306	935e1747bb32f140c8bc7864e1726a6d4e930ffa8471c52fd077202d2fd1474a
REV	8	156996	1256685	6e5ebf44d510476f9c1cb963d39c368df28248f4c291274b2c9c16fa8d308787
REV	9	236774	1894909	e2b6728bdf5fc79e1b7e820766bf2af407c4300625885cb1a6a705b694fb05cf
REV	10	142602	1141539	6819a3fc644653c09e771c8c16016af71a699299e456e4aa460654aa05c49f99
REV	11	262113	2097621	9f8ac49303cd13a11216a13086d63f992dfb19265fa543e4bc51d152a076387a
REV	12	209345	1675482	17dc5d83ce2409846c6bbc5cee52282fc0d2cf4aae64fc21fe347380ebda35dd
REV	13	216033	1728981	36efa4f0d9272bbe0d10cd756b6430215a8aa14ce29141ca53a87d20fa8e3f18
REV	14	276924	2216112	f4150c920e9e7031de9c3c9ce7474cbaea490c4d42e526f635788423ecd217d8
REV	15	106136	849804	6d40e9a572540efecbd1986d3e0646ebf36a01f4347ae087ac5318ad9950fe03
REV	16	241319	1931273	e5972f4c56cec49b27260b47a4afb0d2bb0b26caee66f9a603e63f511fc4ae4c
REV	17	257933	2064184	3a225d6f5a4fd5c833a552488026fde743f233048dc75f9953e3c5f570365649
REV	18	378331	3027371	41739addb7074ac844bda86fd154eda6946b30e6327e852026e6fbc2165dd3a5
REV	19	285780	2286956	512294b46071a0abde6508a4a3b2c2a534f293258b26af57465895d207064d7b
REV	20	202762	1622819	454641ab3e3fb72278a28fa40da861dece572b326acf61f19a41e6daeb45a3c0
REV	21	344869	2759668	69fd2572970979e84efb0c3da8fbc61562cb1d9019d24ddff5a507a16c078f20
REV	22	273737	2190617	7f8347107ed83198cc98f50409cc423418f8231662c15394de298ea16f4deeaf
