{"type":"FeatureCollection","features":[{"type":"Feature","properties":{},"geometry":{"type":"MultiPolygon","coordinates":[[[[10.0513,37.2666],[10.0759,37.2449],[10.1463,37.2365],[10.1787,37.2127],[10.2721,37.1785],[10.2113,37.1587],[10.2058,37.1751],[10.178,37.178],[10.1281,37.1587],[10.1354,37.1423],[10.1616,37.1343],[10.2113,37.1376],[10.2271,37.1177],[10.2244,37.0959],[10.2175,37.1103],[10.1743,37.0762],[10.1824,37.027],[10.2201,36.9766],[10.3137,36.9184],[10.3472,36.8803],[10.2988,36.8218],[10.2721,36.8291],[10.2796,36.8443],[10.2529,36.8463],[10.2107,36.8319],[10.1885,36.7976],[10.2472,36.7863],[10.2721,36.8161],[10.3201,36.7488],[10.3553,36.7312],[10.437,36.7288],[10.5187,36.7558],[10.5382,36.772],[10.5669,36.8632],[10.585,36.8762],[10.6526,36.8769],[10.7335,36.8958],[10.8875,37.006],[10.9021,37.0488],[10.9741,37.0613],[11.0127,37.0848],[11.051,37.0803],[11.0603,37.0625],[11.0483,37.0203],[11.0877,36.9594],[11.0945,36.9184],[11.1362,36.8705],[11.1168,36.8384],[11.0221,36.7883],[10.8795,36.5885],[10.8257,36.4798],[10.7999,36.4519],[10.7172,36.4346],[10.6204,36.3903],[10.5856,36.3981],[10.5509,36.3773],[10.5191,36.3375],[10.4793,36.217],[10.4795,36.0793],[10.5186,35.98],[10.5823,35.9218],[10.6086,35.8559],[10.7131,35.7792],[10.7436,35.7697],[10.8037,35.7869],[10.8231,35.7805],[10.8414,35.7665],[10.8245,35.7334],[10.8412,35.6988],[10.9718,35.6541],[11.012,35.6579],[11.041,35.6377],[11.055,35.6145],[11.0171,35.6023],[11.0149,35.5552],[11.0392,35.5185],[11.0851,35.5068],[11.0577,35.4867],[11.0507,35.4598],[11.0422,35.3344],[11.1013,35.2668],[11.1608,35.2382],[11.1592,35.2188],[11.1116,35.2056],[11.0159,35.0928],[11.0181,35.0342],[10.9177,34.9574],[10.9163,34.8736],[10.8563,34.8309],[10.8714,34.7974],[10.8113,34.7689],[10.7173,34.6647],[10.6253,34.6332],[10.597,34.5447],[10.5816,34.5327],[10.466,34.5119],[10.4319,34.4963],[10.3787,34.4231],[10.2881,34.414],[10.2472,34.3721],[10.1267,34.3256],[10.1022,34.3041],[10.0328,34.1847],[10.0052,34.1706],[10.0215,34.0733],[10.0713,33.9462],[10.1631,33.8362],[10.3303,33.7028],[10.4893,33.6471],[10.6341,33.6736],[10.7166,33.7069],[10.74,33.6716],[10.7369,33.6028],[10.6914,33.5761],[10.6741,33.5456],[10.7036,33.496],[10.7381,33.478],[10.9094,33.5396],[10.9328,33.574],[10.9065,33.6164],[10.9362,33.6363],[10.9606,33.6277],[10.9846,33.6431],[11.0428,33.6179],[11.1116,33.54],[11.1166,33.49],[11.0899,33.4541],[11.1108,33.393],[11.1021,33.3641],[11.1311,33.3715],[11.1707,33.3318],[11.2937,33.2868],[11.28,33.28],[11.1336,33.3114],[11.1218,33.28],[11.1795,33.2111],[11.2454,33.2179],[11.3722,33.1838],[11.4331,33.1935],[11.3519,33.2589],[11.4424,33.2047],[11.5602,33.1659],[11.5877,33.1323],[11.6358,33.1087],[11.7935,33.0808],[11.773,33.0994],[11.7078,33.1172],[11.6911,33.136],[11.847,33.0828],[12.0807,32.9578],[12.1224,32.9213],[12.3039,32.8431],[12.7298,32.7986],[12.8244,32.8043],[13.0745,32.8664],[13.1647,32.9127],[13.2571,32.9186],[13.3517,32.9042],[13.5715,32.8028],[13.8303,32.7941],[13.9912,32.7446],[14.1853,32.7145],[14.4695,32.519],[14.6316,32.4957],[14.7268,32.4508],[14.9111,32.4439],[15.182,32.3955],[15.2831,32.3173],[15.3008,32.2608],[15.3645,32.1747],[15.3611,31.9653],[15.4904,31.6649],[15.6228,31.4973],[15.7615,31.3881],[16.0446,31.2755],[16.3587,31.2271],[16.728,31.2238],[16.9419,31.1833],[17.1603,31.1188],[17.3659,31.0866],[17.4668,31.03],[17.7761,30.9352],[17.8486,30.9237],[17.9268,30.8552],[18.0169,30.8379],[18.2083,30.7692],[18.3242,30.6569],[18.5684,30.5001],[18.6532,30.4223],[18.7805,30.3759],[18.968,30.2777],[19.146,30.2647],[19.2398,30.274],[19.3386,30.2988],[19.5305,30.3968],[19.6164,30.4214],[19.7489,30.5109],[19.9143,30.6829],[19.9822,30.7786],[20.0365,30.8191],[20.1467,31.0456],[20.1467,31.2168],[20.1033,31.3087],[20.0222,31.3968],[19.9548,31.5595],[19.948,31.6451],[19.9172,31.7592],[19.948,31.926],[19.9401,31.9578],[20.0715,32.1764],[20.2617,32.3395],[20.3255,32.4098],[20.3855,32.4346],[20.5627,32.5578],[20.7966,32.643],[20.9341,32.7226],[21.051,32.7723],[21.0967,32.7811],[21.2868,32.7711],[21.4148,32.7934],[21.6087,32.9307],[21.7163,32.9504],[21.7874,32.916],[21.8775,32.9032],[22.0962,32.9231],[22.1167,32.9442],[22.1496,32.9479],[22.2068,32.8881],[22.3396,32.8821],[22.5138,32.791],[22.5789,32.7846],[22.8125,32.7245],[22.9292,32.6767],[22.9769,32.6767],[23.1061,32.6398],[23.1209,32.6152],[23.0944,32.5774],[23.1039,32.5163],[23.1489,32.4781],[23.1284,32.3955],[23.1087,32.4023],[23.1099,32.4203],[23.0944,32.4365],[23.0806,32.3341],[23.1951,32.2917],[23.2435,32.2206],[23.2854,32.2038],[23.3122,32.1627],[23.2991,32.2242],[23.362,32.2171],[23.4053,32.1907],[23.6697,32.1833],[23.8403,32.1491],[23.9987,32.0939],[23.9707,32.0666],[24.0907,32.0058],[24.5461,31.9914],[24.6703,32.0324],[24.7337,32.0331],[24.7918,32.0078],[24.9817,31.9679],[25.0179,31.949],[25.0334,31.9163],[25.0222,31.8547],[25.0296,31.8369],[25.1169,31.738],[25.1563,31.6631],[25.1618,31.5836],[25.1909,31.5315],[25.2634,31.5237],[25.3021,31.5065],[25.4019,31.5032],[25.8241,31.6149],[25.9668,31.6166],[26.3622,31.5219],[26.6831,31.4762],[26.7532,31.4775],[26.8657,31.4368],[26.9655,31.4497],[27.0544,31.4086],[27.2262,31.3677],[27.2461,31.3813],[27.3275,31.3792],[27.3936,31.2547],[27.4463,31.2232],[27.5877,31.1931],[27.6099,31.2032],[27.6603,31.1802],[27.7195,31.1893],[27.8529,31.2403],[27.8971,31.1144],[27.9269,31.099],[28.1546,31.0933],[28.2039,31.0705],[28.3184,31.0598],[28.3821,31.0828],[28.4243,31.0834],[28.4785,31.0518],[28.5276,31.0501],[28.812,30.9568],[28.8357,30.9108],[29.0281,30.8271],[29.2189,30.838],[29.5033,30.9567],[29.766,31.1216],[29.7815,31.1479],[29.8093,31.1423],[29.8384,31.1541],[29.8846,31.1895],[29.8757,31.2009],[29.8635,31.1964],[29.877,31.2136],[29.8982,31.2032],[30.0696,31.3335],[30.0667,31.3049],[30.0949,31.2856],[30.1726,31.2714],[30.1401,31.2372],[30.1652,31.2168],[30.2068,31.2379],[30.2017,31.2265],[30.2205,31.2202],[30.2546,31.2516],[30.2614,31.2441],[30.2688,31.2653],[30.2887,31.2379],[30.303,31.2714],[30.2876,31.2782],[30.2409,31.2653],[30.2546,31.2783],[30.1795,31.2783],[30.2517,31.3034],[30.3128,31.3506],[30.3484,31.4213],[30.3439,31.498],[30.3646,31.4601],[30.3986,31.4433],[30.3706,31.4616],[30.3557,31.4911],[30.3622,31.5087],[30.4564,31.4627],[30.5358,31.4639],[30.9739,31.5867],[30.8664,31.5483],[30.6281,31.4343],[30.5579,31.4222],[30.5427,31.4024],[30.5632,31.3902],[30.6267,31.3887],[30.6538,31.3958],[30.6751,31.4216],[30.7344,31.3881],[30.7562,31.423],[30.7985,31.4465],[30.8374,31.4291],[30.8737,31.4345],[30.8924,31.4191],[30.9397,31.4433],[30.9397,31.457],[30.9807,31.4365],[31.0291,31.5185],[31.0713,31.5173],[31.1016,31.4925],[31.1192,31.4931],[31.1292,31.5045],[31.1111,31.5123],[31.1304,31.517],[31.1111,31.5397],[31.0232,31.583],[30.978,31.5843],[31.0974,31.6079],[31.221,31.5799],[31.5568,31.4433],[31.7483,31.4816],[31.8744,31.5356],[31.9129,31.5349],[31.9448,31.5209],[32.0249,31.4001],[32.1996,31.2951],[32.169,31.3007],[32.0701,31.354],[32.0906,31.3472],[32.0835,31.3588],[31.995,31.395],[31.9683,31.4365],[31.9935,31.4378],[31.918,31.524],[31.8895,31.5321],[31.8789,31.5185],[31.8652,31.5253],[31.8652,31.5123],[31.8509,31.5185],[31.8447,31.498],[31.8652,31.498],[31.8789,31.4291],[31.8621,31.4506],[31.8379,31.457],[31.8416,31.4645],[31.8242,31.4433],[31.8584,31.4433],[31.8548,31.4232],[31.8789,31.4161],[31.8304,31.4086],[31.8447,31.395],[31.8279,31.3684],[31.8584,31.354],[31.7972,31.3595],[31.7959,31.311],[31.7691,31.2988],[31.7669,31.2847],[31.7842,31.2734],[31.7964,31.2783],[31.7902,31.2851],[31.8206,31.2783],[31.8342,31.2516],[31.8858,31.2236],[31.9063,31.2516],[31.9063,31.2236],[31.8926,31.2168],[31.9063,31.2168],[31.8994,31.2032],[31.9266,31.2106],[31.9264,31.187],[31.9866,31.2303],[32.0093,31.2236],[31.995,31.2236],[32.0093,31.2106],[32.0228,31.2236],[32.0371,31.2168],[32.0369,31.1503],[32.0161,31.1281],[32.0501,31.1417],[32.0701,31.1069],[32.044,31.0865],[32.0838,31.0844],[32.0838,31.066],[32.1065,31.0534],[32.1321,31.066],[32.1074,31.0728],[32.098,31.0933],[32.1463,31.0797],[32.1384,31.0933],[32.1594,31.0933],[32.1528,31.1066],[32.1663,31.1144],[32.1799,31.1069],[32.1838,31.1249],[32.2341,31.1049],[32.2722,31.1189],[32.2835,31.1365],[32.2625,31.1696],[32.2898,31.1696],[32.2951,31.2134],[32.2705,31.2576],[32.283,31.2653],[32.2141,31.2783],[32.207,31.2951],[32.3314,31.2714],[32.3442,31.2419],[32.3899,31.2265],[32.4812,31.1489],[32.5095,31.1069],[32.6016,31.061],[32.762,31.0812],[32.9273,31.1554],[32.8396,31.1012],[32.6665,31.0523],[32.715,31.0523],[32.7007,31.0387],[32.7313,31.0388],[32.7492,31.0523],[32.7695,31.0456],[32.8931,31.1008],[32.9177,31.0922],[32.9067,31.0797],[32.9172,31.0828],[32.9409,31.0933],[32.9136,31.1008],[32.9271,31.1118],[32.9688,31.0865],[32.9751,31.066],[32.9613,31.066],[33.0099,31.0563],[33.0234,31.0734],[33.0091,31.0865],[33.0575,31.1008],[33.0643,31.1349],[33.0303,31.1144],[33.0303,31.1008],[32.9544,31.1069],[32.9846,31.1095],[33.0303,31.1622],[33.1094,31.1964],[33.1265,31.1895],[33.0986,31.1833],[33.1577,31.1179],[33.119,31.1069],[33.1447,31.0779],[33.1333,31.0456],[33.2214,31.0598],[33.1948,31.0734],[33.2625,31.1008],[33.2698,31.0865],[33.2854,31.0927],[33.304,31.0797],[33.3032,31.0998],[33.3176,31.1008],[33.2772,31.1069],[33.3865,31.1144],[33.3777,31.1326],[33.4064,31.1373],[33.4064,31.1554],[33.5921,31.1144],[33.8543,31.1635],[34.047,31.2292],[34.2227,31.3266],[34.4434,31.5346],[34.6096,31.7655],[34.7119,31.9516],[34.7433,32.0604],[34.757,32.0666],[34.8377,32.2807],[34.9098,32.5703],[34.9556,32.8344],[34.9705,32.8414],[35.0277,32.8266],[35.0671,32.8668],[35.0796,32.9058],[35.0654,32.9231],[35.0785,32.9988],[35.0921,33.0677],[35.1065,33.0808],[35.0996,33.1013],[35.1476,33.1403],[35.1678,33.1702],[35.1618,33.1769],[35.1747,33.1702],[35.2048,33.2248],[35.2092,33.2546],[35.1883,33.28],[35.2248,33.312],[35.271,33.4575],[35.3491,33.5139],[35.4006,33.6431],[35.3944,33.65],[35.4099,33.6613],[35.4216,33.7023],[35.4385,33.7114],[35.4773,33.8039],[35.4832,33.8725],[35.4705,33.9021],[35.4866,33.913],[35.5173,33.9025],[35.572,33.91],[35.6135,33.9931],[35.6409,33.9994],[35.627,34.0443],[35.6477,34.1191],[35.6304,34.1528],[35.6272,34.2011],[35.6477,34.2222],[35.6652,34.3113],[35.6887,34.3283],[35.7058,34.3166],[35.7507,34.3898],[35.8062,34.415],[35.8236,34.4345],[35.8054,34.4649],[35.9033,34.478],[35.9832,34.5386],[35.9868,34.6208],[35.9312,34.741],[35.929,34.7907],[35.8669,34.9242],[35.8814,34.945],[35.8735,34.9788],[35.9006,35.0219],[35.8879,35.1092],[35.9624,35.1979],[35.9153,35.2879],[35.929,35.3215],[35.919,35.4177],[35.8184,35.5089],[35.7705,35.5042],[35.7781,35.5412],[35.7371,35.5617],[35.7433,35.5821],[35.7234,35.5759],[35.7785,35.6127],[35.7844,35.6306],[35.7712,35.6678],[35.8001,35.6815],[35.8403,35.7475],[35.8359,35.79],[35.7986,35.8497],[35.8709,35.8518],[35.8853,35.886],[35.9767,36.001],[35.9754,36.0185],[35.9484,36.0878],[35.8522,36.2135],[35.841,36.2445],[35.7986,36.2817],[35.7887,36.3203],[35.8245,36.3611],[35.8568,36.3698],[35.8735,36.3977],[35.9085,36.4182],[35.9187,36.4482],[35.9902,36.4796],[36.0449,36.5377],[36.1891,36.604],[36.2162,36.6578],[36.189,36.8017],[36.1299,36.8693],[36.0586,36.9184],[36.0203,36.9263],[35.985,36.9156],[35.8054,36.7751],[35.6841,36.7646],[35.6477,36.754],[35.6135,36.7199],[35.6182,36.7316],[35.6067,36.7404],[35.573,36.7007],[35.5794,36.6851],[35.5945,36.7017],[35.6169,36.6962],[35.6198,36.7124],[35.634,36.6994],[35.634,36.7267],[35.6481,36.7332],[35.6648,36.7124],[35.7092,36.7199],[35.6226,36.6807],[35.6087,36.6469],[35.6956,36.7062],[35.658,36.6752],[35.6235,36.6025],[35.5571,36.5875],[35.49,36.6139],[35.4787,36.5985],[35.531,36.5827],[35.4455,36.5963],[35.346,36.5411],[35.3202,36.5647],[34.9823,36.7208],[34.9004,36.7199],[34.9079,36.7404],[34.8526,36.7813],[34.7708,36.8161],[34.6929,36.8139],[34.5547,36.7676],[34.5339,36.7404],[34.4152,36.6629],[34.2762,36.587],[34.1777,36.4734],[34.0773,36.4139],[34.0779,36.3288],[33.9998,36.3029],[33.959,36.2136],[33.9414,36.2134],[33.9509,36.2377],[33.9309,36.2905],[33.8711,36.3149],[33.811,36.2674],[33.8247,36.2599],[33.7991,36.2307],[33.7428,36.2134],[33.7053,36.1817],[33.6882,36.137],[33.6472,36.1926],[33.6199,36.1855],[33.5523,36.1275],[33.5305,36.1308],[33.5442,36.1445],[33.4583,36.1581],[33.3865,36.137],[33.3268,36.1501],[33.3084,36.1322],[33.2124,36.1241],[33.1569,36.137],[33.134,36.1318],[33.0877,36.0828],[32.9409,36.1035],[32.8652,36.0718],[32.8037,36.0272],[32.6707,36.0467],[32.5679,36.0961],[32.5134,36.103],[32.3655,36.178],[32.3187,36.2286],[32.2873,36.2448],[32.2761,36.2878],[32.1921,36.3584],[32.1743,36.4024],[32.1321,36.4387],[32.1021,36.4862],[32.0188,36.5465],[31.908,36.5626],[31.8625,36.5887],[31.8167,36.5895],[31.7691,36.61],[31.7366,36.6423],[31.7035,36.6436],[31.6276,36.6708],[31.5962,36.6957],[31.3786,36.7676],[31.3763,36.7919],[31.3408,36.8086],[30.9397,36.857],[30.7759,36.8496],[30.6865,36.8912],[30.6017,36.8381],[30.5698,36.7813],[30.5658,36.7002],[30.5767,36.6789],[30.5562,36.6379],[30.5767,36.5895],[30.5835,36.5963],[30.5698,36.528],[30.5208,36.4897],[30.4746,36.4016],[30.4763,36.3842],[30.5016,36.3636],[30.4942,36.3493],[30.5199,36.3419],[30.4788,36.3086],[30.4668,36.2878],[30.488,36.2878],[30.4274,36.2264],[30.3986,36.206],[30.4004,36.2481],[30.3843,36.2742],[30.3605,36.2686],[30.2546,36.3083],[30.1585,36.2987],[30.1447,36.2543],[30.131,36.2742],[30.1248,36.2469],[30.1106,36.2543],[30.1106,36.2401],[30.0482,36.2588],[30.0348,36.2543],[30.0559,36.2469],[29.9885,36.2178],[29.9165,36.2191],[29.8301,36.1855],[29.8369,36.178],[29.8026,36.1718],[29.8231,36.165],[29.7796,36.1394],[29.7617,36.137],[29.7754,36.1581],[29.7549,36.1507],[29.7192,36.1627],[29.6724,36.1234],[29.6682,36.1438],[29.634,36.157],[29.6239,36.178],[29.6374,36.1724],[29.6421,36.187],[29.5835,36.1855],[29.6239,36.1991],[29.4945,36.211],[29.4321,36.2401],[29.4204,36.2306],[29.4116,36.2674],[29.3816,36.2639],[29.3496,36.2326],[29.2346,36.3243],[29.175,36.3398],[29.1585,36.3568],[29.1447,36.3493],[29.1447,36.3772],[29.0964,36.3909],[29.1304,36.4114],[29.1242,36.4536],[29.0964,36.4735],[29.1243,36.4933],[29.1149,36.5527],[29.0964,36.5479],[29.0843,36.5602],[29.0144,36.5479],[29.0369,36.5615],[29.0205,36.5895],[29.0418,36.6243],[29.0558,36.6142],[29.0964,36.6441],[29.0906,36.6271],[29.1169,36.6342],[29.0964,36.6652],[28.9563,36.7275],[28.939,36.7513],[28.8909,36.7124],[28.8977,36.6994],[28.8635,36.6926],[28.8625,36.6679],[28.8499,36.6652],[28.8704,36.6305],[28.888,36.6484],[28.884,36.6715],[28.9017,36.6583],[28.8635,36.6168],[28.8696,36.6066],[28.8289,36.6025],[28.8186,36.6208],[28.8425,36.6379],[28.805,36.6553],[28.7879,36.6509],[28.7827,36.6774],[28.7463,36.6977],[28.7017,36.7051],[28.6649,36.6926],[28.6492,36.7183],[28.6234,36.6994],[28.6035,36.7335],[28.6167,36.767],[28.6035,36.795],[28.6104,36.8161],[28.5967,36.795],[28.5759,36.8195],[28.5462,36.8234],[28.5244,36.8133],[28.5278,36.7888],[28.4868,36.8017],[28.5005,36.8161],[28.4561,36.8285],[28.4526,36.8496],[28.4663,36.8533],[28.452,36.8836],[28.4362,36.8647],[28.3767,36.8544],[28.3906,36.8359],[28.4248,36.8291],[28.396,36.7895],[28.315,36.8161],[28.315,36.795],[28.2782,36.7965],[28.2783,36.8142],[28.315,36.8291],[28.2731,36.852],[28.2572,36.8462],[28.2367,36.8132],[28.2534,36.7888],[28.2489,36.7668],[28.2886,36.7426],[28.2951,36.7199],[28.2673,36.7309],[28.2466,36.7124],[28.2336,36.7199],[28.2254,36.7062],[28.2336,36.6994],[28.1623,36.6727],[28.1115,36.6042],[28.0881,36.5891],[28.0617,36.5963],[28.0359,36.5648],[28.0138,36.5759],[28.0037,36.5619],[27.9777,36.5657],[27.9592,36.6025],[28.0344,36.6025],[28.0896,36.6441],[28.0759,36.6578],[28.048,36.6379],[28.0612,36.6647],[28.0379,36.6906],[28.0296,36.6704],[27.9802,36.6758],[27.9661,36.6888],[28.0418,36.7199],[28.0896,36.7267],[28.0859,36.7106],[28.1006,36.7096],[28.1164,36.7188],[28.1169,36.7335],[28.0822,36.7471],[28.11,36.7751],[28.1305,36.754],[28.1184,36.8006],[28.095,36.8014],[28.0472,36.7633],[28.0344,36.7751],[27.9661,36.7471],[27.9541,36.7596],[27.9177,36.7404],[27.9124,36.7541],[27.8903,36.7404],[27.8704,36.7526],[27.8562,36.7404],[27.8065,36.7608],[27.7194,36.7563],[27.6843,36.7267],[27.6712,36.6578],[27.6199,36.6765],[27.5597,36.6746],[27.5545,36.6851],[27.4727,36.6509],[27.4484,36.6652],[27.4043,36.6652],[27.3941,36.6841],[27.3628,36.6851],[27.3687,36.6974],[27.3558,36.7124],[27.4143,36.7093],[27.4496,36.754],[27.6115,36.7653],[27.6234,36.8017],[27.6454,36.8065],[27.6912,36.7843],[27.76,36.7813],[27.7991,36.8066],[27.8971,36.8123],[27.94,36.7956],[27.9942,36.7984],[28.0275,36.7813],[28.0554,36.8086],[28.0396,36.8266],[28.007,36.8291],[28.0246,36.8391],[28.007,36.857],[28.0554,36.8707],[28.0213,36.9116],[28.0418,36.9116],[28.0275,36.9259],[28.0617,36.9259],[28.0418,36.9389],[28.1572,36.9321],[28.1653,36.9116],[28.1572,36.9458],[28.1852,36.9389],[28.2124,36.9731],[28.1989,36.9805],[28.2124,37.0004],[28.2446,36.9882],[28.2466,37.0079],[28.3294,37.0368],[28.3047,37.0508],[28.1262,37.0359],[28.1073,37.0321],[28.11,37.0141],[27.9866,37.0351],[27.9518,37.0215],[27.8862,37.0262],[27.7879,37.0079],[27.7804,36.9936],[27.6877,37.0054],[27.6365,36.9805],[27.5671,36.9966],[27.562,36.9731],[27.5283,36.9913],[27.4727,36.9936],[27.4385,37.0277],[27.4081,37.0168],[27.3968,37.0277],[27.3833,36.9936],[27.3765,37.0277],[27.3286,37.0141],[27.3265,36.986],[27.3006,36.9731],[27.3081,36.9594],[27.2632,36.9634],[27.2288,37.0618],[27.2391,37.083],[27.2944,37.1103],[27.2604,37.1103],[27.2529,37.124],[27.3218,37.124],[27.3218,37.1587],[27.3396,37.1505],[27.3423,37.1301],[27.3833,37.1518],[27.3866,37.1301],[27.4385,37.124],[27.431,37.1177],[27.4598,37.0895],[27.5651,37.1256],[27.5755,37.1376],[27.5545,37.1301],[27.5278,37.1928],[27.5877,37.1988],[27.5755,37.1785],[27.6099,37.1997],[27.5886,37.2111],[27.5894,37.2307],[27.6099,37.2475],[27.616,37.2747],[27.5944,37.2838],[27.5532,37.2729],[27.5147,37.2293],[27.5,37.2338],[27.5178,37.246],[27.5088,37.2681],[27.4636,37.252],[27.4914,37.3273],[27.4727,37.3437],[27.4685,37.3156],[27.4461,37.3056],[27.3968,37.3231],[27.3887,37.3453],[27.3967,37.3656],[27.4385,37.3908],[27.4072,37.4127],[27.3703,37.4051],[27.3462,37.3706],[27.3218,37.3709],[27.3303,37.3516],[27.2461,37.3362],[27.1908,37.3573],[27.2075,37.3764],[27.2051,37.3983],[27.2262,37.4051],[27.2225,37.4768],[27.1926,37.4787],[27.1777,37.4665],[27.1904,37.5127],[27.1804,37.5446],[27.1846,37.5559],[27.2004,37.5476],[27.2093,37.5633],[27.2085,37.5969],[27.1362,37.631],[27.0115,37.6657],[27.0208,37.6863],[27.1272,37.6885],[27.2131,37.7134],[27.2495,37.7443],[27.2616,37.8035],[27.2372,37.8454],[27.2391,37.8644],[27.2604,37.8842],[27.2604,37.919],[27.2748,37.929],[27.2391,37.9879],[27.1411,37.986],[27.0702,38.02],[27.0559,38.0457],[26.9754,38.0653],[26.8934,38.0562],[26.8731,38.0351],[26.8421,38.0761],[26.8352,38.1313],[26.7936,38.1723],[26.7761,38.1652],[26.7737,38.207],[26.7603,38.2167],[26.6359,38.2036],[26.6229,38.1387],[26.6092,38.145],[26.6122,38.1179],[26.595,38.1039],[26.5676,38.145],[26.5671,38.124],[26.5569,38.1223],[26.5238,38.1474],[26.5193,38.1797],[26.4917,38.174],[26.4175,38.2206],[26.4175,38.2002],[26.3901,38.2238],[26.3901,38.2617],[26.375,38.2348],[26.354,38.2283],[26.2346,38.2738],[26.2388,38.2958],[26.2654,38.2867],[26.2859,38.3187],[26.3076,38.3231],[26.2889,38.3406],[26.2941,38.3699],[26.3076,38.3579],[26.3211,38.3777],[26.3259,38.3549],[26.3143,38.3367],[26.3561,38.3169],[26.385,38.3184],[26.3833,38.3436],[26.4175,38.3367],[26.4759,38.3669],[26.4771,38.3869],[26.4515,38.4261],[26.4891,38.4062],[26.513,38.4329],[26.4408,38.4728],[26.3879,38.4543],[26.4038,38.4875],[26.3696,38.5353],[26.3758,38.5286],[26.349,38.6355],[26.3563,38.6617],[26.403,38.6773],[26.4656,38.6727],[26.5056,38.6527],[26.6304,38.5192],[26.6433,38.4677],[26.5881,38.4609],[26.6052,38.4538],[26.5881,38.4187],[26.6221,38.4053],[26.6731,38.3072],[26.7,38.3258],[26.6775,38.3436],[26.6707,38.3852],[26.7024,38.4302],[26.7254,38.4329],[26.7669,38.3641],[26.7874,38.3715],[26.7951,38.3586],[26.9246,38.3777],[27.0134,38.4125],[27.0886,38.4022],[27.1642,38.4534],[27.0223,38.4625],[26.9354,38.4349],[26.9451,38.4466],[26.8976,38.4947],[26.8493,38.5124],[26.8147,38.5428],[26.8898,38.508],[26.8352,38.549],[26.8489,38.5974],[26.8342,38.6082],[26.7936,38.5974],[26.801,38.6117],[26.7532,38.6179],[26.7595,38.6384],[26.7191,38.6527],[26.7532,38.6663],[26.7191,38.7209],[26.8182,38.7554],[26.9035,38.7346],[26.8972,38.7483],[26.923,38.7622],[26.9314,38.7551],[26.9351,38.7705],[26.9314,38.7893],[26.9246,38.7817],[26.8972,38.8166],[26.9377,38.8302],[26.9439,38.8087],[26.9608,38.8061],[26.9714,38.8192],[26.9588,38.8445],[27.0134,38.8712],[27.0335,38.8605],[27.0627,38.8869],[27.0413,38.8917],[27.0579,38.9185],[27.0413,38.9401],[26.9826,38.9196],[26.9624,38.9401],[26.9343,38.9309],[26.9246,38.9401],[26.8662,38.9134],[26.8065,38.9501],[26.7992,38.9984],[26.8147,39.022],[26.7936,39.022],[26.8731,39.0629],[26.8831,39.0716],[26.8753,39.0909],[26.8237,39.1491],[26.7378,39.1972],[26.7188,39.2629],[26.6092,39.2752],[26.6455,39.3176],[26.6538,39.3065],[26.6359,39.2969],[26.6707,39.2827],[26.6703,39.306],[26.8147,39.3994],[26.801,39.4062],[26.801,39.4335],[26.8508,39.4398],[26.863,39.4472],[26.8521,39.4618],[26.8679,39.4715],[26.9299,39.4877],[26.9451,39.5396],[26.9377,39.5748],[26.8934,39.5844],[26.8329,39.5568],[26.8079,39.5707],[26.4568,39.5212],[26.3622,39.4813],[26.2866,39.4876],[26.2493,39.4656],[26.2318,39.4745],[26.113,39.4592],[26.0742,39.4745],[26.07,39.4963],[26.1107,39.5979],[26.1482,39.626],[26.1567,39.6492],[26.1636,39.7042],[26.1364,39.7557],[26.155,39.8262],[26.1364,39.8376],[26.1567,39.899],[26.1526,39.9426],[26.1886,40.0018],[26.1978,40.0089],[26.2511,39.9949],[26.311,40.0195],[26.3622,40.0635],[26.3694,40.1029],[26.3932,40.1082],[26.408,40.1937],[26.5007,40.213],[26.7356,40.4036],[26.8972,40.4062],[26.9915,40.3886],[27.0134,40.3925],[27.0964,40.4523],[27.2153,40.4477],[27.287,40.4682],[27.3286,40.4136],[27.2944,40.4062],[27.3376,40.3703],[27.4523,40.322],[27.5233,40.3088],[27.613,40.331],[27.688,40.3138],[27.7123,40.3242],[27.7898,40.3205],[27.8132,40.3471],[27.8836,40.3863],[27.8153,40.3999],[27.7918,40.3929],[27.7858,40.4129],[27.7564,40.4326],[27.7502,40.4576],[27.7258,40.4614],[27.6843,40.4962],[27.7224,40.5263],[27.7502,40.5247],[27.76,40.5371],[27.7804,40.5153],[27.8047,40.5228],[27.9699,40.503],[28.0344,40.4744],[28.0168,40.4511],[27.904,40.3999],[27.9085,40.3742],[27.9447,40.366],[28.0275,40.372],[28.112,40.3961],[28.348,40.404],[28.4868,40.3999],[28.4588,40.3795],[28.5454,40.3913],[28.6377,40.3652],[28.772,40.4025],[28.884,40.3863],[28.9387,40.3652],[29.0516,40.3673],[29.0901,40.4272],[29.1515,40.4341],[29.1115,40.4661],[29.0657,40.4819],[29.011,40.4819],[28.9695,40.4614],[28.9167,40.4709],[28.8285,40.513],[28.7742,40.5228],[28.7927,40.5533],[28.8977,40.5917],[28.9863,40.6448],[29.2816,40.6659],[29.3919,40.7078],[29.4168,40.6868],[29.4906,40.7272],[29.5275,40.7215],[29.5599,40.6911],[29.7533,40.7246],[29.8672,40.7289],[29.9242,40.7165],[29.9393,40.7351],[29.9292,40.758],[29.7754,40.7487],[29.7376,40.7698],[29.6662,40.7835],[29.4287,40.7761],[29.3778,40.7565],[29.3291,40.7904],[29.3434,40.7978],[29.3395,40.8078],[29.3154,40.8244],[29.2546,40.8108],[29.2746,40.8388],[29.2949,40.8388],[29.2639,40.8698],[29.1448,40.9141],[29.0832,40.9597],[29.0281,40.9821],[29.0348,40.9896],[29.0076,41.0305],[29.0623,41.0763],[29.0906,41.1409],[29.0691,41.1528],[29.1301,41.2119],[29.1697,41.2331],[29.2062,41.2292],[29.2318,41.2407],[29.8846,41.149],[30.1369,41.1438],[30.2171,41.1671],[30.2825,41.2155],[30.37,41.1813],[30.6992,41.1215],[30.7481,41.092],[30.8333,41.0799],[31.0906,41.0851],[31.1248,41.0981],[31.2312,41.092],[31.3236,41.1339],[31.3928,41.1884],[31.4196,41.2803],[31.3962,41.2955],[31.4036,41.3165],[31.471,41.3248],[31.4983,41.352],[31.6589,41.3979],[31.8716,41.5046],[32.0394,41.5756],[32.1619,41.612],[32.2634,41.7202],[32.3518,41.7294],[32.3826,41.7561],[32.3997,41.7425],[32.5348,41.8107],[32.5778,41.8113],[32.6126,41.8395],[32.6792,41.8363],[32.7554,41.8591],[32.9261,41.8818],[33.3245,42.019],[33.5405,42.0106],[33.6135,41.9937],[33.8735,41.9744],[34.0036,41.9827],[34.3313,41.9479],[34.4827,41.9752],[34.5618,41.9519],[34.6942,41.946],[34.7986,41.9622],[34.889,42.0078],[34.9419,42.0693],[34.9481,42.0988],[35.0034,42.0851],[35.0239,42.0925],[35.0488,42.0651],[35.0444,42.0516],[35.0816,42.0292],[35.1338,42.0236],[35.1712,42.0441],[35.2163,42.0236],[35.1375,42.0195],[35.1167,42.0069],[35.0921,41.928],[35.1257,41.8753],[35.2095,41.8113],[35.1958,41.8045],[35.2248,41.7619],[35.2982,41.7152],[35.4011,41.6916],[35.4858,41.6451],[35.5767,41.6297],[35.8938,41.7075],[35.9568,41.7363],[35.929,41.7089],[35.9153,41.6462],[35.9343,41.6921],[35.9729,41.7286],[36.0381,41.6878],[36.0449,41.7015],[36.1205,41.6278],[36.1345,41.5991],[36.12,41.4943],[36.1345,41.4619],[36.2048,41.4065],[36.2368,41.3589],[36.3319,41.3232],[36.3438,41.2887],[36.395,41.2564],[36.451,41.2404],[36.5179,41.2626],[36.5794,41.3073],[36.6199,41.3751],[36.7581,41.3663],[36.8367,41.3508],[36.9849,41.2945],[37.0153,41.2746],[37.0319,41.2428],[37.0397,41.1815],[37.1355,41.1466],[37.2993,41.1404],[37.3335,41.1193],[37.3954,41.1085],[37.5247,41.0372],[37.5806,41.0368],[37.6079,41.0504],[37.6401,41.1015],[37.6898,41.1404],[37.7151,41.1147],[37.7839,41.1226],[37.7852,41.06],[37.8679,41.0156],[37.8958,40.9821],[37.9347,40.9951],[38.2014,40.9414],[38.2683,40.9504],[38.3309,40.9179],[38.5394,40.9269],[38.5916,40.9626],[38.6371,40.976],[38.6779,40.9486],[38.7176,40.9548],[38.7837,41.0018],[38.8758,41.0189],[38.9084,41.0377],[39.0418,41.0434],[39.1223,41.0573],[39.1683,41.0797],[39.2732,41.0504],[39.4302,41.1125],[39.4929,41.101],[39.6301,41.0085],[39.6697,41.0026],[39.73,41.0172],[39.7992,41.0003],[39.8957,40.9548],[39.9994,40.9821],[40.0857,40.9265],[40.1428,40.9228],[40.301,40.9685],[40.4649,41.0504],[40.4997,41.0388],[40.5574,41.0425],[40.6262,41.0822],[40.6983,41.0981],[40.7576,41.1584],[40.8275,41.1979],[40.922,41.1906],[41.0427,41.2325],[41.1213,41.2855],[41.1908,41.2957],[41.285,41.3538],[41.4089,41.3903],[41.4382,41.4514],[41.5071,41.4954],[41.5863,41.6027],[41.6157,41.6326],[41.676,41.6622],[41.7398,41.7499],[41.7439,41.7786],[41.7739,41.8216],[41.7739,41.9069],[41.7557,42.0064],[41.6641,42.114],[41.6492,42.2122],[41.5962,42.3494],[41.5549,42.3898],[41.5002,42.6406],[41.4574,42.7137],[41.4243,42.7399],[41.3073,42.7676],[41.2254,42.8023],[41.1502,42.7956],[41.1047,42.8466],[41.0818,42.9081],[41.0231,42.99],[40.959,42.9764],[40.9338,42.9827],[40.856,43.0631],[40.6829,43.0943],[40.5918,43.0856],[40.5202,43.1273],[40.3983,43.1623],[40.3612,43.1655],[40.3351,43.1409],[40.2684,43.2164],[40.2728,43.248],[40.2191,43.319],[40.1335,43.3416],[40.0869,43.3703],[39.9334,43.4067],[39.8679,43.4957],[39.7183,43.5678],[39.6908,43.6138],[39.6189,43.6446],[39.4575,43.7709],[39.3294,43.8962],[39.1164,44.0235],[39.0612,44.0761],[39.0116,44.1003],[38.9783,44.1483],[38.8556,44.1845],[38.7583,44.2736],[38.5951,44.3319],[38.3098,44.3662],[38.2884,44.3852],[38.2173,44.3872],[38.1777,44.406],[38.1081,44.4971],[38.0628,44.5242],[38.0562,44.559],[38.0119,44.5523],[37.9845,44.5643],[37.9281,44.6059],[37.9362,44.6343],[37.8748,44.6894],[37.7785,44.7298],[37.8224,44.6682],[37.8202,44.6479],[37.8001,44.6352],[37.7365,44.6357],[37.6318,44.669],[37.5772,44.6553],[37.509,44.6753],[37.4987,44.6684],[37.4365,44.7168],[37.3711,44.7479],[37.3179,44.8462],[37.2925,44.8676],[37.3113,44.8909],[37.306,44.9097],[37.1919,44.991],[36.8401,45.1094],[36.7017,45.1038],[36.6414,45.1284],[36.5862,45.1723],[36.5773,45.1942],[36.5862,45.2028],[36.7297,45.2063],[36.7854,45.2307],[36.8408,45.2329],[36.9617,45.2829],[36.9704,45.303],[36.9473,45.3202],[36.7888,45.2922],[36.7581,45.3542],[36.7757,45.3648],[36.8025,45.3127],[36.8122,45.3164],[36.8122,45.3474],[36.8475,45.3673],[36.8059,45.3708],[36.7816,45.3876],[36.7278,45.3718],[36.6681,45.3264],[36.6665,45.3404],[36.7051,45.391],[36.8333,45.443],[36.8953,45.43],[37.0667,45.3538],[37.1394,45.3355],[37.1138,45.3127],[37.1069,45.2717],[37.0659,45.2615],[37.0784,45.239],[37.2365,45.2553],[37.2544,45.2769],[37.3192,45.2717],[37.2743,45.2941],[37.1737,45.3001],[37.1589,45.3261],[37.3477,45.3277],[37.3814,45.3065],[37.5193,45.3693],[37.5047,45.3338],[37.5427,45.3474],[37.6008,45.3314],[37.6079,45.3127],[37.5667,45.2996],[37.5911,45.2894],[37.6351,45.3338],[37.6516,45.3127],[37.7293,45.3017],[37.7383,45.3107],[37.6999,45.3392],[37.7581,45.402],[37.7171,45.389],[37.7235,45.4146],[37.7029,45.4573],[37.7444,45.4504],[37.686,45.484],[37.6997,45.5628],[37.6494,45.5849],[37.6351,45.6081],[37.6233,45.5859],[37.6624,45.5666],[37.6351,45.5529],[37.655,45.5082],[37.6419,45.5045],[37.6408,45.456],[37.6192,45.4184],[37.5863,45.4324],[37.5951,45.6353],[37.6079,45.6627],[37.6265,45.6683],[37.6311,45.649],[37.6146,45.6423],[37.6709,45.6097],[37.6823,45.628],[37.7029,45.6218],[37.6668,45.669],[37.8294,45.7532],[37.8748,45.841],[37.9251,46.0],[38.0587,46.0],[38.0418,45.9611],[38.078,45.9521],[38.0808,45.9296],[38.0012,45.8326],[38.0396,45.8161],[38.0603,45.8266],[38.0498,45.8549],[38.1331,46.0],[48.7131,46.0],[48.6496,45.9633],[48.6991,45.9726],[48.7522,45.9656],[48.7424,45.9141],[48.7914,45.8409],[48.7655,45.8522],[48.7214,45.8383],[48.7163,45.8135],[48.6867,45.8486],[48.7101,45.8818],[48.6304,45.9097],[48.5938,45.9582],[48.5549,45.9675],[48.5095,45.9406],[48.4656,45.9402],[48.3936,45.8681],[48.3569,45.8694],[48.3628,45.8576],[48.4072,45.8519],[48.4141,45.8439],[48.3994,45.8354],[48.2887,45.8373],[48.2772,45.7862],[48.2209,45.7652],[48.2428,45.7099],[48.1799,45.7397],[48.1478,45.7434],[48.1336,45.7242],[48.0789,45.7515],[48.0075,45.7005],[47.969,45.7316],[47.9304,45.7217],[47.897,45.6938],[47.8758,45.7226],[47.8591,45.7242],[47.8347,45.6599],[47.8523,45.6423],[47.8182,45.6081],[47.7517,45.6909],[47.7049,45.7099],[47.6652,45.7075],[47.6195,45.7589],[47.5601,45.7716],[47.5553,45.7436],[47.5923,45.7446],[47.6047,45.7188],[47.6262,45.7091],[47.6258,45.6718],[47.6081,45.6675],[47.6087,45.6388],[47.6611,45.6218],[47.6455,45.5922],[47.6537,45.5591],[47.615,45.5702],[47.5859,45.6258],[47.5407,45.6658],[47.4824,45.6689],[47.4326,45.6945],[47.4551,45.7174],[47.5034,45.7174],[47.3848,45.7502],[47.3831,45.734],[47.4107,45.7136],[47.4277,45.6764],[47.4483,45.6764],[47.4688,45.6553],[47.5348,45.6439],[47.5513,45.628],[47.5721,45.567],[47.5423,45.5371],[47.5088,45.5711],[47.5096,45.5939],[47.4943,45.5851],[47.5002,45.5577],[47.5383,45.5065],[47.5015,45.4805],[47.4968,45.43],[47.3936,45.4226],[47.3814,45.411],[47.4601,45.3908],[47.4277,45.3673],[47.384,45.2995],[47.3701,45.1856],[47.3145,45.1966],[47.2971,45.1874],[47.2612,45.085],[47.2012,44.97],[47.1807,44.9767],[47.1658,44.967],[47.146,44.9291],[47.1267,44.9503],[47.0988,44.9564],[47.1117,44.8696],[47.0783,44.7851],[47.0236,44.843],[47.0032,44.9216],[46.9889,44.9154],[46.9839,44.8934],[47.01,44.8301],[47.0032,44.8176],[46.9616,44.7652],[46.9238,44.772],[46.8679,44.7405],[46.8313,44.6964],[46.7917,44.706],[46.7463,44.654],[46.722,44.6553],[46.7078,44.5697],[46.7232,44.5495],[46.6846,44.5379],[46.6836,44.5068],[46.7009,44.4462],[46.759,44.4006],[46.8519,44.3976],[47.0256,44.3596],[47.0554,44.3277],[47.0783,44.2644],[47.1222,44.2227],[47.18,44.2029],[47.2217,44.2308],[47.2459,44.212],[47.2899,44.093],[47.3579,44.0206],[47.4326,43.8762],[47.4619,43.8603],[47.4414,43.8193],[47.4828,43.8249],[47.5028,43.781],[47.4955,43.7648],[47.4446,43.7385],[47.4339,43.7163],[47.4551,43.689],[47.4277,43.6684],[47.3936,43.6064],[47.3657,43.6207],[47.3799,43.5597],[47.405,43.5438],[47.4043,43.5114],[47.4243,43.504],[47.4485,43.5181],[47.4653,43.5522],[47.4778,43.6437],[47.5073,43.6857],[47.5027,43.715],[47.5339,43.7759],[47.5444,43.8652],[47.5957,43.9012],[47.6528,43.8967],[47.7015,43.8745],[47.6438,43.8299],[47.6016,43.7657],[47.4909,43.4628],[47.4822,43.4218],[47.4934,43.2963],[47.5096,43.2917],[47.5344,43.3206],[47.5703,43.3337],[47.5857,43.2995],[47.565,43.2681],[47.4858,43.2128],[47.4824,43.1273],[47.4551,43.0999],[47.4528,43.0808],[47.4619,43.0208],[47.5301,42.9621],[47.5899,42.9427],[47.6216,42.9051],[47.7017,42.8618],[47.7273,42.6628],[47.7518,42.6367],[47.8677,42.5847],[47.9929,42.4197],[48.096,42.3498],[48.2223,42.1751],[48.304,42.1027],[48.325,42.0388],[48.3867,41.9372],[48.4164,41.915],[48.5529,41.8756],[48.5789,41.8453],[48.6554,41.8006],[48.7778,41.683],[48.7976,41.6431],[48.8659,41.5854],[48.9041,41.5234],[48.9412,41.5046],[48.9945,41.4404],[49.0276,41.4312],[49.1359,41.275],[49.1543,41.1664],[49.1785,41.1289],[49.1955,41.0573],[49.2432,40.9972],[49.382,40.8666],[49.4487,40.8313],[49.471,40.8358],[49.5388,40.7881],[49.5095,40.699],[49.5389,40.654],[49.5896,40.6252],[49.6526,40.6192],[49.7238,40.5808],[49.8167,40.5654],[49.9382,40.5875],[50.052,40.5843],[50.1094,40.5271],[50.2376,40.4962],[50.2759,40.4366],[50.3359,40.406],[50.3605,40.3652],[50.3879,40.2211],[50.3231,40.2966],[50.2526,40.3363],[50.1277,40.359],[50.0552,40.3515],[49.9837,40.3242],[49.9558,40.3515],[49.8934,40.369],[49.8403,40.3378],[49.8472,40.3142],[49.819,40.2921],[49.5772,40.2167],[49.5036,40.1649],[49.4925,40.154],[49.4966,40.0945],[49.4426,40.0784],[49.4326,40.063],[49.4487,40.0225],[49.4839,39.9887],[49.4354,39.9577],[49.4237,39.9355],[49.4431,39.8734],[49.4165,39.8437],[49.4214,39.8102],[49.3948,39.7825],[49.3963,39.7562],[49.4236,39.7095],[49.384,39.6901],[49.318,39.6214],[49.2849,39.5222],[49.2957,39.4767],[49.4089,39.3864],[49.3973,39.3452],[49.4071,39.3237],[49.3669,39.351],[49.4071,39.2895],[49.3064,39.3465],[49.2731,39.3366],[49.2473,39.3107],[49.2371,39.279],[49.2378,39.1695],[49.2033,39.0341],[49.1939,39.0163],[49.1188,38.9753],[49.0793,38.9633],[49.0515,38.981],[49.0652,39.0151],[49.1255,39.0281],[49.1477,39.0834],[49.1164,39.1103],[49.0686,39.1114],[49.0589,39.1728],[49.0222,39.1882],[48.9676,39.1838],[48.947,39.1275],[48.9348,39.1244],[48.9486,39.0072],[48.8987,38.8931],[48.8679,38.8638],[48.8318,38.8712],[48.8325,38.8356],[48.8631,38.7567],[48.8748,38.2427],[48.8937,38.2058],[48.9077,38.0835],[48.9491,37.9669],[48.9445,37.9034],[48.9875,37.8425],[48.9832,37.816],[49.0145,37.7392],[49.1325,37.6234],[49.3669,37.515],[49.4417,37.4949],[49.8262,37.4536],[49.9338,37.4744],[49.9695,37.4597],[49.9353,37.4536],[50.1956,37.3894],[50.2273,37.3654],[50.2233,37.3293],[50.2451,37.2793],[50.3223,37.1533],[50.4295,37.083],[50.4789,37.035],[50.6587,36.9543],[50.7031,36.9184],[50.8608,36.8496],[51.0047,36.7676],[51.0886,36.737],[51.909,36.5827],[52.0,36.5925],[52.0,27.8341],[51.8943,27.8309],[51.8596,27.8459],[51.7228,27.8251],[51.6834,27.8306],[51.5851,27.8493],[51.5703,27.8776],[51.4964,27.893],[51.4282,27.9611],[51.4204,27.9332],[51.3999,27.9317],[51.3452,28.0527],[51.2698,28.1405],[51.2853,28.2409],[51.1419,28.4008],[51.0807,28.5339],[51.0588,28.7359],[51.0109,28.7991],[50.9787,28.8166],[50.8762,28.832],[50.8049,28.9336],[50.8026,28.9858],[50.8233,28.9966],[50.8625,28.9761],[50.8887,28.9414],[50.8993,28.9494],[50.8949,28.9761],[50.929,29.0097],[50.9299,29.0546],[50.9202,29.069],[50.9017,29.0649],[50.8744,29.1133],[50.8508,29.1055],[50.8403,29.1406],[50.7383,29.1401],[50.6937,29.1234],[50.6438,29.1435],[50.6358,29.2077],[50.6675,29.2573],[50.6826,29.2431],[50.6895,29.2908],[50.6615,29.3188],[50.6682,29.3823],[50.6553,29.4491],[50.6074,29.4995],[50.6069,29.4696],[50.4561,29.6341],[50.397,29.6547],[50.2438,29.8668],[50.1449,29.9381],[50.134,29.9835],[50.1533,29.991],[50.134,30.0041],[50.1448,30.0379],[50.1218,30.0946],[50.1277,30.1207],[50.0588,30.2046],[49.9883,30.2199],[49.9146,30.2039],[49.6008,30.0301],[49.5645,30.0168],[49.5322,30.0229],[49.5041,30.0587],[49.5012,30.1201],[49.4798,30.1561],[49.4282,30.1685],[49.384,30.1617],[49.3499,30.1753],[49.2451,30.1565],[49.2371,30.2064],[49.216,30.2238],[49.2212,30.2646],[49.2092,30.2715],[49.1929,30.2377],[49.1614,30.2238],[49.124,30.2564],[49.0173,30.2983],[48.9795,30.3618],[48.9212,30.3808],[48.9486,30.4011],[49.0108,30.3959],[49.062,30.4081],[49.1764,30.3727],[49.2029,30.3466],[49.2572,30.4219],[49.2638,30.4497],[49.2283,30.4544],[49.2112,30.5063],[49.1682,30.477],[49.1668,30.5088],[49.134,30.4975],[49.1101,30.518],[48.9815,30.5156],[48.953,30.5002],[48.9456,30.4797],[49.0044,30.464],[49.0373,30.4325],[49.0173,30.4149],[48.9348,30.4186],[48.8623,30.3456],[48.8737,30.3367],[48.8596,30.3162],[48.867,30.2947],[48.9212,30.2504],[48.9417,30.1651],[48.928,30.1207],[48.9286,30.06],[48.8972,30.0294],[48.702,30.0319],[48.6433,30.0554],[48.6616,29.9935],[48.6514,29.975],[48.6108,29.957],[48.5374,29.9699],[48.5308,29.9562],[48.5593,29.9466],[48.5205,29.9289],[48.4119,29.9384],[48.3355,29.9614],[48.2092,30.0245],[48.1192,30.045],[48.0383,30.0369],[47.969,30.0041],[47.9517,30.0883],[47.9348,30.1071],[47.9485,30.0623],[47.9409,30.0265],[47.9753,29.9426],[47.9956,29.8277],[48.0524,29.743],[48.0789,29.744],[48.1192,29.6545],[48.1809,29.5622],[48.1768,29.5419],[48.1545,29.5391],[48.0859,29.575],[48.0239,29.5848],[47.9655,29.5763],[47.807,29.4676],[47.7639,29.4129],[47.7184,29.3942],[47.7047,29.3636],[47.8373,29.3875],[47.8512,29.3802],[47.8226,29.3634],[47.8164,29.3376],[47.8579,29.323],[47.8992,29.3352],[47.9054,29.3593],[47.9393,29.3594],[47.9857,29.3938],[48.0252,29.3549],[48.0633,29.3434],[48.1003,29.35],[48.0954,29.2577],[48.1338,29.1536],[48.1585,29.0173],[48.2259,28.9183],[48.2795,28.8944],[48.2769,28.8396],[48.3288,28.76],[48.3936,28.7434],[48.3796,28.7104],[48.3867,28.6751],[48.3662,28.6887],[48.3799,28.6677],[48.3527,28.6614],[48.3518,28.6405],[48.3867,28.654],[48.4053,28.5699],[48.4985,28.4929],[48.5078,28.4157],[48.499,28.3934],[48.4761,28.4008],[48.4688,28.3871],[48.5049,28.3896],[48.5239,28.4145],[48.5355,28.4076],[48.5178,28.3542],[48.5222,28.3188],[48.6184,28.2173],[48.6008,28.1478],[48.6548,28.0616],[48.6521,28.0461],[48.792,28.007],[48.7845,27.9892],[48.7468,27.9816],[48.7437,27.9613],[48.8147,27.9067],[48.8827,27.8267],[48.8745,27.7699],[48.8392,27.7286],[48.8576,27.8035],[48.8529,27.8179],[48.805,27.7565],[48.8255,27.8111],[48.8125,27.8286],[48.7788,27.7196],[48.7914,27.7149],[48.8113,27.7428],[48.8153,27.6876],[48.8392,27.7081],[48.8455,27.6671],[48.8581,27.6628],[48.8801,27.6876],[48.8771,27.6445],[48.8596,27.6404],[48.8733,27.6125],[48.849,27.6234],[48.8318,27.6125],[48.8708,27.6056],[48.9006,27.633],[48.9075,27.6187],[48.8911,27.5881],[48.8967,27.572],[48.9143,27.5715],[48.9153,27.6086],[48.9685,27.6203],[49.0542,27.5683],[49.064,27.5563],[49.0447,27.5442],[49.0589,27.5382],[49.0776,27.5465],[49.072,27.5578],[49.1063,27.5469],[49.1443,27.5442],[49.1785,27.5578],[49.2398,27.5451],[49.3053,27.4821],[49.3128,27.4486],[49.2927,27.4529],[49.2849,27.4753],[49.2639,27.4529],[49.2088,27.4581],[49.1819,27.4411],[49.1751,27.4583],[49.1577,27.4585],[49.1198,27.4411],[49.207,27.3952],[49.2402,27.4272],[49.2638,27.4139],[49.2297,27.3797],[49.2234,27.3313],[49.2788,27.3588],[49.3128,27.345],[49.3049,27.3255],[49.3226,27.2057],[49.3395,27.2078],[49.3452,27.1828],[49.3669,27.1942],[49.3709,27.2187],[49.4009,27.2078],[49.4071,27.2153],[49.4124,27.204],[49.3975,27.1626],[49.3669,27.1606],[49.3748,27.1491],[49.4071,27.1327],[49.4351,27.1668],[49.4319,27.1428],[49.5244,27.1327],[49.4891,27.1747],[49.5164,27.1884],[49.5449,27.1737],[49.5721,27.1942],[49.5586,27.1396],[49.5701,27.1041],[49.6125,27.072],[49.6995,26.9582],[49.8718,26.8625],[49.9421,26.8583],[49.973,26.8424],[50.0691,26.7286],[50.1585,26.6649],[50.1619,26.6392],[50.0925,26.6891],[50.0237,26.6995],[50.0064,26.7476],[49.9885,26.7244],[49.9832,26.6837],[50.0064,26.6486],[50.0037,26.5707],[50.0306,26.4946],[50.0583,26.4639],[50.1623,26.4271],[50.1916,26.4036],[50.2166,26.3239],[50.2122,26.1913],[50.1824,26.1601],[50.1741,26.1807],[50.1546,26.1662],[50.1584,26.1025],[50.1414,26.036],[50.1258,26.0465],[50.1133,26.1033],[50.0736,26.1315],[50.0657,26.1737],[50.0324,26.2011],[49.9758,26.1396],[50.0104,26.0769],[49.99,26.0605],[49.99,26.0018],[50.021,26.0045],[50.0241,26.036],[50.0646,26.0134],[50.0669,25.9963],[50.1013,25.9895],[50.1277,25.9404],[50.1078,25.9147],[50.1183,25.8679],[50.1619,25.7827],[50.2472,25.6794],[50.2575,25.6319],[50.2267,25.6872],[50.1447,25.7333],[50.1487,25.6999],[50.1824,25.6728],[50.1961,25.6872],[50.2341,25.6152],[50.348,25.4821],[50.3743,25.4612],[50.362,25.503],[50.3814,25.5129],[50.4102,25.4641],[50.4715,25.4372],[50.4909,25.3923],[50.4834,25.3854],[50.5204,25.3148],[50.5176,25.2449],[50.5491,25.1748],[50.5454,25.1186],[50.5622,25.0548],[50.5728,25.0429],[50.5804,25.0622],[50.6063,25.0427],[50.6616,24.98],[50.6814,24.9139],[50.7264,24.8817],[50.7373,24.7822],[50.7713,24.727],[50.8267,24.7487],[50.8528,24.77],[50.8596,24.7956],[50.8511,24.8908],[50.7966,25.0036],[50.8086,25.0692],[50.7757,25.0919],[50.7578,25.1862],[50.7658,25.3236],[50.751,25.4196],[50.7638,25.4824],[50.751,25.4947],[50.778,25.527],[50.7971,25.5299],[50.8205,25.4718],[50.8472,25.4674],[50.8279,25.5251],[50.8329,25.5785],[50.8185,25.5958],[50.785,25.6046],[50.7964,25.6173],[50.8369,25.6288],[50.8506,25.653],[50.8709,25.6393],[50.8687,25.5596],[50.8887,25.5295],[50.9007,25.5349],[50.9092,25.5977],[50.9206,25.6083],[50.9496,25.5977],[50.9776,25.6461],[50.9243,25.6323],[50.9032,25.6401],[50.8875,25.6809],[50.8949,25.7281],[50.9092,25.7451],[50.9017,25.7895],[50.9155,25.7864],[50.9329,25.8106],[50.9496,25.7753],[50.973,25.7975],[50.9707,25.8305],[50.9639,25.8237],[50.9494,25.838],[50.9773,25.9164],[50.9842,25.9813],[51.0047,25.967],[51.0474,26.053],[51.1419,26.0878],[51.1761,26.1396],[51.1943,26.1335],[51.2512,26.1601],[51.3469,26.1049],[51.3472,26.039],[51.3766,26.0229],[51.3884,25.967],[51.404,25.9541],[51.512,25.9461],[51.5703,25.8984],[51.5945,25.7582],[51.5835,25.7418],[51.5633,25.7629],[51.5446,25.7374],[51.555,25.7206],[51.574,25.7349],[51.5901,25.7119],[51.5768,25.6887],[51.5568,25.6816],[51.5529,25.7076],[51.5051,25.6872],[51.5471,25.6632],[51.5495,25.6312],[51.5051,25.612],[51.4914,25.6182],[51.4914,25.5493],[51.4719,25.5214],[51.5169,25.4402],[51.5188,25.2971],[51.59,25.2838],[51.6076,25.2551],[51.611,25.0224],[51.5869,24.9534],[51.5288,24.8744],[51.5003,24.8554],[51.4436,24.6798],[51.3815,24.6351],[51.3406,24.5699],[51.3289,24.5848],[51.3469,24.6351],[51.3391,24.6462],[51.286,24.645],[51.2781,24.663],[51.2126,24.6337],[51.2176,24.6177],[51.2688,24.6245],[51.2952,24.6026],[51.3064,24.6108],[51.2903,24.5785],[51.3024,24.5172],[51.3337,24.5321],[51.3879,24.5971],[51.3953,24.6313],[51.4439,24.6197],[51.4553,24.5942],[51.4983,24.5836],[51.4437,24.5548],[51.3953,24.4879],[51.3269,24.4361],[51.3064,24.406],[51.2997,24.3463],[51.2786,24.3405],[51.2822,24.303],[51.345,24.2978],[51.4129,24.3235],[51.479,24.3109],[51.5261,24.2683],[51.5693,24.2562],[51.5907,24.2844],[51.5916,24.3286],[51.574,24.3644],[51.5938,24.3849],[51.6238,24.3393],[51.6345,24.2269],[51.6487,24.2186],[51.6629,24.2328],[51.6726,24.2781],[51.7007,24.2219],[51.7236,24.2278],[51.7401,24.2775],[51.7588,24.2905],[51.7795,24.262],[51.7734,24.1532],[51.7878,24.0486],[51.8094,24.0007],[51.8936,23.9904],[51.9287,23.9647],[51.9391,23.9692],[51.9314,23.988],[52.0,23.9884],[52.0,22.0],[38.9326,22.0],[38.9327,22.0252],[38.9591,22.0344],[38.9862,22.0022],[39.0057,22.002],[39.0125,22.0543],[39.033,22.0722],[39.0444,22.1308],[39.0466,22.1511],[39.0261,22.1169],[39.0193,22.1316],[39.0404,22.2358],[39.0733,22.2711],[39.0835,22.3135],[39.1428,22.4032],[39.1276,22.4212],[39.1149,22.4186],[39.0948,22.3702],[39.0703,22.3658],[39.0815,22.5468],[38.9857,22.7243],[39.013,22.7668],[38.9455,22.8312],[38.9368,22.8264],[38.9647,22.7947],[38.9783,22.7537],[38.9709,22.7469],[38.9026,22.8432],[38.8512,22.9433],[38.8804,22.9285],[38.9129,22.862],[38.951,22.852],[38.9647,22.8704],[38.8939,22.9652],[38.8343,22.9865],[38.8142,22.9827],[38.7996,22.9987],[38.7791,23.0412],[38.8044,23.0792],[38.7983,23.1496],[38.7867,23.1546],[38.7776,23.1393],[38.6917,23.273],[38.6465,23.4007],[38.6289,23.5079],[38.6047,23.5354],[38.6002,23.5682],[38.5779,23.5566],[38.5599,23.5625],[38.5609,23.5457],[38.5955,23.5215],[38.562,23.5244],[38.5401,23.5432],[38.5392,23.5919],[38.4948,23.6446],[38.4526,23.784],[38.437,23.8021],[38.3996,23.8141],[38.3653,23.8704],[38.3191,23.8864],[38.2589,23.9448],[38.1854,23.9759],[38.0791,24.0704],[38.0457,24.0674],[37.9353,24.139],[37.9584,24.1621],[37.9831,24.1657],[37.9733,24.1747],[37.9395,24.1614],[37.9322,24.1742],[37.9479,24.207],[37.9126,24.1915],[37.9181,24.1496],[37.8656,24.1499],[37.7676,24.2214],[37.7587,24.2416],[37.6761,24.2912],[37.626,24.2814],[37.6284,24.248],[37.5858,24.2467],[37.5457,24.2744],[37.5227,24.2677],[37.4294,24.3673],[37.418,24.401],[37.4279,24.4211],[37.455,24.4069],[37.4567,24.4412],[37.2285,24.7377],[37.2271,24.7995],[37.1963,24.7896],[37.1787,24.7994],[37.1486,24.851],[37.2189,24.8466],[37.2566,24.8712],[37.2581,24.9218],[37.28,24.9641],[37.2515,25.0526],[37.2578,25.1115],[37.2422,25.1753],[37.1053,25.3222],[37.0864,25.3854],[37.0598,25.4196],[37.0774,25.4311],[37.0182,25.4947],[36.9363,25.6461],[36.8816,25.6728],[36.8174,25.758],[36.7957,25.7595],[36.804,25.7268],[36.7922,25.7206],[36.7249,25.7539],[36.7023,25.78],[36.6939,25.8229],[36.6756,25.8305],[36.6621,25.8791],[36.7058,25.9438],[36.6961,26.0223],[36.6406,26.0602],[36.5366,26.0824],[36.5127,26.111],[36.4492,26.2469],[36.3828,26.3345],[36.3089,26.4982],[36.2298,26.6256],[36.0977,26.754],[36.032,26.9068],[36.0139,26.9023],[35.9119,26.9996],[35.8031,27.1421],[35.8128,27.1911],[35.784,27.2355],[35.7,27.3248],[35.6404,27.3635],[35.5596,27.4556],[35.5105,27.5442],[35.5003,27.6193],[35.4408,27.6903],[35.3944,27.777],[35.3513,27.8014],[35.3228,27.8763],[35.2456,27.9623],[35.1636,28.0093],[35.2269,28.0331],[35.2163,28.0544],[35.1618,28.0582],[35.0519,28.1196],[35.0197,28.1135],[35.0308,28.0991],[34.9979,28.1142],[34.9277,28.0786],[34.8602,28.0854],[34.8464,28.0712],[34.8426,28.0998],[34.8662,28.1128],[34.8368,28.1163],[34.8049,28.0712],[34.7918,28.0786],[34.8191,28.0991],[34.8191,28.1128],[34.7937,28.1111],[34.7844,28.0929],[34.7708,28.0929],[34.7708,28.1059],[34.757,28.0991],[34.7274,28.1121],[34.7092,28.1401],[34.695,28.1265],[34.682,28.1352],[34.6746,28.1128],[34.6471,28.0991],[34.6683,28.0712],[34.6471,28.0712],[34.635,28.0333],[34.613,28.0302],[34.6205,28.0377],[34.6062,28.096],[34.5744,28.0941],[34.5728,28.1128],[34.6267,28.1605],[34.6271,28.1767],[34.6577,28.1706],[34.6496,28.2009],[34.6683,28.209],[34.6746,28.2705],[34.6887,28.2636],[34.6887,28.2773],[34.6746,28.2772],[34.715,28.3275],[34.7411,28.4106],[34.8038,28.5271],[34.7785,28.6645],[34.8386,28.8286],[34.842,28.8896],[34.8254,28.9004],[34.8563,28.9638],[34.8638,29.0063],[34.8526,29.0451],[34.8735,29.0853],[34.9094,29.2307],[34.9421,29.2505],[34.9326,29.2893],[34.9364,29.3039],[34.9556,29.3051],[34.9453,29.3369],[34.9624,29.3598],[34.969,29.4508],[34.9968,29.5339],[34.9556,29.559],[34.9108,29.4899],[34.8867,29.4901],[34.8597,29.4722],[34.8254,29.4286],[34.8328,29.4211],[34.8191,29.4007],[34.8052,29.3964],[34.8123,29.3876],[34.7366,29.3113],[34.7453,29.2913],[34.729,29.2505],[34.729,29.1989],[34.695,29.1645],[34.6746,29.1065],[34.6857,28.9887],[34.6467,28.9674],[34.6403,28.9488],[34.6471,28.8629],[34.6205,28.8459],[34.6205,28.7906],[34.6335,28.7707],[34.6245,28.736],[34.5106,28.538],[34.5236,28.5073],[34.469,28.4554],[34.4753,28.4479],[34.4543,28.4289],[34.4412,28.3735],[34.4069,28.308],[34.4206,28.2562],[34.4129,28.2331],[34.4553,28.1749],[34.4268,28.0815],[34.444,28.0535],[34.4274,27.9831],[34.4349,27.9756],[34.4007,27.9687],[34.3709,27.9237],[34.3313,27.9141],[34.3387,27.9067],[34.321,27.8613],[34.3113,27.852],[34.2795,27.8583],[34.2635,27.8248],[34.2717,27.8124],[34.2591,27.8017],[34.2141,27.7915],[34.2212,27.7698],[34.2573,27.7695],[34.2498,27.7565],[34.2635,27.736],[34.2498,27.7428],[34.2498,27.7286],[34.1898,27.7868],[34.0785,27.8007],[34.0545,27.8145],[33.9876,27.8867],[33.904,27.9418],[33.8794,27.9346],[33.8656,27.9613],[33.8589,27.9551],[33.7937,28.0131],[33.7634,28.024],[33.7639,28.049],[33.716,28.0753],[33.7155,28.0929],[33.6725,28.146],[33.6746,28.1605],[33.6348,28.1813],[33.6182,28.2333],[33.5647,28.2971],[33.4339,28.3664],[33.3692,28.4479],[33.3052,28.4897],[33.2562,28.5441],[33.2698,28.5441],[33.2629,28.5771],[33.2461,28.5795],[33.2376,28.5661],[33.2562,28.5516],[33.2287,28.5694],[33.219,28.628],[33.1948,28.6751],[33.2283,28.7639],[33.1746,28.837],[33.1673,28.9004],[33.1776,28.9184],[33.1659,28.9761],[33.1779,28.9896],[33.145,29.0317],[33.1265,29.0314],[33.0786,29.0649],[33.0612,29.1014],[32.9579,29.2021],[32.8856,29.2431],[32.8683,29.2974],[32.8394,29.3162],[32.8174,29.3598],[32.8172,29.414],[32.7415,29.456],[32.7285,29.4696],[32.7347,29.4838],[32.7214,29.4675],[32.7285,29.456],[32.715,29.456],[32.7241,29.5395],[32.7124,29.5805],[32.6808,29.5999],[32.6907,29.7336],[32.6484,29.7946],[32.6045,29.8242],[32.6255,29.8463],[32.6253,29.8743],[32.5715,29.9289],[32.5855,29.9525],[32.5616,29.9764],[32.5778,29.9835],[32.5778,30.0114],[32.5575,29.9765],[32.5715,29.9426],[32.554,29.9621],[32.5134,29.9616],[32.4769,29.9322],[32.4729,29.882],[32.5095,29.8668],[32.3928,29.7344],[32.3639,29.6882],[32.3574,29.6306],[32.3377,29.5925],[32.3877,29.5256],[32.5286,29.4237],[32.5915,29.3495],[32.6323,29.2431],[32.6287,29.2189],[32.6589,29.1108],[32.6597,29.0891],[32.6247,29.0482],[32.6255,28.9727],[32.6733,28.9215],[32.6808,28.8806],[32.7492,28.8048],[32.7845,28.7994],[32.8069,28.7781],[32.8689,28.5789],[32.9273,28.5516],[32.9729,28.4998],[33.0029,28.4895],[33.0508,28.4069],[33.0432,28.4008],[33.1067,28.3471],[33.1053,28.3256],[33.1265,28.2875],[33.2122,28.1899],[33.242,28.1749],[33.2494,28.1429],[33.2832,28.1324],[33.3381,28.0854],[33.3436,28.0506],[33.4417,28.0165],[33.5125,27.9591],[33.5544,27.8965],[33.5921,27.7912],[33.5715,27.7912],[33.5601,27.8134],[33.4889,27.8459],[33.4735,27.8232],[33.5227,27.7519],[33.5579,27.7599],[33.5368,27.7081],[33.575,27.6814],[33.5921,27.6466],[33.5579,27.6814],[33.5579,27.6597],[33.5442,27.6792],[33.5265,27.6776],[33.4963,27.6466],[33.5197,27.6358],[33.5647,27.5715],[33.5579,27.5368],[33.633,27.4958],[33.6404,27.4548],[33.6712,27.4204],[33.6917,27.3419],[33.8384,27.2426],[33.8384,27.1942],[33.8247,27.1805],[33.8368,27.1208],[33.9014,27.0587],[33.9009,27.0142],[33.9517,26.931],[33.9961,26.8966],[33.9961,26.8379],[33.9596,26.8498],[33.9483,26.831],[33.9519,26.7434],[33.9321,26.6826],[33.9414,26.6535],[34.014,26.6116],[34.3387,26.0018],[34.5466,25.725],[34.6335,25.5694],[34.6819,25.4287],[34.7433,25.3513],[34.8069,25.2116],[34.9391,25.0034],[34.9537,24.9441],[34.9898,24.905],[35.0022,24.8156],[35.0635,24.7641],[35.1095,24.6438],[35.1603,24.5746],[35.1446,24.5002],[35.1857,24.4857],[35.2355,24.4001],[35.3919,24.2828],[35.4286,24.186],[35.4938,24.1089],[35.5105,24.1112],[35.4938,24.139],[35.5039,24.1405],[35.5884,24.0758],[35.6053,24.0188],[35.6356,24.0019],[35.6668,24.0073],[35.7386,23.9833],[35.7925,23.9023],[35.7858,23.893],[35.7504,23.9324],[35.6845,23.9109],[35.5985,23.9294],[35.5139,23.9771],[35.4839,23.9178],[35.4907,23.87],[35.4748,23.7979],[35.4832,23.7725],[35.5101,23.7564],[35.5037,23.5556],[35.4894,23.497],[35.5475,23.394],[35.5747,23.2126],[35.6546,23.0738],[35.6751,22.9666],[35.7371,22.884],[35.7637,22.8704],[35.7234,22.9319],[35.7557,22.9223],[35.7849,22.8332],[35.886,22.7357],[35.9695,22.698],[36.1206,22.6757],[36.2261,22.6354],[36.2905,22.5682],[36.3134,22.4916],[36.3745,22.4453],[36.4048,22.4329],[36.4069,22.4486],[36.4281,22.426],[36.4228,22.3976],[36.4398,22.3564],[36.5628,22.2967],[36.7137,22.1691],[36.7476,22.161],[36.7568,22.1769],[36.7822,22.1645],[36.8182,22.1088],[36.8954,22.0661],[36.8984,22.0175],[36.8865,22.0],[10.0,22.0],[10.0,37.2482],[10.0513,37.2666]]],[[[34.8744,45.9261],[35.0444,45.6701],[35.3322,45.3712],[35.4807,45.2978],[35.5178,45.2955],[35.716,45.3406],[35.7433,45.3611],[35.7529,45.3864],[35.7884,45.4075],[35.804,45.4492],[35.8333,45.4709],[35.8577,45.4694],[35.854,45.414],[35.986,45.3627],[36.0223,45.3681],[36.0689,45.43],[36.1179,45.4571],[36.2525,45.4615],[36.284,45.4766],[36.3074,45.4609],[36.2988,45.443],[36.3405,45.4573],[36.4118,45.4362],[36.4906,45.443],[36.533,45.4089],[36.5833,45.4274],[36.6135,45.4089],[36.6384,45.3513],[36.5862,45.3338],[36.5025,45.3469],[36.4844,45.3164],[36.4972,45.3007],[36.4906,45.2922],[36.4373,45.272],[36.418,45.2299],[36.4089,45.1495],[36.4148,45.1284],[36.4553,45.0916],[36.4401,45.0675],[36.3678,45.0488],[36.2678,45.0437],[36.2443,45.011],[36.2246,45.0075],[36.0479,45.0488],[35.9934,44.998],[35.848,44.9924],[35.8278,44.9992],[35.7832,45.0575],[35.7064,45.0947],[35.5906,45.1199],[35.5062,45.1135],[35.4081,45.0625],[35.4006,45.0246],[35.4354,45.0048],[35.374,44.998],[35.3622,44.9866],[35.3672,44.9433],[35.3193,44.97],[35.2982,44.9564],[35.2732,44.967],[35.256,44.9587],[35.2151,44.9144],[35.1543,44.9011],[35.0808,44.7938],[35.0376,44.7988],[35.0057,44.8352],[34.9525,44.8415],[34.8899,44.8181],[34.757,44.8205],[34.613,44.7652],[34.5,44.7426],[34.4753,44.7236],[34.469,44.7298],[34.4143,44.6738],[34.3313,44.5455],[34.271,44.5455],[34.2429,44.5075],[34.1825,44.4928],[34.1475,44.4499],[34.1026,44.4251],[33.9378,44.381],[33.8521,44.4015],[33.7412,44.3959],[33.6454,44.4251],[33.5784,44.4971],[33.5176,44.4905],[33.3723,44.5765],[33.3711,44.5884],[33.4359,44.6053],[33.5715,44.6206],[33.5163,44.6343],[33.5483,44.6987],[33.5163,44.7851],[33.5596,44.8498],[33.6092,44.8717],[33.6196,44.9315],[33.5625,45.0939],[33.5374,45.1174],[33.3965,45.1898],[33.2596,45.1561],[33.2401,45.1796],[33.1736,45.1966],[33.0786,45.2717],[32.8993,45.3542],[32.7285,45.3611],[32.6631,45.3201],[32.5915,45.3201],[32.5129,45.3406],[32.4816,45.4089],[32.5252,45.4582],[32.6436,45.5217],[32.7048,45.5311],[32.7578,45.5646],[32.8279,45.5624],[32.827,45.5955],[32.8682,45.6301],[33.1761,45.7431],[33.181,45.7552],[33.1592,45.7685],[33.1692,45.7844],[33.2302,45.7509],[33.2654,45.7538],[33.4822,45.8545],[33.5301,45.8419],[33.6199,45.8818],[33.6589,45.8593],[33.6917,45.8607],[33.6935,45.9145],[33.777,45.9296],[33.6825,45.9584],[33.632,45.9444],[33.6199,45.9508],[33.6468,45.9797],[33.633,46.0],[34.8526,46.0],[34.8744,45.9261]]],[[[30.3713,45.998],[30.2614,45.8955],[30.1384,45.8198],[30.1275,45.8913],[30.1106,45.8751],[30.0946,45.8148],[30.0612,45.8135],[29.9907,45.8471],[29.9685,45.8389],[29.9529,45.772],[29.9324,45.7924],[29.9391,45.8105],[29.9263,45.8138],[29.9177,45.7829],[29.9393,45.7515],[29.9324,45.7242],[29.8877,45.7651],[29.874,45.7515],[29.8024,45.7375],[29.8032,45.7042],[29.865,45.6723],[29.8096,45.6486],[29.7891,45.6553],[29.7891,45.6354],[29.7337,45.6143],[29.724,45.6674],[29.6826,45.6968],[29.6792,45.7515],[29.6939,45.7813],[29.6428,45.8272],[29.6336,45.8214],[29.6519,45.789],[29.6239,45.7515],[29.6375,45.7099],[29.6032,45.6913],[29.5897,45.5591],[29.6484,45.5454],[29.707,45.5733],[29.6057,45.4782],[29.6408,45.4418],[29.6519,45.443],[29.656,45.4742],[29.6724,45.4771],[29.6753,45.4496],[29.7022,45.4566],[29.7132,45.4362],[29.7323,45.4757],[29.7474,45.4634],[29.7559,45.4279],[29.7478,45.4143],[29.7277,45.4157],[29.7502,45.3858],[29.7562,45.3212],[29.7297,45.2377],[29.6924,45.2167],[29.6239,45.2165],[29.667,45.1642],[29.6996,45.1618],[29.6644,45.1169],[29.6563,45.029],[29.6239,44.9291],[29.6304,44.9077],[29.6052,44.88],[29.6178,44.8615],[29.6112,44.8493],[29.5618,44.8203],[29.542,44.8278],[29.1561,44.7844],[29.0558,44.7352],[29.0007,44.6889],[28.9749,44.7449],[29.0982,44.7754],[29.1387,44.804],[29.1388,44.8392],[29.0964,44.8751],[29.1038,44.8403],[29.0603,44.8323],[29.0441,44.8655],[29.0418,44.9257],[29.0521,44.9446],[29.1106,44.97],[29.0583,45.001],[28.9832,45.0123],[28.9602,44.9877],[28.9168,44.9797],[28.8694,44.9433],[28.8635,44.9223],[28.8766,44.9049],[28.8665,44.8826],[28.9524,44.8266],[28.925,44.8131],[28.9387,44.8062],[28.9255,44.7837],[28.9461,44.7652],[28.8688,44.7536],[28.7983,44.7202],[28.7871,44.6933],[28.8084,44.6964],[28.7854,44.6797],[28.784,44.6492],[28.8695,44.6618],[28.912,44.6964],[28.8977,44.7168],[28.9675,44.701],[28.9876,44.6753],[28.9621,44.6394],[28.9387,44.6343],[28.9754,44.6868],[28.9524,44.6964],[28.9578,44.6788],[28.9182,44.6827],[28.8542,44.6343],[28.7742,44.6008],[28.7947,44.6343],[28.7578,44.6268],[28.7644,44.5959],[28.7879,44.5865],[28.7327,44.5679],[28.7327,44.5523],[28.7469,44.566],[28.7742,44.5523],[28.7456,44.4862],[28.7585,44.4653],[28.7783,44.5074],[28.8556,44.5677],[28.9063,44.5877],[28.925,44.6206],[28.9097,44.5842],[28.844,44.4937],[28.7967,44.4679],[28.7066,44.381],[28.6931,44.3461],[28.6644,44.3484],[28.6351,44.3164],[28.631,44.2644],[28.6717,44.1687],[28.6458,44.172],[28.6309,44.1545],[28.6717,43.9974],[28.5845,43.8008],[28.5731,43.6061],[28.6035,43.5382],[28.5785,43.4808],[28.5603,43.4538],[28.4793,43.3968],[28.4732,43.3668],[28.3938,43.4143],[28.3216,43.4283],[28.2432,43.4078],[28.1572,43.4078],[28.0916,43.364],[28.0176,43.2327],[27.904,43.2023],[27.9456,43.1688],[27.9114,43.0652],[27.8836,43.031],[27.904,42.9423],[27.904,42.8597],[27.884,42.8484],[27.8971,42.784],[27.8923,42.7105],[27.7327,42.7145],[27.717,42.6745],[27.7395,42.6611],[27.6284,42.629],[27.6502,42.5581],[27.5409,42.5655],[27.5115,42.553],[27.4802,42.4829],[27.4623,42.4896],[27.4529,42.4801],[27.4657,42.4283],[27.4727,42.4619],[27.5142,42.4351],[27.5444,42.46],[27.562,42.4482],[27.5711,42.4585],[27.5956,42.4482],[27.6433,42.4556],[27.6365,42.4482],[27.6522,42.4185],[27.6917,42.4283],[27.6991,42.4139],[27.719,42.4147],[27.698,42.4004],[27.719,42.3867],[27.7083,42.3631],[27.7258,42.3389],[27.7804,42.3389],[27.7744,42.3217],[27.7879,42.311],[27.7511,42.277],[27.7559,42.2585],[27.8562,42.1813],[27.8494,42.1671],[27.8791,42.1542],[27.904,42.1198],[27.9866,42.0721],[27.9873,42.0517],[28.007,42.0379],[28.0002,42.0305],[28.0191,42.0085],[28.0138,41.9827],[28.0309,41.9138],[28.0466,41.8971],[28.0358,41.8859],[27.9776,41.8874],[27.9661,41.8489],[27.972,41.8223],[28.0884,41.6769],[28.0759,41.6605],[28.0972,41.6267],[28.1777,41.5582],[28.2328,41.519],[28.3843,41.4475],[28.9085,41.2665],[29.0243,41.2428],[29.0452,41.2564],[29.0687,41.2537],[29.1092,41.2353],[29.0868,41.1919],[29.0408,41.1643],[29.0706,41.1302],[29.0422,41.0664],[28.9895,41.0311],[28.9865,41.0026],[28.9461,41.0095],[28.822,40.9616],[28.7702,40.9793],[28.6253,40.9684],[28.5952,40.978],[28.6035,41.0095],[28.5755,41.0237],[28.5825,41.0464],[28.5519,41.0805],[28.5278,41.0851],[28.5625,41.0368],[28.5603,41.0123],[28.5414,40.9896],[28.5125,40.9927],[28.4353,41.0429],[28.264,41.0709],[28.2367,41.0851],[28.1653,41.0851],[28.013,41.0407],[27.9866,41.0237],[27.9592,40.9753],[27.9413,40.9711],[27.8607,40.9785],[27.8153,41.0026],[27.7378,41.0126],[27.5242,40.9892],[27.4932,40.9753],[27.4717,40.9418],[27.4465,40.8617],[27.4248,40.8313],[27.3308,40.761],[27.2879,40.7036],[27.1777,40.6326],[27.1152,40.6137],[27.0475,40.6122],[26.9898,40.5638],[26.9116,40.5507],[26.8211,40.5031],[26.7595,40.4962],[26.6834,40.4555],[26.6743,40.4257],[26.6315,40.4001],[26.6016,40.3461],[26.5397,40.3037],[26.4972,40.2899],[26.4265,40.2303],[26.3456,40.1998],[26.3758,40.1535],[26.2429,40.0708],[26.1776,40.0507],[26.1575,40.0553],[26.16,40.0672],[26.2598,40.1945],[26.272,40.2304],[26.2669,40.2578],[26.2181,40.2969],[26.2318,40.3101],[26.21,40.3219],[26.2191,40.3314],[26.3211,40.3652],[26.3361,40.3853],[26.4328,40.4398],[26.4917,40.4565],[26.5645,40.4995],[26.6229,40.5153],[26.6698,40.5108],[26.7328,40.5638],[26.7562,40.5548],[26.7883,40.5629],[26.8289,40.602],[26.7904,40.6606],[26.6092,40.6395],[26.5056,40.5986],[26.4447,40.619],[26.3998,40.6042],[26.3731,40.6144],[26.3026,40.6011],[26.0913,40.6054],[26.0769,40.6118],[26.0537,40.6606],[26.0581,40.6977],[26.0332,40.7351],[26.0469,40.7425],[26.0274,40.7961],[26.0059,40.8039],[26.0537,40.8162],[26.054,40.831],[26.0122,40.8244],[25.9984,40.8388],[25.9984,40.817],[25.9186,40.853],[25.7322,40.8518],[25.6045,40.8762],[25.5378,40.8704],[25.4868,40.8971],[25.4197,40.9064],[25.2997,40.9519],[25.2661,40.9269],[25.1807,40.9427],[25.134,40.9629],[25.1401,40.9836],[25.1699,40.9958],[25.1384,41.0101],[25.0391,41.006],[25.0396,40.9896],[24.9917,40.9685],[24.999,40.9499],[24.9898,40.9421],[24.8921,40.9206],[24.802,40.8535],[24.7658,40.8654],[24.7088,40.8518],[24.6628,40.8797],[24.6287,40.8586],[24.5667,40.9517],[24.5051,40.9616],[24.4641,40.9411],[24.4155,40.9455],[24.3127,40.8797],[24.3313,40.855],[24.3057,40.8417],[24.3407,40.8313],[24.1101,40.7279],[23.9863,40.7322],[23.8421,40.7834],[23.7317,40.7519],[23.697,40.7214],[23.6917,40.6954],[23.718,40.6587],[23.7556,40.6457],[23.7927,40.588],[23.8467,40.5603],[23.8888,40.5638],[23.9149,40.5389],[23.9072,40.5254],[23.8382,40.5187],[23.823,40.507],[23.8267,40.4614],[23.8682,40.4135],[23.9639,40.3795],[24.0025,40.3864],[24.0116,40.4018],[23.9912,40.4477],[24.0114,40.4492],[24.0858,40.366],[24.1799,40.3515],[24.2039,40.3174],[24.2334,40.3169],[24.3833,40.1791],[24.3938,40.1525],[24.3611,40.1324],[24.3,40.1281],[24.2861,40.1605],[24.2383,40.187],[24.169,40.2753],[24.0192,40.3105],[23.9365,40.3652],[23.8335,40.372],[23.7596,40.3492],[23.7305,40.359],[23.6936,40.3092],[23.7163,40.2553],[23.7577,40.2317],[23.7786,40.2027],[23.8967,40.1713],[23.9912,40.1187],[23.9776,40.0908],[24.0049,40.0672],[23.9842,40.0536],[23.9868,40.0422],[24.0117,40.0436],[24.0192,40.0163],[23.988,39.99],[23.9987,39.9748],[23.9699,39.9681],[23.9912,39.9536],[23.94,39.9525],[23.9197,39.9564],[23.9229,39.9748],[23.9006,39.9712],[23.9025,39.9884],[23.8449,40.0241],[23.8241,40.0219],[23.8267,40.0089],[23.7852,40.0672],[23.7933,40.0938],[23.6755,40.2179],[23.6418,40.2354],[23.5403,40.2448],[23.4385,40.2792],[23.365,40.2617],[23.3401,40.228],[23.3377,40.2084],[23.3636,40.1505],[23.4006,40.144],[23.4989,40.0423],[23.6027,39.9985],[23.6703,39.9861],[23.6973,39.9405],[23.7479,39.9305],[23.7031,39.9127],[23.6165,39.9233],[23.471,39.9716],[23.3606,39.9611],[23.3816,40.0027],[23.3527,40.0571],[23.3059,40.1045],[23.3246,40.175],[23.3186,40.2105],[23.2991,40.2354],[23.1489,40.2764],[23.0291,40.3258],[23.0109,40.3512],[22.9639,40.3795],[22.8882,40.3863],[22.8977,40.402],[22.8897,40.4184],[22.8216,40.5021],[22.9416,40.5172],[22.9832,40.5527],[22.9769,40.5706],[22.9417,40.5873],[22.9496,40.6054],[22.9105,40.6446],[22.854,40.6395],[22.8611,40.6206],[22.8506,40.5934],[22.8159,40.5706],[22.7783,40.5781],[22.7586,40.5678],[22.7425,40.5404],[22.7503,40.5228],[22.7367,40.5296],[22.7367,40.5153],[22.7232,40.5228],[22.7109,40.5116],[22.6735,40.5268],[22.6563,40.5045],[22.6753,40.4962],[22.6597,40.4929],[22.6507,40.4728],[22.6029,40.4813],[22.5791,40.4682],[22.6038,40.444],[22.6065,40.4136],[22.6611,40.369],[22.6206,40.3105],[22.5525,40.1666],[22.5713,40.0543],[22.6003,40.0163],[22.7079,39.9614],[22.7305,39.8854],[22.8011,39.8403],[22.8503,39.7905],[22.8718,39.7158],[22.9395,39.5806],[23.0974,39.5018],[23.1257,39.4544],[23.2713,39.3229],[23.3438,39.1796],[23.3013,39.1514],[23.2097,39.1318],[23.2302,39.1181],[23.2036,39.1046],[23.1692,39.1066],[23.1155,39.0883],[23.052,39.0977],[23.0811,39.1472],[23.1141,39.1591],[23.1006,39.1046],[23.1717,39.135],[23.1813,39.1587],[23.1992,39.1514],[23.2171,39.1796],[23.1755,39.2343],[23.1691,39.2685],[23.1346,39.2969],[23.0982,39.3122],[23.0205,39.3175],[22.9981,39.3571],[22.9359,39.3606],[22.9429,39.3441],[22.929,39.3242],[22.9429,39.3032],[22.8425,39.2885],[22.8262,39.2722],[22.8262,39.2213],[22.854,39.1591],[22.8809,39.1796],[22.877,39.1904],[22.895,39.1728],[22.9019,39.1796],[22.9206,39.1251],[22.936,39.1114],[22.936,39.1318],[22.9611,39.119],[22.9981,39.0698],[22.9981,39.0493],[22.9588,39.0251],[22.9639,39.009],[23.0425,39.0401],[23.0731,39.0363],[23.0233,39.0085],[22.9845,38.9543],[22.936,38.9468],[22.9429,38.9326],[22.8984,38.9196],[22.8465,38.9264],[22.8367,38.8965],[22.792,38.878],[22.7327,38.8724],[22.7183,38.8898],[22.689,38.878],[22.6216,38.9145],[22.5388,38.878],[22.5251,38.8854],[22.5251,38.8581],[22.5729,38.8643],[22.5539,38.8481],[22.5828,38.832],[22.6003,38.8445],[22.5934,38.8302],[22.6411,38.8302],[22.7026,38.8507],[22.7783,38.7817],[22.8293,38.7861],[22.8672,38.7551],[22.9149,38.7756],[22.9453,38.7581],[23.042,38.7467],[23.1045,38.6384],[23.1825,38.6538],[23.1961,38.6663],[23.1681,38.6794],[23.1868,38.686],[23.3059,38.6527],[23.3312,38.6303],[23.3333,38.6042],[23.2933,38.5791],[23.2854,38.5565],[23.3074,38.5685],[23.3816,38.5353],[23.3401,38.5224],[23.335,38.5036],[23.5194,38.4907],[23.543,38.5117],[23.5672,38.5011],[23.6013,38.4739],[23.5735,38.4534],[23.5962,38.4468],[23.594,38.4261],[23.625,38.414],[23.6729,38.3564],[23.71,38.3367],[23.782,38.3436],[23.951,38.2909],[24.069,38.2047],[24.0695,38.1735],[24.0806,38.166],[24.0641,38.1551],[24.0594,38.1313],[24.0532,38.1452],[24.0378,38.1437],[23.989,38.1226],[24.0091,38.0406],[24.0327,38.0078],[24.0117,37.9669],[24.0117,37.9252],[24.0344,37.9229],[24.0464,37.906],[24.0117,37.8918],[24.0669,37.8644],[24.0669,37.8371],[24.0532,37.8228],[24.077,37.8111],[24.0874,37.7852],[24.0819,37.7525],[24.0594,37.7335],[24.0731,37.7272],[24.0594,37.7198],[24.0721,37.6895],[24.0327,37.6515],[23.9497,37.6774],[23.9434,37.7272],[23.9227,37.7212],[23.9025,37.7819],[23.8888,37.7744],[23.8656,37.8077],[23.813,37.8297],[23.8073,37.8086],[23.779,37.8023],[23.7645,37.816],[23.7664,37.8389],[23.697,37.9395],[23.6281,37.9327],[23.6418,37.9525],[23.6266,37.9475],[23.5608,37.9728],[23.553,37.9805],[23.5979,38.0211],[23.5746,38.0468],[23.45,38.0214],[23.3953,37.9879],[23.4295,37.9805],[23.4089,37.9743],[23.2268,37.9736],[23.0941,37.911],[23.0151,37.9252],[22.9951,37.8821],[23.0125,37.8476],[23.0735,37.8411],[23.1141,37.8508],[23.1824,37.8091],[23.1824,37.7744],[23.1282,37.7605],[23.1209,37.7409],[23.1755,37.7198],[23.1638,37.6816],[23.1755,37.6447],[23.1619,37.6447],[23.1686,37.6142],[23.3367,37.5355],[23.3604,37.5477],[23.3591,37.5743],[23.3122,37.6174],[23.3478,37.6344],[23.3987,37.6379],[23.409,37.6259],[23.4043,37.5993],[23.3743,37.5559],[23.422,37.528],[23.3953,37.515],[23.4792,37.4907],[23.5256,37.4597],[23.5256,37.4392],[23.4465,37.4146],[23.2627,37.401],[23.2644,37.3908],[23.2302,37.3846],[23.23,37.3749],[23.2576,37.3709],[23.2513,37.3573],[23.278,37.3498],[23.186,37.3406],[23.2036,37.3027],[23.1686,37.2995],[23.1414,37.3095],[23.1619,37.3231],[23.1234,37.3248],[23.1141,37.3362],[23.1346,37.3293],[23.1224,37.3457],[23.0731,37.3552],[23.0726,37.4011],[23.095,37.3896],[23.1141,37.4256],[23.1414,37.4119],[23.132,37.4486],[23.0972,37.4622],[23.0459,37.4597],[23.0594,37.4665],[23.0459,37.487],[23.0049,37.4597],[22.9807,37.5088],[22.9216,37.5404],[22.9019,37.5417],[22.9224,37.528],[22.885,37.5331],[22.854,37.515],[22.8193,37.5355],[22.8262,37.5491],[22.802,37.5609],[22.7783,37.5969],[22.7264,37.5664],[22.7305,37.4945],[22.7648,37.4318],[22.758,37.3983],[22.8193,37.3437],[22.8193,37.3164],[22.9066,37.1939],[22.895,37.1339],[22.9032,37.1213],[22.9564,37.124],[22.9564,37.0959],[22.9817,37.0827],[22.9639,37.083],[22.9998,37.0333],[23.0117,36.9868],[22.9907,36.9868],[23.0049,36.9669],[23.0117,36.9731],[23.0117,36.9389],[23.0459,36.8691],[23.0933,36.8183],[23.0806,36.7888],[23.1141,36.7813],[23.0886,36.7329],[23.052,36.7471],[23.0309,36.7256],[23.0322,36.6926],[23.0594,36.6926],[23.0344,36.6749],[23.0357,36.6491],[23.0806,36.5793],[23.155,36.5411],[23.1414,36.5342],[23.1482,36.5172],[23.1346,36.5076],[23.2036,36.4561],[23.1961,36.4325],[23.1619,36.4462],[23.1393,36.4341],[23.0947,36.4432],[23.0663,36.4735],[23.0721,36.4931],[23.051,36.5224],[22.9724,36.5202],[22.9292,36.5963],[22.8747,36.6305],[22.8889,36.6425],[22.8843,36.6542],[22.8372,36.6865],[22.815,36.6706],[22.8171,36.718],[22.7869,36.7934],[22.6856,36.8095],[22.6226,36.8035],[22.5774,36.783],[22.5791,36.7404],[22.5462,36.7214],[22.5251,36.6851],[22.5498,36.6783],[22.5525,36.6509],[22.5339,36.6706],[22.5168,36.6662],[22.51,36.648],[22.531,36.6328],[22.5261,36.6124],[22.5127,36.6028],[22.5046,36.6243],[22.4841,36.6066],[22.4866,36.5251],[22.5115,36.4666],[22.4939,36.4348],[22.5046,36.4045],[22.491,36.3909],[22.4699,36.4523],[22.4084,36.4871],[22.3814,36.4805],[22.3545,36.5119],[22.3674,36.5479],[22.3836,36.5442],[22.3882,36.5561],[22.3737,36.5827],[22.388,36.6025],[22.3674,36.6025],[22.3713,36.6427],[22.388,36.6441],[22.3684,36.6565],[22.388,36.7062],[22.3586,36.7021],[22.3054,36.7751],[22.2917,36.8201],[22.2215,36.8975],[22.2002,36.9064],[22.1751,36.8912],[22.1379,36.9171],[22.1532,37.0212],[22.0481,37.0351],[21.9431,36.9933],[21.9217,36.8632],[21.9349,36.8342],[21.9286,36.8223],[21.9702,36.795],[21.9451,36.7899],[21.9359,36.766],[21.8826,36.7265],[21.8228,36.8086],[21.7642,36.795],[21.7225,36.8223],[21.7074,36.818],[21.6885,36.8496],[21.6885,36.8912],[21.71,36.9427],[21.6882,36.9645],[21.668,36.9594],[21.6817,36.9731],[21.6618,36.9594],[21.6548,36.9947],[21.5786,37.0767],[21.5697,37.1162],[21.5744,37.1924],[21.5921,37.2202],[21.6823,37.2839],[21.6958,37.3164],[21.6748,37.396],[21.6071,37.4995],[21.55,37.5615],[21.443,37.6186],[21.4022,37.6554],[21.3433,37.6693],[21.3237,37.6649],[21.3123,37.6379],[21.2987,37.6726],[21.3119,37.7263],[21.2849,37.7851],[21.1221,37.8374],[21.1062,37.8781],[21.1336,37.9464],[21.1644,37.9296],[21.2078,37.946],[21.2775,38.001],[21.2915,37.9972],[21.3259,38.0214],[21.3185,38.0351],[21.2844,38.0153],[21.367,38.1211],[21.3743,38.2206],[21.4085,38.1859],[21.4009,38.2148],[21.474,38.196],[21.5239,38.166],[21.6223,38.1548],[21.7013,38.2053],[21.7642,38.2958],[21.8495,38.3413],[21.9559,38.3367],[22.0204,38.3132],[22.0488,38.2748],[22.0894,38.2617],[22.1136,38.2678],[22.1433,38.2491],[22.1614,38.2132],[22.2185,38.1882],[22.3128,38.1723],[22.3312,38.1789],[22.4148,38.1379],[22.5115,38.1293],[22.6804,38.0666],[22.7783,38.001],[22.7964,37.9768],[22.8672,37.9395],[22.9463,37.9462],[22.9754,37.979],[22.9509,38.0024],[22.8809,38.0289],[22.8875,38.0336],[22.854,38.0351],[22.8755,38.0493],[22.9429,38.0835],[23.0686,38.0589],[23.1729,38.0795],[23.2166,38.1033],[23.1755,38.1313],[23.1755,38.145],[23.2234,38.1592],[23.1284,38.1723],[23.1489,38.1859],[23.1227,38.2081],[23.0667,38.1832],[23.0322,38.1859],[23.052,38.1928],[23.0251,38.2166],[22.9519,38.2253],[22.9224,38.207],[22.9505,38.2098],[22.9695,38.1928],[22.9087,38.1928],[22.895,38.2412],[22.8809,38.227],[22.8747,38.2412],[22.8057,38.227],[22.7648,38.248],[22.7988,38.2821],[22.6965,38.3169],[22.6753,38.3436],[22.6844,38.3611],[22.6465,38.39],[22.6268,38.3715],[22.6462,38.3618],[22.6123,38.3638],[22.5872,38.3367],[22.6065,38.3231],[22.6003,38.3026],[22.5625,38.2935],[22.5262,38.3317],[22.5388,38.3367],[22.5252,38.3588],[22.4684,38.4211],[22.4016,38.4534],[22.4084,38.4156],[22.3737,38.392],[22.3986,38.3759],[22.3823,38.3427],[22.2249,38.3601],[22.1892,38.3231],[22.1326,38.3727],[21.9579,38.4117],[21.8792,38.378],[21.8312,38.3967],[21.7822,38.3637],[21.7625,38.3284],[21.7163,38.3579],[21.5996,38.351],[21.5178,38.2958],[21.4284,38.3305],[21.4453,38.3341],[21.4898,38.3095],[21.4898,38.3367],[21.4761,38.3436],[21.4898,38.3579],[21.47,38.3579],[21.4761,38.3715],[21.4221,38.3641],[21.4285,38.3837],[21.4163,38.3941],[21.3775,38.3989],[21.3601,38.4677],[21.3225,38.4963],[21.3086,38.4944],[21.3533,38.4329],[21.339,38.4329],[21.3366,38.3957],[21.2912,38.3777],[21.2912,38.3641],[21.2695,38.3679],[21.2722,38.3544],[21.2503,38.3367],[21.2127,38.3305],[21.1896,38.3414],[21.1813,38.3305],[21.2,38.3231],[21.1745,38.3026],[21.1556,38.3039],[21.1404,38.3367],[21.0852,38.3436],[21.1057,38.353],[21.1062,38.3715],[21.0925,38.3641],[21.1062,38.3852],[21.1135,38.3739],[21.1404,38.3989],[21.1224,38.4103],[21.0947,38.403],[21.0818,38.4207],[21.0852,38.4404],[21.1068,38.4254],[21.1199,38.4404],[21.1062,38.4329],[21.1062,38.4814],[21.0789,38.4875],[21.0994,38.4944],[21.0852,38.5019],[21.096,38.5319],[21.0305,38.5114],[21.0169,38.5459],[21.0247,38.6085],[20.979,38.6726],[20.9144,38.6862],[20.8734,38.7953],[20.8452,38.7996],[20.8114,38.7625],[20.804,38.7734],[20.7733,38.7609],[20.7293,38.8098],[20.7494,38.8572],[20.8052,38.8677],[20.756,38.9069],[20.7698,38.959],[20.7816,38.935],[20.8171,38.9214],[20.8599,38.9605],[20.8711,38.9473],[20.8667,38.9264],[20.9038,38.928],[20.9207,38.9543],[21.0274,38.9326],[21.0256,38.898],[21.0852,38.8643],[21.1023,38.9108],[21.1774,38.876],[21.1668,38.9109],[21.1401,38.9413],[21.145,38.9714],[21.1608,38.9742],[21.1599,38.9977],[21.0852,39.0629],[21.0789,39.0363],[21.0552,39.0375],[21.0374,39.022],[21.0584,39.009],[20.9538,39.0342],[20.9348,39.0567],[20.9485,39.0698],[20.9202,39.0645],[20.9014,39.0772],[20.8667,39.053],[20.8865,39.0364],[20.8449,39.0369],[20.8599,39.0425],[20.8578,39.0589],[20.8462,39.0772],[20.8257,39.0698],[20.8381,39.0917],[20.8224,39.1145],[20.7772,39.0909],[20.7918,39.0808],[20.784,39.0493],[20.7575,39.022],[20.7432,39.0295],[20.7454,39.0147],[20.8318,38.9637],[20.7664,38.9776],[20.7351,38.9501],[20.7022,38.9984],[20.7158,39.0151],[20.6865,39.0725],[20.5959,39.1238],[20.4789,39.2252],[20.4824,39.2827],[20.4192,39.2834],[20.3936,39.2969],[20.3656,39.2877],[20.3249,39.3038],[20.2928,39.3334],[20.2907,39.3647],[20.2697,39.3874],[20.236,39.3994],[20.2428,39.4124],[20.2156,39.4403],[20.2673,39.4469],[20.2156,39.4949],[20.2551,39.4924],[20.2639,39.5086],[20.222,39.5213],[20.2224,39.5086],[20.1831,39.5333],[20.1336,39.5297],[20.1467,39.5707],[20.1609,39.5644],[20.1746,39.5769],[20.1746,39.598],[20.1882,39.6042],[20.1818,39.6245],[20.0889,39.6731],[20.01,39.6935],[19.989,39.6867],[19.987,39.718],[20.0027,39.7482],[19.9806,39.7573],[20.0142,39.833],[20.0098,39.8657],[19.9064,39.9064],[19.9412,39.94],[19.8635,40.0454],[19.8074,40.0529],[19.7774,40.0778],[19.7705,40.0635],[19.7327,40.1103],[19.6532,40.1324],[19.4762,40.2137],[19.3811,40.2952],[19.3442,40.3743],[19.2896,40.4204],[19.3162,40.4378],[19.3482,40.4306],[19.3932,40.3863],[19.4236,40.33],[19.4749,40.3484],[19.4788,40.4539],[19.4188,40.4919],[19.3914,40.5218],[19.3864,40.5433],[19.3986,40.5209],[19.4336,40.5059],[19.4461,40.5111],[19.4546,40.5539],[19.4157,40.5835],[19.3916,40.5783],[19.3864,40.5507],[19.3044,40.6531],[19.3605,40.7098],[19.3688,40.8022],[19.4067,40.8207],[19.3932,40.8449],[19.4142,40.8688],[19.3812,40.9083],[19.4409,40.9486],[19.427,40.9368],[19.4354,40.9134],[19.4273,40.8723],[19.4378,40.8865],[19.4409,40.8723],[19.5234,40.9206],[19.5252,40.9453],[19.4955,41.0026],[19.492,40.977],[19.4539,40.924],[19.4478,40.9343],[19.47,40.9567],[19.4749,40.9958],[19.4406,41.0207],[19.4564,41.1067],[19.4419,41.1439],[19.4637,41.1513],[19.4688,41.1876],[19.5095,41.2373],[19.5134,41.2767],[19.488,41.3065],[19.419,41.3226],[19.4142,41.3828],[19.3932,41.4135],[19.4064,41.4004],[19.4287,41.4013],[19.4452,41.4152],[19.4409,41.4409],[19.4893,41.4661],[19.5166,41.5134],[19.5142,41.53],[19.468,41.5543],[19.4409,41.5854],[19.5281,41.5766],[19.5652,41.5851],[19.5848,41.6196],[19.596,41.6027],[19.613,41.6053],[19.6001,41.6391],[19.5916,41.6326],[19.5576,41.6605],[19.5781,41.6876],[19.5713,41.7704],[19.5895,41.7657],[19.599,41.7787],[19.5916,41.8188],[19.433,41.8686],[19.3651,41.8524],[19.3102,41.8945],[19.1703,41.938],[19.1603,41.969],[19.138,41.9853],[19.1392,42.0424],[19.0825,42.0812],[19.0747,42.0956],[19.0838,42.1101],[19.0487,42.1402],[19.0106,42.1396],[18.968,42.1887],[18.9133,42.2222],[18.886,42.2844],[18.854,42.2905],[18.8314,42.2775],[18.8176,42.2912],[18.7786,42.2715],[18.7145,42.3253],[18.6936,42.3532],[18.6958,42.3738],[18.6785,42.386],[18.6585,42.3866],[18.6532,42.3663],[18.6167,42.3681],[18.5706,42.393],[18.5781,42.4004],[18.5452,42.4236],[18.5628,42.4385],[18.7005,42.393],[18.7066,42.421],[18.6838,42.4588],[18.6873,42.4829],[18.6541,42.4518],[18.5025,42.4556],[18.5213,42.438],[18.513,42.409],[18.5298,42.4004],[18.5103,42.4053],[18.4745,42.4414],[18.4131,42.4619],[18.4119,42.476],[18.2389,42.5591],[18.2206,42.5792],[18.2175,42.6201],[18.076,42.6513],[18.0574,42.6679],[18.0773,42.6679],[18.0432,42.7021],[18.0283,42.6913],[17.9016,42.7519],[17.8807,42.7687],[17.8928,42.7908],[17.8067,42.8119],[17.7801,42.7969],[17.721,42.8262],[17.7619,42.7787],[17.7487,42.772],[17.7489,42.7908],[17.7288,42.8008],[17.4404,42.8734],[17.4427,42.8986],[17.4172,42.9112],[17.3509,42.9218],[17.2139,42.9826],[17.0954,42.9844],[17.0275,43.0036],[17.0179,43.0138],[17.0282,43.031],[17.0016,43.0515],[17.0733,43.0242],[17.2402,43.0228],[17.3905,42.9777],[17.4541,42.9423],[17.4602,42.9218],[17.5077,42.9091],[17.5261,42.9218],[17.5589,42.9128],[17.7415,42.8393],[17.7019,42.8685],[17.7074,42.887],[17.6787,42.8794],[17.5565,42.9348],[17.6179,42.9218],[17.603,42.9326],[17.4985,42.9722],[17.4709,43.0134],[17.502,43.031],[17.4336,43.0174],[17.4602,43.031],[17.4323,43.0362],[17.4261,43.0652],[17.4046,43.0515],[17.3163,43.1273],[17.1724,43.1818],[17.0735,43.239],[17.0495,43.278],[16.8806,43.406],[16.7525,43.4195],[16.6258,43.449],[16.5247,43.5108],[16.3914,43.5108],[16.4734,43.5382],[16.4338,43.5498],[16.3368,43.5512],[16.2396,43.5266],[16.1177,43.5245],[16.1649,43.5041],[16.1724,43.4897],[16.1108,43.4897],[16.1131,43.4789],[16.014,43.504],[15.9595,43.504],[15.9613,43.515],[15.9837,43.5211],[15.9873,43.5449],[15.9595,43.5382],[15.9253,43.5586],[15.9442,43.5667],[15.918,43.5729],[15.9321,43.5866],[15.918,43.5933],[15.919,43.6287],[15.9663,43.6412],[15.9048,43.648],[15.953,43.6509],[15.9321,43.6684],[15.9505,43.6885],[15.939,43.6964],[15.9312,43.6765],[15.7922,43.7545],[15.7063,43.7634],[15.6821,43.7972],[15.6174,43.8255],[15.6631,43.813],[15.6789,43.8193],[15.5741,43.8595],[15.5122,43.9111],[15.4551,43.928],[15.3581,44.0257],[15.3195,44.0452],[15.2129,44.131],[15.2127,44.1483],[15.1445,44.1955],[15.1604,44.2132],[15.1522,44.2353],[15.1104,44.2644],[15.1406,44.2825],[15.1576,44.2803],[15.1766,44.2499],[15.2078,44.2728],[15.1854,44.2854],[15.2066,44.2854],[15.1981,44.3017],[15.2953,44.2507],[15.2817,44.2854],[15.3027,44.2991],[15.2612,44.3326],[15.4245,44.268],[15.5036,44.2592],[15.5252,44.2607],[15.5287,44.2718],[15.4492,44.2854],[15.406,44.3206],[15.308,44.3544],[15.0801,44.5361],[15.0073,44.5697],[14.8838,44.7236],[14.8952,44.7362],[14.8838,44.8615],[14.9216,44.9588],[14.8528,45.0937],[14.6579,45.1966],[14.576,45.2623],[14.5686,45.2759],[14.5822,45.2853],[14.5708,45.2936],[14.5344,45.3127],[14.5554,45.2959],[14.5331,45.2839],[14.4024,45.3386],[14.3298,45.354],[14.3115,45.344],[14.272,45.2901],[14.2326,45.1494],[14.2092,45.1264],[14.1794,45.1345],[14.1953,45.1206],[14.1931,45.1056],[14.1644,45.0799],[14.1582,45.0873],[14.1582,45.0532],[14.1439,45.0594],[14.1662,45.0189],[14.1514,44.9775],[14.1013,44.9743],[14.0689,44.9495],[14.0838,44.9864],[14.0545,45.0185],[14.0519,45.038],[14.0403,45.039],[14.0443,45.0014],[14.0757,44.9837],[14.0444,44.9514],[14.0347,44.9564],[14.0391,44.9318],[14.0225,44.9235],[14.0205,44.9011],[13.9727,44.9011],[13.993,44.8813],[13.9727,44.8266],[14.0,44.8131],[13.9248,44.8131],[13.9187,44.829],[13.8901,44.8335],[13.8831,44.8266],[13.9043,44.8173],[13.918,44.7783],[13.9032,44.7724],[13.897,44.8131],[13.8491,44.8266],[13.856,44.8403],[13.8423,44.8403],[13.8423,44.8546],[13.7871,44.8751],[13.8196,44.8677],[13.8423,44.8881],[13.8153,44.8835],[13.7946,44.895],[13.8081,44.9154],[13.7741,44.9638],[13.6608,45.0612],[13.6232,45.0731],[13.6369,45.0936],[13.6126,45.1179],[13.6385,45.13],[13.7262,45.1345],[13.6006,45.1373],[13.5994,45.1713],[13.5823,45.1966],[13.5945,45.2126],[13.5952,45.2508],[13.5755,45.2649],[13.6027,45.2853],[13.5755,45.3065],[13.6095,45.3201],[13.5506,45.3343],[13.5405,45.3568],[13.5549,45.3673],[13.5134,45.4362],[13.5208,45.4573],[13.5046,45.4839],[13.5071,45.5119],[13.5895,45.4888],[13.596,45.5181],[13.5686,45.5393],[13.7529,45.5529],[13.7118,45.5932],[13.7302,45.6131],[13.8081,45.6143],[13.7393,45.6491],[13.7577,45.655],[13.7391,45.6916],[13.6289,45.7726],[13.5513,45.7924],[13.5242,45.7601],[13.5283,45.7405],[13.5549,45.7372],[13.4017,45.6754],[13.3767,45.6832],[13.4314,45.7069],[13.4226,45.7241],[13.3817,45.73],[13.3694,45.7446],[13.2549,45.756],[13.2155,45.7788],[13.1694,45.7687],[13.1497,45.7515],[13.1193,45.772],[13.1082,45.7582],[13.1229,45.7372],[13.0806,45.7276],[13.0696,45.7137],[13.075,45.6968],[13.0915,45.6892],[13.1497,45.7038],[13.085,45.6419],[12.9439,45.6286],[12.7808,45.5535],[12.4237,45.4381],[12.4103,45.4362],[12.4358,45.4749],[12.4309,45.484],[12.4473,45.4843],[12.4514,45.4982],[12.4719,45.4859],[12.4787,45.4908],[12.465,45.5045],[12.4973,45.5067],[12.5066,45.4982],[12.4929,45.4908],[12.5151,45.4927],[12.5215,45.519],[12.5625,45.5316],[12.5817,45.5529],[12.5373,45.5358],[12.5066,45.5733],[12.4419,45.5303],[12.4514,45.5119],[12.4036,45.5181],[12.3967,45.5393],[12.3841,45.523],[12.424,45.4982],[12.3934,45.4916],[12.3805,45.4948],[12.3831,45.5045],[12.3504,45.5049],[12.2727,45.4636],[12.2461,45.4113],[12.259,45.3952],[12.2453,45.3611],[12.2238,45.3539],[12.2322,45.3406],[12.2163,45.3162],[12.1875,45.3065],[12.1545,45.3135],[12.1491,45.2922],[12.1807,45.258],[12.1994,45.2746],[12.1974,45.2996],[12.2173,45.2938],[12.2249,45.2512],[12.2111,45.243],[12.2305,45.2043],[12.2473,45.1969],[12.2664,45.1966],[12.259,45.2028],[12.3073,45.2307],[12.298,45.2154],[12.3211,45.1723],[12.3285,45.101],[12.3073,45.1079],[12.3073,45.1284],[12.2967,45.0886],[12.3285,45.0799],[12.3211,45.0936],[12.3408,45.0814],[12.3762,45.039],[12.3552,45.0246],[12.3688,45.011],[12.3866,45.0388],[12.3688,45.0656],[12.4134,45.0429],[12.4103,45.0322],[12.4862,44.9765],[12.4992,44.9837],[12.4861,44.9912],[12.5026,44.9914],[12.5339,44.97],[12.5127,44.9223],[12.499,44.9215],[12.4873,44.8623],[12.4446,44.8205],[12.424,44.8546],[12.4383,44.9011],[12.4069,44.8913],[12.3916,44.8588],[12.4165,44.8511],[12.3967,44.8335],[12.424,44.8205],[12.4162,44.8033],[12.3757,44.7922],[12.303,44.8429],[12.2664,44.8266],[12.28,44.8205],[12.2466,44.7116],[12.2527,44.6684],[12.2858,44.6027],[12.2837,44.4876],[12.3211,44.3537],[12.39,44.2227],[12.4788,44.1394],[12.5742,44.0856],[12.6609,44.0083],[12.9289,43.9158],[13.2533,43.7032],[13.4734,43.612],[13.5161,43.6317],[13.5789,43.5729],[13.6156,43.5605],[13.6245,43.5472],[13.617,43.5313],[13.8348,43.1273],[13.8654,43.0073],[13.9447,42.7983],[14.0754,42.5988],[14.2206,42.4702],[14.3874,42.373],[14.429,42.3217],[14.5602,42.2257],[14.7092,42.1755],[14.7407,42.0846],[14.8711,42.0318],[14.9937,42.0106],[15.0452,41.969],[15.1654,41.9278],[15.2817,41.928],[15.4461,41.9069],[15.6113,41.928],[15.7744,41.9212],[16.0271,41.9441],[16.1405,41.9199],[16.1609,41.8926],[16.1792,41.8933],[16.1929,41.7909],[16.1458,41.7488],[16.1072,41.7376],[16.0275,41.6799],[15.9253,41.64],[15.9001,41.6147],[15.8963,41.5364],[15.9336,41.4794],[16.0217,41.4278],[16.0851,41.4127],[16.4603,41.2626],[16.5207,41.2501],[16.5939,41.207],[17.0571,41.0819],[17.2764,40.9802],[17.3479,40.9121],[17.4136,40.8811],[17.4761,40.8301],[17.7484,40.7476],[17.8439,40.6942],[17.9558,40.6705],[17.9549,40.6469],[18.007,40.6507],[18.0158,40.6252],[18.0432,40.602],[18.0374,40.557],[18.12,40.5046],[18.2383,40.4577],[18.4373,40.2679],[18.5161,40.1392],[18.5161,40.1045],[18.4919,40.0847],[18.4836,40.0552],[18.4341,40.0225],[18.4114,39.9788],[18.3926,39.9161],[18.4001,39.8786],[18.3892,39.8171],[18.3683,39.7966],[18.3465,39.798],[18.2821,39.8332],[18.2113,39.8393],[18.0715,39.9115],[17.9954,39.9953],[18.0203,40.0102],[18.0158,40.0362],[17.9675,40.0573],[18.0029,40.0744],[18.011,40.096],[17.9972,40.1204],[17.926,40.1763],[17.917,40.2269],[17.8997,40.2491],[17.9128,40.2553],[17.8631,40.2856],[17.5121,40.3037],[17.4404,40.331],[17.3994,40.331],[17.2002,40.4204],[17.243,40.4414],[17.2479,40.4573],[17.2276,40.4744],[17.2957,40.4732],[17.3233,40.4985],[17.2617,40.4887],[17.2686,40.4962],[17.2474,40.5028],[17.19,40.4819],[17.156,40.5124],[17.0496,40.5191],[16.9761,40.4926],[16.9121,40.4452],[16.7827,40.3016],[16.7307,40.2007],[16.6047,40.0845],[16.5994,40.0341],[16.6316,39.9662],[16.5422,39.8854],[16.4917,39.8055],[16.4898,39.7752],[16.5286,39.7215],[16.5156,39.6896],[16.5459,39.6609],[16.6248,39.6253],[16.7825,39.6116],[16.8462,39.5527],[16.953,39.4992],[17.0115,39.4862],[17.0886,39.4226],[17.1587,39.4062],[17.1222,39.3383],[17.1149,39.2828],[17.1457,39.2107],[17.1245,39.0909],[17.1585,39.0405],[17.2064,39.0295],[17.1724,39.0052],[17.1724,38.9605],[17.104,38.8991],[17.095,38.9191],[17.022,38.906],[16.9813,38.9372],[16.9351,38.9387],[16.7278,38.8789],[16.5856,38.7978],[16.5348,38.6999],[16.5491,38.6899],[16.577,38.5286],[16.5696,38.4295],[16.5081,38.3715],[16.3063,38.2771],[16.1694,38.1432],[16.1108,37.9736],[16.0632,37.9327],[16.001,37.919],[15.9421,37.9331],[15.7615,37.9252],[15.6844,37.9535],[15.6351,38.0091],[15.6384,38.0277],[15.6585,38.0425],[15.624,38.0921],[15.6478,38.1431],[15.6328,38.2203],[15.6506,38.241],[15.7865,38.278],[15.8128,38.3006],[15.8298,38.351],[15.9048,38.4739],[15.916,38.5504],[15.9001,38.5783],[15.8355,38.6282],[15.8366,38.649],[16.0026,38.7254],[16.1209,38.7209],[16.1526,38.7309],[16.2009,38.7764],[16.2217,38.8566],[16.2147,38.919],[16.1896,38.9435],[16.1543,38.955],[16.083,39.0753],[16.034,39.3452],[15.9954,39.4388],[15.9331,39.5137],[15.8762,39.5515],[15.8366,39.6527],[15.8064,39.6955],[15.7887,39.7966],[15.7697,39.8301],[15.7819,39.8686],[15.7744,39.8911],[15.728,39.9642],[15.6304,40.0577],[15.6243,40.0778],[15.5349,40.0778],[15.4101,39.994],[15.3432,40.0041],[15.3143,40.0338],[15.2612,40.0294],[15.2791,40.0477],[15.2634,40.0737],[15.1272,40.1696],[15.0472,40.1689],[15.0031,40.2103],[14.9111,40.2416],[14.9069,40.2586],[14.9391,40.3071],[14.9324,40.3337],[14.9945,40.3584],[14.9983,40.3976],[14.8888,40.5731],[14.8355,40.6326],[14.782,40.6699],[14.7522,40.6767],[14.6904,40.6491],[14.6257,40.6491],[14.5442,40.6136],[14.4866,40.6326],[14.422,40.6155],[14.3426,40.5706],[14.3298,40.5845],[14.3377,40.6244],[14.3874,40.6369],[14.4442,40.686],[14.4764,40.6951],[14.4741,40.7297],[14.4426,40.7551],[14.3944,40.7616],[14.2942,40.8388],[14.2236,40.8314],[14.2035,40.8012],[14.0825,40.8313],[14.0825,40.7835],[14.0477,40.7896],[14.0523,40.8376],[14.0213,40.9218],[13.9653,40.9964],[13.918,41.0237],[13.9107,41.0646],[13.8517,41.1473],[13.7219,41.2524],[13.5944,41.2531],[13.5637,41.238],[13.5755,41.2081],[13.544,41.2066],[13.5144,41.2297],[13.4997,41.2217],[13.4802,41.2392],[13.3244,41.2948],[13.2858,41.2957],[13.187,41.278],[13.1145,41.2509],[13.0905,41.2265],[13.0446,41.2275],[12.9795,41.331],[12.8936,41.3993],[12.8416,41.4184],[12.7485,41.4237],[12.654,41.4656],[12.6353,41.4475],[12.448,41.6308],[12.3272,41.7114],[12.239,41.7363],[12.2152,41.7681],[12.2062,41.8273],[12.1702,41.8796],[12.0388,41.9652],[12.0204,41.9931],[11.9822,41.9997],[11.9168,42.0379],[11.8275,42.0342],[11.7502,42.1279],[11.7362,42.1689],[11.6582,42.2794],[11.5391,42.3489],[11.3766,42.4069],[11.333,42.4006],[11.259,42.4208],[11.2113,42.4189],[11.1838,42.3663],[11.1559,42.3663],[11.1066,42.3913],[11.0868,42.4184],[11.0991,42.4429],[11.1642,42.4398],[11.1884,42.4803],[11.1869,42.5208],[11.1585,42.564],[11.1287,42.5581],[11.0974,42.6069],[11.0809,42.6127],[11.0778,42.6322],[11.0057,42.6679],[10.99,42.7103],[10.9436,42.743],[10.7313,42.8044],[10.7649,42.8353],[10.7656,42.8771],[10.7777,42.8947],[10.7635,42.9183],[10.6325,42.9585],[10.5391,42.9491],[10.5466,42.9348],[10.5186,42.9253],[10.4995,42.9405],[10.4776,42.9901],[10.5171,43.0239],[10.5391,43.0794],[10.5466,43.1471],[10.5282,43.2468],[10.437,43.3886],[10.3172,43.4926],[10.2948,43.5685],[10.264,43.8094],[10.2101,43.9202],[10.1058,44.0168],[10.0,44.0575],[10.0,46.0],[30.3713,45.998]]],[[[52.0,42.862],[51.9328,42.8349],[51.8539,42.8938],[51.7927,42.9742],[51.772,43.031],[51.7114,43.0909],[51.6758,43.0999],[51.6794,43.1597],[51.6511,43.1914],[51.6123,43.1771],[51.5398,43.175],[51.5086,43.1545],[51.4603,43.1688],[51.3678,43.1545],[51.2757,43.1545],[51.2627,43.1646],[51.3128,43.3112],[51.3147,43.4625],[51.2786,43.5176],[51.273,43.5586],[51.2181,43.5933],[51.2069,43.6245],[51.156,43.6248],[51.115,43.6608],[51.0231,43.801],[50.9911,43.8671],[50.9911,43.9081],[50.9533,43.9388],[50.9017,44.0111],[50.8608,44.0254],[50.8572,44.1528],[50.8472,44.1893],[50.8216,44.215],[50.6963,44.2644],[50.3446,44.3113],[50.2552,44.351],[50.2302,44.3909],[50.2376,44.4841],[50.2246,44.5677],[50.2376,44.5865],[50.2541,44.5575],[50.2683,44.5705],[50.2991,44.6553],[50.3112,44.6623],[50.34,44.6479],[50.4978,44.6258],[50.617,44.6397],[50.6275,44.624],[50.7305,44.6206],[50.7568,44.605],[50.7842,44.6327],[50.8729,44.6289],[50.9605,44.5697],[51.0047,44.566],[51.0086,44.5515],[50.9911,44.5455],[51.0073,44.5288],[51.1433,44.4848],[51.2253,44.4997],[51.2922,44.5523],[51.3662,44.5602],[51.3815,44.5598],[51.3738,44.5277],[51.471,44.5319],[51.5603,44.5114],[51.5739,44.5239],[51.5544,44.5505],[51.439,44.6101],[51.3193,44.5964],[51.2918,44.6145],[51.2344,44.7191],[51.096,44.7969],[51.0496,44.8035],[50.9707,44.8472],[50.96,44.8865],[50.994,44.9365],[50.9496,44.9638],[50.9822,44.9895],[51.0652,44.997],[51.1072,45.0322],[51.1746,45.0622],[51.1965,45.0656],[51.2512,45.0261],[51.273,45.0246],[51.2749,45.0568],[51.2434,45.1011],[51.258,45.1345],[51.2444,45.1618],[51.3093,45.2573],[51.3972,45.3326],[51.4157,45.39],[51.4567,45.3474],[51.5437,45.3349],[51.5929,45.3447],[51.6677,45.3896],[51.7,45.3921],[51.7583,45.4573],[51.7925,45.4055],[51.8784,45.3952],[51.9401,45.3673],[52.0,45.3932],[52.0,42.862]]],[[[32.9785,31.0817],[32.9831,31.0899],[32.9893,31.0734],[32.9785,31.0817]]],[[[50.2566,44.986],[50.2771,45.0715],[50.3484,45.0849],[50.3537,45.0731],[50.3263,45.0331],[50.3332,44.9946],[50.3045,44.9594],[50.2644,44.9638],[50.2566,44.986]]],[[[24.5789,38.1093],[24.5945,38.0624],[24.5755,38.0045],[24.5521,37.9782],[24.4769,37.9625],[24.4297,38.0212],[24.3864,37.9965],[24.4021,37.9805],[24.3718,37.9719],[24.3138,38.0292],[24.327,38.0425],[24.2863,38.0862],[24.2487,38.0969],[24.2039,38.0903],[24.2108,38.1245],[24.183,38.135],[24.2108,38.166],[24.1853,38.218],[24.157,38.2296],[24.1426,38.227],[24.1488,38.2132],[24.1262,38.2175],[24.1631,38.2678],[24.1535,38.2813],[24.1257,38.2561],[24.1094,38.2563],[24.1148,38.2753],[24.1009,38.2753],[24.1216,38.3095],[24.0254,38.3305],[24.0669,38.351],[24.0422,38.4015],[23.9124,38.392],[23.8438,38.4057],[23.6492,38.4057],[23.6144,38.4609],[23.594,38.4534],[23.6358,38.5009],[23.6355,38.5286],[23.6141,38.5579],[23.5051,38.5974],[23.4977,38.631],[23.4531,38.658],[23.446,38.6767],[23.3816,38.7073],[23.323,38.7625],[23.2023,38.8299],[23.1436,38.8507],[23.0691,38.8466],[23.0364,38.8745],[22.9694,38.8891],[22.9564,38.878],[22.992,38.8647],[22.9818,38.845],[22.833,38.8227],[22.8374,38.8545],[23.0357,38.9264],[23.0459,38.9468],[23.0868,38.9543],[23.0944,38.9879],[23.1275,39.0058],[23.1997,39.009],[23.273,39.0388],[23.3093,39.0382],[23.3716,39.0103],[23.3846,38.9675],[23.4256,38.9543],[23.4507,38.8746],[23.4805,38.8381],[23.594,38.7893],[23.594,38.7702],[23.6076,38.7756],[23.6623,38.7551],[23.7227,38.7619],[23.7536,38.7192],[23.8576,38.6825],[23.9478,38.6694],[23.9842,38.6862],[24.0731,38.6794],[24.1556,38.6527],[24.1262,38.6352],[24.1265,38.5986],[24.2315,38.5224],[24.2066,38.5068],[24.1882,38.4741],[24.1843,38.4396],[24.2039,38.4125],[24.1851,38.4076],[24.2108,38.3777],[24.2149,38.3364],[24.2525,38.2924],[24.2525,38.228],[24.327,38.1859],[24.3444,38.1592],[24.3926,38.164],[24.4778,38.1387],[24.5877,38.1592],[24.5789,38.1093]]],[[[26.6123,39.0402],[26.5974,39.0119],[26.5394,39.0194],[26.5193,39.0363],[26.5266,39.0834],[26.4893,39.1137],[26.437,39.1035],[26.5471,39.009],[26.5471,38.9879],[26.4242,38.9674],[26.3394,38.9829],[26.2764,39.0106],[26.1657,39.0224],[26.0879,39.0834],[26.1602,39.0977],[26.1914,39.1276],[26.2256,39.1318],[26.2935,39.1772],[26.28,39.1964],[26.1873,39.2021],[26.0974,39.1057],[26.064,39.0909],[25.8889,39.1447],[25.8346,39.1796],[25.8552,39.2213],[25.8421,39.228],[25.8587,39.2592],[25.9172,39.2969],[25.9364,39.2766],[26.0332,39.2827],[26.0469,39.3032],[26.0606,39.2895],[26.094,39.3105],[26.1628,39.3236],[26.1725,39.3354],[26.1636,39.3789],[26.3622,39.3789],[26.3547,39.3565],[26.4175,39.3305],[26.3822,39.2771],[26.4663,39.2292],[26.5047,39.185],[26.5397,39.166],[26.5308,39.1506],[26.5505,39.1192],[26.5676,39.1181],[26.5663,39.098],[26.6123,39.0402]]],[[[30.0757,45.7924],[30.126,45.8115],[29.9081,45.6664],[29.8075,45.6143],[29.731,45.5914],[29.8014,45.6219],[29.8148,45.6411],[29.8727,45.6583],[30.0757,45.7924]]],[[[50.6189,40.3],[50.5728,40.31],[50.5653,40.3378],[50.6069,40.3378],[50.6213,40.3261],[50.6189,40.3]]],[[[50.3963,40.4085],[50.3537,40.3999],[50.3587,40.4242],[50.326,40.4581],[50.3264,40.4819],[50.3537,40.4807],[50.3953,40.4204],[50.3963,40.4085]]]]}},{"type":"Feature","properties":{},"geometry":{"type":"MultiPolygon","coordinates":[[[[34.0285,27.502],[34.0513,27.4486],[33.9563,27.5044],[33.9338,27.4947],[33.9136,27.5237],[33.9331,27.5364],[33.9641,27.5341],[34.0285,27.502]]],[[[26.9246,35.4177],[27.0134,35.4313],[26.9997,35.4245],[27.0071,35.3978],[26.9588,35.3903],[26.8767,35.3494],[26.8484,35.3724],[26.9002,35.4245],[26.9246,35.4177]]],[[[27.3875,36.4208],[27.4207,36.4086],[27.4385,36.4182],[27.4447,36.4045],[27.4282,36.3852],[27.3993,36.3787],[27.3648,36.3934],[27.3628,36.425],[27.3496,36.4312],[27.315,36.4114],[27.2944,36.4355],[27.3006,36.4735],[27.3102,36.4577],[27.3558,36.4796],[27.3685,36.4724],[27.3817,36.4442],[27.3968,36.4387],[27.3875,36.4208]]],[[[23.5711,37.3583],[23.5051,37.3498],[23.5088,37.3299],[23.4968,37.32],[23.3743,37.3027],[23.4636,37.3573],[23.5872,37.3709],[23.5711,37.3583]]],[[[23.5632,37.7683],[23.5321,37.7253],[23.5256,37.6925],[23.4841,37.6789],[23.4574,37.6925],[23.4683,37.7145],[23.4344,37.7336],[23.4245,37.7618],[23.5632,37.7683]]],[[[27.6052,40.6633],[27.7278,40.6426],[27.7327,40.6252],[27.6576,40.6054],[27.6047,40.5768],[27.536,40.602],[27.5389,40.6234],[27.5264,40.6391],[27.5459,40.6603],[27.5545,40.6469],[27.6052,40.6633]]],[[[16.2455,43.0764],[16.2521,43.0624],[16.2103,43.0333],[16.1213,43.0134],[16.0632,43.0174],[16.0845,43.0259],[16.0871,43.0414],[16.0488,43.0652],[16.1302,43.0884],[16.1997,43.0794],[16.1929,43.072],[16.2455,43.0764]]],[[[16.376,43.3334],[16.207,43.3873],[16.2132,43.3941],[16.2005,43.407],[16.2201,43.4152],[16.2982,43.4036],[16.3027,43.3873],[16.3298,43.3897],[16.3914,43.3464],[16.376,43.3334]]],[[[14.5266,44.5037],[14.5344,44.4841],[14.512,44.4822],[14.4382,44.5386],[14.4661,44.5386],[14.438,44.5646],[14.4041,44.5797],[14.3866,44.5656],[14.363,44.5734],[14.3826,44.6033],[14.3494,44.6553],[14.3358,44.7168],[14.3975,44.6856],[14.3904,44.6622],[14.41,44.601],[14.5266,44.5037]]],[[[49.5425,27.3637],[49.6888,27.3177],[49.6073,27.3225],[49.5654,27.2978],[49.5381,27.3115],[49.554,27.3283],[49.5313,27.3462],[49.4876,27.3341],[49.4562,27.2904],[49.4536,27.3164],[49.5012,27.3605],[49.5425,27.3637]]],[[[48.3539,29.4574],[48.389,29.4249],[48.3974,29.3875],[48.3169,29.427],[48.2692,29.4297],[48.2811,29.4711],[48.3539,29.4574]]],[[[26.8441,37.162],[26.8869,37.1057],[26.8376,37.1047],[26.8523,37.1246],[26.8172,37.1199],[26.8169,37.1466],[26.7727,37.1827],[26.8083,37.2003],[26.8498,37.1873],[26.8441,37.162]]],[[[47.8621,43.9943],[47.8669,43.9838],[47.7629,43.9284],[47.6841,43.9395],[47.6802,43.9514],[47.6428,43.9444],[47.6282,43.9626],[47.6657,43.9963],[47.8621,43.9943]]]]}},{"type":"Feature","properties":{},"geometry":{"type":"MultiPolygon","coordinates":[[[[10.9299,33.8963],[11.0603,33.8007],[10.971,33.7387],[10.9567,33.6977],[10.9567,33.7325],[10.9411,33.7282],[10.8878,33.6401],[10.8711,33.6543],[10.8769,33.6882],[10.859,33.7111],[10.8089,33.7343],[10.7819,33.7037],[10.7634,33.7002],[10.7338,33.7307],[10.7283,33.7846],[10.7476,33.8127],[10.736,33.8848],[10.773,33.8963],[10.8978,33.8793],[10.9299,33.8963]]],[[[27.2332,35.5041],[27.2324,35.4722],[27.1809,35.4689],[27.1616,35.4501],[27.1567,35.4245],[27.1711,35.4313],[27.1659,35.4233],[27.1362,35.404],[27.1431,35.4204],[27.1089,35.4313],[27.093,35.4519],[27.1089,35.4661],[27.1021,35.4791],[27.1188,35.4827],[27.1138,35.551],[27.0679,35.5889],[27.0857,35.6263],[27.1154,35.6422],[27.1279,35.6933],[27.1541,35.718],[27.1567,35.8012],[27.1846,35.8012],[27.221,35.8293],[27.2324,35.8223],[27.2119,35.7773],[27.2188,35.7261],[27.161,35.6513],[27.1565,35.6188],[27.2209,35.551],[27.2038,35.5272],[27.2332,35.5041]]],[[[14.5632,35.87],[14.5618,35.8298],[14.548,35.836],[14.5275,35.8012],[14.4245,35.8237],[14.3457,35.8759],[14.3382,35.947],[14.322,35.9731],[14.3773,35.9936],[14.3494,35.9731],[14.4451,35.9604],[14.5078,35.9285],[14.5139,35.9008],[14.548,35.89],[14.5632,35.87]]],[[[23.0769,36.2707],[23.1039,36.2372],[23.0584,36.2165],[23.052,36.1448],[23.0144,36.1483],[22.9907,36.137],[22.9876,36.1516],[22.9292,36.178],[22.9087,36.206],[22.9162,36.2851],[22.9016,36.3383],[22.9446,36.3894],[23.0117,36.3083],[23.0769,36.2707]]],[[[26.3933,36.6365],[26.466,36.5827],[26.4549,36.5769],[26.4447,36.5895],[26.3733,36.5724],[26.3416,36.5093],[26.301,36.5133],[26.266,36.5479],[26.2664,36.5959],[26.2948,36.5966],[26.3416,36.569],[26.366,36.5895],[26.4038,36.5895],[26.3849,36.6048],[26.3894,36.6162],[26.3622,36.6305],[26.3933,36.6365]]],[[[24.4744,36.7471],[24.5334,36.768],[24.5461,36.754],[24.5376,36.6814],[24.4846,36.6652],[24.3646,36.663],[24.327,36.6509],[24.327,36.6994],[24.3407,36.7124],[24.327,36.7199],[24.3543,36.754],[24.3954,36.7359],[24.4072,36.7073],[24.4607,36.6994],[24.4714,36.7043],[24.4592,36.7267],[24.4271,36.7338],[24.4089,36.7608],[24.4203,36.7711],[24.4744,36.7471]]],[[[27.2915,36.8918],[27.341,36.8819],[27.3558,36.8632],[27.2142,36.8239],[27.1299,36.7608],[27.0475,36.7751],[26.992,36.7536],[26.9758,36.7408],[26.986,36.7199],[26.9657,36.7056],[26.9729,36.6789],[26.9373,36.6928],[26.9177,36.7161],[26.9263,36.7656],[26.9377,36.7608],[26.9588,36.7813],[26.986,36.7676],[27.0612,36.8393],[27.1642,36.8912],[27.2809,36.9079],[27.2915,36.8918]]],[[[25.9984,36.9389],[26.0747,36.8933],[26.0059,36.8912],[25.9214,36.8411],[25.8796,36.795],[25.7555,36.77],[25.739,36.795],[25.8455,36.8086],[25.8631,36.8359],[25.8516,36.8311],[25.8455,36.8496],[25.9719,36.898],[25.9507,36.9184],[25.9984,36.9389]]],[[[25.2798,37.055],[25.2448,37.0146],[25.1885,36.9853],[25.1528,36.9868],[25.1034,37.0129],[25.113,37.0627],[25.1563,37.0898],[25.1358,37.0938],[25.1501,37.1105],[25.2388,37.1518],[25.224,37.1343],[25.2593,37.124],[25.273,37.1376],[25.2661,37.1518],[25.2933,37.1518],[25.263,37.0898],[25.2629,37.0756],[25.2798,37.0693],[25.2661,37.0625],[25.2798,37.055]]],[[[25.5337,37.2007],[25.5746,37.1785],[25.5925,37.1425],[25.5808,37.0178],[25.5525,36.9689],[25.4499,36.9184],[25.4231,36.9669],[25.3889,36.9868],[25.3821,37.0351],[25.3418,37.083],[25.3718,37.0891],[25.4746,37.1618],[25.4951,37.1891],[25.5337,37.2007]]],[[[25.4026,37.4182],[25.307,37.4119],[25.3264,37.4629],[25.307,37.4727],[25.3127,37.4882],[25.348,37.5081],[25.3773,37.4674],[25.3954,37.494],[25.4629,37.47],[25.4573,37.446],[25.4077,37.4368],[25.4026,37.4182]]],[[[25.1255,37.5559],[25.047,37.6174],[24.9979,37.6379],[24.9849,37.6789],[25.0532,37.6789],[25.0674,37.6726],[25.0599,37.6584],[25.0879,37.6447],[25.1227,37.6517],[25.1494,37.631],[25.1648,37.6458],[25.2456,37.6242],[25.2388,37.6174],[25.2593,37.59],[25.216,37.5329],[25.1255,37.5559]]],[[[24.4025,37.6557],[24.3958,37.6247],[24.313,37.5382],[24.2935,37.5257],[24.2754,37.5317],[24.2781,37.6229],[24.3057,37.6608],[24.3206,37.6584],[24.3338,37.6726],[24.3206,37.6789],[24.3748,37.6863],[24.4025,37.6557]]],[[[26.3446,37.6595],[26.2306,37.5714],[26.1279,37.5558],[26.0579,37.5192],[25.9763,37.516],[25.9797,37.5487],[26.0742,37.6379],[26.1974,37.6323],[26.2542,37.652],[26.2808,37.6754],[26.3622,37.6863],[26.3446,37.6595]]],[[[27.0588,37.7338],[27.0612,37.7067],[27.0008,37.7066],[26.91,37.678],[26.8608,37.6434],[26.7874,37.6472],[26.7609,37.6897],[26.7083,37.7136],[26.5984,37.6772],[26.5803,37.7408],[26.595,37.7614],[26.6439,37.7724],[26.6581,37.7928],[26.8064,37.8145],[26.8421,37.8091],[26.9661,37.7477],[26.9699,37.7588],[26.9451,37.7887],[26.9736,37.7845],[26.9934,37.7961],[26.994,37.784],[27.0679,37.7744],[27.0339,37.7614],[27.0475,37.7272],[27.0588,37.7338]]],[[[20.918,37.7653],[20.9868,37.7299],[20.9963,37.6993],[20.9544,37.7239],[20.8939,37.7335],[20.8435,37.7016],[20.8469,37.6533],[20.8151,37.6515],[20.6195,37.8228],[20.6277,37.8576],[20.6195,37.8644],[20.6857,37.9296],[20.709,37.9252],[20.742,37.8623],[20.7772,37.8433],[20.8088,37.8496],[20.8501,37.8364],[20.886,37.814],[20.918,37.7653]]],[[[24.9944,37.7541],[24.9575,37.7067],[24.9575,37.6863],[24.916,37.7198],[24.8921,37.7682],[24.8652,37.7738],[24.8166,37.8239],[24.8,37.816],[24.7757,37.8623],[24.7385,37.8918],[24.7162,37.8791],[24.718,37.8986],[24.6838,37.9327],[24.6956,37.9355],[24.6936,37.9658],[24.7791,38.0002],[24.7937,37.9941],[24.7947,37.9771],[24.8301,37.9631],[24.8484,37.9149],[24.9539,37.906],[24.9637,37.8968],[24.9434,37.8433],[24.9849,37.816],[24.9575,37.7744],[24.9917,37.7682],[24.9944,37.7541]]],[[[20.6023,38.6268],[20.5446,38.5695],[20.5623,38.6912],[20.6026,38.7817],[20.6453,38.8282],[20.6863,38.8501],[20.7178,38.8227],[20.7293,38.7817],[20.7289,38.7306],[20.697,38.6898],[20.7061,38.6804],[20.7225,38.7073],[20.716,38.627],[20.6953,38.6384],[20.7022,38.6179],[20.6878,38.6247],[20.6817,38.6042],[20.6489,38.6086],[20.6476,38.5838],[20.6309,38.5883],[20.6333,38.6042],[20.6136,38.607],[20.6023,38.6268]]],[[[24.6786,38.8068],[24.6829,38.7842],[24.6575,38.7692],[24.6138,38.7731],[24.6008,38.7927],[24.57,38.7781],[24.5667,38.7625],[24.5324,38.7961],[24.574,38.8098],[24.557,38.8457],[24.5461,38.837],[24.5283,38.8515],[24.5051,38.8445],[24.4778,38.878],[24.4362,38.878],[24.4388,38.8971],[24.4622,38.911],[24.4611,38.9677],[24.4915,38.981],[24.5607,38.9442],[24.574,38.9326],[24.5786,38.8756],[24.6426,38.8417],[24.6786,38.8068]]],[[[20.0819,39.4473],[20.1177,39.378],[20.1057,39.3647],[19.9993,39.3994],[19.9548,39.4261],[19.9118,39.4303],[19.9275,39.4472],[19.8789,39.4532],[19.8656,39.4686],[19.8289,39.5723],[19.7485,39.62],[19.7189,39.6731],[19.6813,39.68],[19.6717,39.7241],[19.6532,39.7147],[19.6502,39.7418],[19.6265,39.7482],[19.6675,39.7935],[19.7991,39.8028],[19.8518,39.8245],[19.9343,39.7829],[19.948,39.7904],[19.9338,39.7412],[19.8416,39.7042],[19.8391,39.6799],[19.8587,39.6662],[19.845,39.6527],[19.9275,39.6253],[19.9235,39.6035],[19.9002,39.6042],[19.9365,39.473],[20.0327,39.4393],[20.0819,39.4473]]],[[[25.4412,40.0261],[25.4499,39.9884],[25.4016,39.9638],[25.3856,39.9444],[25.3889,39.9195],[25.348,39.9064],[25.3685,39.899],[25.3403,39.8742],[25.3555,39.8655],[25.3428,39.8546],[25.3699,39.8171],[25.349,39.7877],[25.2953,39.8077],[25.2903,39.8308],[25.2388,39.8581],[25.2798,39.8891],[25.2507,39.9185],[25.1971,39.8928],[25.2251,39.8854],[25.1942,39.8736],[25.1773,39.845],[25.1909,39.8519],[25.2022,39.841],[25.221,39.81],[25.2145,39.8034],[25.1432,39.8171],[25.1699,39.8485],[25.1649,39.8591],[25.1358,39.8376],[25.1221,39.8581],[25.047,39.8376],[25.0674,39.8581],[25.047,39.8655],[25.047,39.8786],[25.0599,39.8854],[25.0532,39.899],[25.0682,39.9208],[25.0334,39.9953],[25.1323,40.0089],[25.1563,39.9953],[25.2251,40.0089],[25.261,39.9909],[25.2852,39.9534],[25.348,39.9816],[25.3821,40.0225],[25.4499,40.0362],[25.4412,40.0261]]],[[[26.0122,40.1461],[25.766,40.0972],[25.6633,40.1262],[25.6862,40.1608],[25.759,40.2067],[25.926,40.2428],[25.9719,40.2211],[25.9631,40.1571],[26.0122,40.1666],[26.0122,40.1461]]],[[[25.6953,40.4327],[25.5671,40.3999],[25.4663,40.4558],[25.4435,40.4819],[25.5759,40.5147],[25.6719,40.4875],[25.6975,40.461],[25.6953,40.4327]]],[[[24.7655,40.7343],[24.7666,40.7115],[24.7864,40.7078],[24.7864,40.6879],[24.7658,40.6697],[24.7801,40.6122],[24.7557,40.6199],[24.6423,40.5706],[24.5868,40.622],[24.5168,40.6391],[24.512,40.6668],[24.5334,40.7182],[24.5667,40.7556],[24.6423,40.8039],[24.7317,40.7835],[24.7438,40.7593],[24.7864,40.7351],[24.7655,40.7343]]],[[[10.4385,42.8555],[10.43,42.7876],[10.3888,42.7635],[10.4251,42.7408],[10.4307,42.7221],[10.4155,42.7089],[10.3814,42.7226],[10.3379,42.7648],[10.325,42.7648],[10.3137,42.743],[10.3045,42.7598],[10.2654,42.7446],[10.2454,42.7573],[10.2297,42.7354],[10.1472,42.7373],[10.1068,42.7574],[10.1014,42.784],[10.133,42.8119],[10.1795,42.8188],[10.2659,42.8044],[10.259,42.8119],[10.2721,42.8273],[10.3268,42.8262],[10.3221,42.8117],[10.3473,42.8059],[10.4124,42.8734],[10.4385,42.8555]]],[[[17.1318,42.9695],[17.2002,42.9218],[17.1074,42.9143],[16.9729,42.9267],[16.8514,42.9007],[16.6554,42.9263],[16.6384,42.9348],[16.7068,42.9695],[16.6317,42.9826],[16.7205,42.9901],[16.8241,42.9621],[17.0321,42.9826],[17.1318,42.9695]]],[[[16.6702,43.1255],[16.5598,43.143],[16.3716,43.1955],[16.4964,43.2181],[16.5549,43.1879],[16.5833,43.1887],[16.5205,43.229],[16.5628,43.229],[16.5833,43.216],[16.6595,43.216],[16.6931,43.1887],[16.6863,43.1818],[16.7277,43.1646],[16.8644,43.1688],[16.8967,43.1548],[17.1553,43.1403],[17.1934,43.1273],[16.6702,43.1255]]],[[[16.5007,43.2842],[16.4058,43.3327],[16.4263,43.3252],[16.4398,43.3327],[16.4349,43.3464],[16.4535,43.3532],[16.4263,43.3941],[16.447,43.3948],[16.4939,43.3823],[16.6877,43.377],[16.8098,43.3532],[16.7962,43.3464],[16.8303,43.3464],[16.8923,43.3122],[16.8462,43.2734],[16.6283,43.2637],[16.5007,43.2842]]],[[[15.1445,43.9497],[15.2202,43.9012],[15.1955,43.8952],[15.1333,43.9212],[15.1968,43.8864],[15.1945,43.8726],[15.1213,43.9126],[15.0428,43.9904],[15.0031,44.0523],[14.8701,44.1408],[14.8496,44.1756],[14.9391,44.1271],[14.9544,44.1032],[15.0073,44.093],[15.0005,44.0794],[15.0227,44.0722],[15.0414,44.0264],[15.1138,43.9838],[15.1445,43.9497]]],[[[14.9186,44.5045],[14.7615,44.6586],[14.7337,44.7032],[14.8452,44.6005],[14.8838,44.5797],[14.8801,44.6092],[14.9041,44.61],[15.0039,44.5361],[15.0412,44.5275],[15.0755,44.4841],[15.0073,44.5045],[15.0142,44.5187],[14.9729,44.5361],[14.9111,44.5523],[14.966,44.5239],[15.048,44.4394],[15.0967,44.4152],[15.065,44.4379],[15.0415,44.4766],[15.0833,44.4619],[15.2544,44.34],[15.2351,44.3362],[15.1651,44.3674],[15.2158,44.3381],[15.2271,44.3264],[15.2066,44.3264],[15.2202,44.3127],[15.1309,44.3326],[15.1724,44.2991],[15.1288,44.312],[15.0967,44.34],[15.1104,44.3537],[15.0892,44.3742],[15.1172,44.3872],[15.083,44.4015],[15.049,44.3947],[15.0208,44.43],[14.8975,44.4909],[14.9186,44.5045]]],[[[14.7405,44.7705],[14.7541,44.7578],[14.6995,44.7652],[14.6579,44.7988],[14.7057,44.7925],[14.6995,44.8131],[14.7268,44.7988],[14.6858,44.8472],[14.7268,44.8403],[14.72,44.8546],[14.7533,44.8459],[14.7405,44.8205],[14.8224,44.7714],[14.8591,44.7174],[14.8496,44.7032],[14.773,44.7603],[14.7405,44.7705]]],[[[14.5081,44.6533],[14.5344,44.6343],[14.5134,44.6188],[14.473,44.6203],[14.4279,44.6566],[14.3945,44.7076],[14.3972,44.7516],[14.3682,44.7611],[14.3616,44.816],[14.3298,44.8339],[14.3141,44.8938],[14.2942,44.9086],[14.3015,44.9223],[14.2925,44.9403],[14.3015,44.9434],[14.3596,44.9086],[14.3874,44.909],[14.3972,44.9291],[14.3903,44.9604],[14.4041,44.9495],[14.4114,44.9564],[14.3767,44.9869],[14.3408,45.0556],[14.2785,45.1133],[14.2886,45.1488],[14.3137,45.1724],[14.3562,45.1693],[14.363,45.0936],[14.3877,45.039],[14.4177,44.998],[14.4735,44.9714],[14.4519,44.9223],[14.4519,44.8509],[14.4666,44.8048],[14.4519,44.7988],[14.4729,44.7652],[14.4722,44.708],[14.5139,44.6622],[14.5081,44.6533]]],[[[14.7064,44.9467],[14.6289,44.9782],[14.6209,45.0456],[14.6033,45.039],[14.617,45.0246],[14.5105,45.0322],[14.4601,45.0524],[14.4251,45.0873],[14.4627,45.101],[14.4763,45.1284],[14.5301,45.1348],[14.5213,45.1488],[14.5396,45.1704],[14.5369,45.2017],[14.5498,45.2214],[14.5344,45.2375],[14.5488,45.2487],[14.5959,45.2375],[14.584,45.2302],[14.6238,45.1755],[14.5974,45.1664],[14.6653,45.1618],[14.6653,45.0873],[14.7405,45.0731],[14.74,45.0443],[14.7998,45.0052],[14.815,44.9775],[14.7847,44.9693],[14.7609,44.9775],[14.7472,44.97],[14.7568,44.9487],[14.7064,44.9467]]],[[[50.1431,44.8179],[50.064,44.8441],[50.0418,44.8949],[49.9861,44.9468],[49.9862,44.968],[50.0418,45.0575],[50.0676,45.0715],[50.1135,45.0799],[50.1122,45.0625],[50.0536,45.0388],[50.021,44.9758],[50.0212,44.944],[50.0428,44.9245],[50.0583,44.9291],[50.0734,44.8618],[50.1414,44.8403],[50.1892,44.8615],[50.1703,44.8301],[50.1431,44.8179]]],[[[50.5947,26.1603],[50.6199,26.1855],[50.6328,26.1468],[50.6457,26.1457],[50.6349,26.1157],[50.6148,26.1112],[50.6184,25.9647],[50.6035,25.8546],[50.5653,25.7895],[50.5314,25.8852],[50.4678,25.9576],[50.4605,25.9853],[50.4909,26.048],[50.4489,26.1616],[50.4612,26.2252],[50.4815,26.2426],[50.5454,26.2277],[50.5867,26.2425],[50.6091,26.2083],[50.6035,26.1977],[50.5516,26.1942],[50.5947,26.1603]]],[[[36.9583,25.419],[36.8997,25.361],[36.7987,25.4474],[36.7765,25.4964],[36.8237,25.4599],[36.9157,25.4267],[36.9203,25.4196],[36.8994,25.4188],[36.9043,25.3941],[36.9583,25.419]]],[[[36.8792,25.4433],[36.7192,25.5556],[36.6812,25.5441],[36.6814,25.5535],[36.6913,25.5672],[36.7256,25.5652],[36.8745,25.4633],[36.8792,25.4433]]],[[[36.682,25.5664],[36.6677,25.5497],[36.5677,25.5985],[36.5461,25.6032],[36.5394,25.5892],[36.4977,25.624],[36.4915,25.6451],[36.5436,25.7029],[36.5226,25.6622],[36.531,25.6446],[36.6094,25.5915],[36.6311,25.5924],[36.6379,25.5746],[36.6677,25.581],[36.682,25.5664]]]]}},{"type":"Feature","properties":{},"geometry":{"type":"MultiPolygon","coordinates":[[[[33.9706,26.7907],[33.9955,26.7517],[34.0036,26.7082],[33.9551,26.79],[33.9706,26.7907]]],[[[33.406,31.1845],[33.4759,31.1417],[33.2698,31.2168],[33.3011,31.2159],[33.406,31.1845]]],[[[33.1047,31.2403],[33.2625,31.2236],[33.1026,31.2268],[32.9347,31.1479],[33.1047,31.2403]]],[[[10.9641,34.6567],[11.1013,34.671],[11.1108,34.6595],[11.0557,34.621],[10.9641,34.6567]]],[[[24.1223,34.8465],[24.1353,34.815],[24.0861,34.8263],[24.0464,34.8553],[24.0931,34.8695],[24.1284,34.8627],[24.1223,34.8465]]],[[[23.2717,35.9042],[23.3307,35.8649],[23.3333,35.8292],[23.2957,35.8596],[23.2717,35.9042]]],[[[25.7302,36.3801],[25.7678,36.4016],[25.8552,36.3636],[25.8469,36.3503],[25.8176,36.3636],[25.7464,36.358],[25.7302,36.3801]]],[[[24.9479,36.6243],[24.9637,36.5963],[24.9229,36.6023],[24.8498,36.6469],[24.8408,36.6652],[24.8682,36.6652],[24.9479,36.6243]]],[[[25.1858,36.7191],[25.1296,36.6603],[25.0931,36.6366],[25.0674,36.6379],[25.1047,36.6994],[25.1463,36.7199],[25.1858,36.7191]]],[[[21.78,36.7475],[21.7816,36.7364],[21.7778,36.6994],[21.7642,36.7199],[21.7505,36.7124],[21.7595,36.7519],[21.78,36.7475]]],[[[24.6563,36.7829],[24.6677,36.764],[24.6448,36.7473],[24.6082,36.7813],[24.6218,36.795],[24.6563,36.7829]]],[[[21.6958,36.7404],[21.7095,36.8017],[21.7293,36.795],[21.6958,36.7404]]],[[[24.6082,36.8291],[24.5728,36.7819],[24.5398,36.7845],[24.5212,36.8174],[24.5618,36.8456],[24.6008,36.8428],[24.6082,36.8291]]],[[[25.4231,36.8325],[25.447,36.8574],[25.4784,36.8707],[25.4778,36.8351],[25.4344,36.8227],[25.4231,36.8325]]],[[[25.6087,36.8837],[25.6497,36.9116],[25.6844,36.8912],[25.6546,36.8789],[25.6087,36.8837]]],[[[25.0667,36.9551],[25.0259,37.0079],[25.0532,37.0344],[25.0879,37.042],[25.0599,36.9731],[25.0811,36.9526],[25.0667,36.9551]]],[[[25.8054,37.0992],[25.7805,37.124],[25.8346,37.1376],[25.8368,37.1024],[25.8054,37.0992]]],[[[23.1343,37.2846],[23.1585,37.2714],[23.1624,37.2442],[23.131,37.2437],[23.0944,37.2747],[23.1343,37.2846]]],[[[23.4818,37.5565],[23.5256,37.5218],[23.4812,37.5096],[23.4363,37.5218],[23.4754,37.5408],[23.4818,37.5565]]],[[[12.2732,37.9395],[12.3142,37.9464],[12.3688,37.9252],[12.3577,37.914],[12.2997,37.9193],[12.2732,37.9395]]],[[[14.9588,38.4329],[14.9937,38.403],[15.0073,38.3777],[14.9868,38.3641],[14.9483,38.3964],[14.9588,38.4329]]],[[[14.8994,38.4817],[14.9097,38.5153],[14.9248,38.5224],[14.9579,38.522],[14.9588,38.5019],[14.9793,38.4875],[14.9526,38.4814],[14.9663,38.4534],[14.9487,38.4509],[14.8994,38.4817]]],[[[14.8617,38.5393],[14.824,38.5518],[14.7938,38.5716],[14.815,38.5838],[14.867,38.5811],[14.877,38.5695],[14.8617,38.5393]]],[[[20.9411,38.6042],[20.9076,38.549],[20.8939,38.549],[20.9321,38.603],[20.9411,38.6042]]],[[[25.5952,38.6039],[25.6223,38.5838],[25.605,38.5353],[25.5608,38.5353],[25.5608,38.5633],[25.5261,38.6042],[25.5952,38.6039]]],[[[23.4253,39.1487],[23.3953,39.1461],[23.3987,39.1636],[23.4705,39.2138],[23.5129,39.1785],[23.5051,39.1591],[23.489,39.1688],[23.4751,39.1578],[23.4605,39.1318],[23.4253,39.1487]]],[[[20.1404,39.2417],[20.1901,39.2026],[20.2019,39.1796],[20.1587,39.1892],[20.1253,39.236],[20.1404,39.2417]]],[[[25.0474,39.5454],[25.0404,39.5206],[24.9849,39.467],[24.9766,39.5377],[25.0032,39.5632],[25.0474,39.5454]]],[[[26.0772,39.8447],[26.075,39.7849],[25.9971,39.8142],[25.978,39.8342],[26.0042,39.8452],[26.0772,39.8447]]],[[[10.9135,42.3752],[10.9398,42.3307],[10.9233,42.3187],[10.8618,42.3663],[10.883,42.3922],[10.9135,42.3752]]],[[[16.9211,42.7772],[16.9364,42.7555],[16.9054,42.7318],[16.8582,42.743],[16.8343,42.7309],[16.8098,42.7498],[16.8241,42.7641],[16.803,42.7635],[16.8281,42.781],[16.9211,42.7772]]],[[[15.7404,43.6275],[15.672,43.6374],[15.6038,43.6747],[15.6502,43.673],[15.6789,43.648],[15.7404,43.6275]]],[[[15.2407,43.8808],[15.3425,43.8118],[15.3957,43.7724],[15.3089,43.8056],[15.2278,43.8745],[15.2407,43.8808]]],[[[14.8355,44.151],[14.8692,44.1405],[14.8352,44.1417],[14.8198,44.153],[14.8224,44.1687],[14.8355,44.151]]],[[[12.3718,45.4249],[12.3892,45.4335],[12.4309,45.4157],[12.3762,45.4226],[12.3215,45.348],[12.3718,45.4249]]],[[[50.2833,29.2689],[50.3347,29.2587],[50.333,29.224],[50.3165,29.2076],[50.2833,29.2689]]],[[[48.1092,30.028],[48.0311,29.971],[48.0108,29.9805],[48.0547,30.0245],[48.1092,30.028]]],[[[12.867,35.8723],[12.8726,35.8523],[12.8459,35.8627],[12.847,35.8683],[12.867,35.8723]]],[[[23.8843,36.8436],[23.8843,36.8323],[23.8767,36.8437],[23.8843,36.8436]]],[[[23.4561,36.9278],[23.4639,36.904],[23.4497,36.9291],[23.4561,36.9278]]],[[[14.3428,38.5473],[14.3572,38.5512],[14.3608,38.539],[14.3464,38.5351],[14.3428,38.5473]]],[[[14.564,38.5845],[14.5855,38.5574],[14.5516,38.5616],[14.5425,38.5869],[14.564,38.5845]]],[[[13.1857,38.7175],[13.1974,38.7083],[13.1768,38.693],[13.1535,38.6948],[13.1579,38.7099],[13.1857,38.7175]]],[[[15.2346,38.8078],[15.2175,38.773],[15.187,38.789],[15.2121,38.8105],[15.2346,38.8078]]],[[[13.419,40.7956],[13.432,40.8015],[13.4147,40.7859],[13.419,40.7956]]],[[[37.0374,25.4118],[37.0233,25.3998],[37.0036,25.4115],[37.0003,25.4292],[36.9783,25.4269],[36.9666,25.449],[36.9465,25.4419],[36.9518,25.4675],[36.9875,25.476],[37.009,25.4499],[37.0176,25.4577],[37.0374,25.4118]]],[[[36.8399,25.5358],[36.8289,25.5613],[36.8556,25.5683],[36.8661,25.5459],[36.8399,25.5358]]],[[[36.9007,25.5493],[36.9046,25.6032],[36.923,25.6029],[36.9284,25.5838],[36.9136,25.5692],[36.9232,25.5194],[36.9007,25.5493]]],[[[34.7322,27.9189],[34.7047,27.9084],[34.6618,27.9302],[34.6818,27.9587],[34.7319,27.9571],[34.7322,27.9189]]],[[[12.6213,35.5082],[12.6111,35.4892],[12.5261,35.5167],[12.5557,35.5212],[12.6213,35.5082]]],[[[27.6165,36.2426],[27.6101,36.2165],[27.5189,36.2169],[27.5265,36.2401],[27.6165,36.2426]]],[[[27.1947,36.6069],[27.2061,36.5871],[27.198,36.5683],[27.1614,36.5604],[27.1297,36.5695],[27.1372,36.6001],[27.1668,36.6151],[27.1947,36.6069]]],[[[26.5686,37.3744],[26.6061,37.3395],[26.5724,37.3472],[26.5488,37.3266],[26.5652,37.3084],[26.5677,37.2746],[26.5464,37.2772],[26.5286,37.3007],[26.5364,37.3727],[26.5686,37.3744]]],[[[24.7329,37.6321],[24.7412,37.5957],[24.7181,37.5936],[24.6597,37.6069],[24.7329,37.6321]]],[[[12.0536,37.9924],[12.0793,37.9503],[12.0648,37.9508],[12.0304,37.9844],[12.0536,37.9924]]],[[[20.9517,38.6492],[20.9417,38.6274],[20.8706,38.5825],[20.8701,38.6035],[20.9038,38.6428],[20.9517,38.6492]]],[[[20.805,38.6657],[20.7596,38.6274],[20.8001,38.5954],[20.7517,38.626],[20.737,38.6522],[20.7831,38.675],[20.805,38.6657]]],[[[24.0906,39.349],[24.0819,39.3048],[24.0632,39.297],[24.0449,39.3415],[24.0671,39.363],[24.0698,39.3457],[24.0906,39.349]]],[[[27.6351,40.4668],[27.6566,40.4494],[27.6457,40.4478],[27.5964,40.458],[27.5799,40.4765],[27.6073,40.5054],[27.6405,40.4941],[27.6351,40.4668]]],[[[10.3064,42.3515],[10.3159,42.3408],[10.3132,42.3239],[10.2944,42.328],[10.3064,42.3515]]],[[[10.096,42.5907],[10.0858,42.5725],[10.0503,42.5819],[10.0794,42.6139],[10.096,42.5907]]],[[[16.2644,43.5129],[16.3753,43.4902],[16.3333,43.4814],[16.2114,43.4901],[16.2435,43.4949],[16.2644,43.5129]]],[[[14.7532,44.291],[14.7897,44.2669],[14.7599,44.2598],[14.7381,44.2721],[14.7532,44.291]]],[[[14.6135,44.3408],[14.6574,44.3052],[14.5951,44.3471],[14.6135,44.3408]]],[[[14.7967,44.3813],[14.8112,44.35],[14.801,44.3431],[14.7562,44.364],[14.7682,44.3842],[14.7634,44.4154],[14.7829,44.4189],[14.8032,44.4055],[14.7967,44.3813]]],[[[14.2442,44.6614],[14.2804,44.6776],[14.2573,44.6567],[14.264,44.6116],[14.2326,44.626],[14.2442,44.6614]]],[[[50.7578,44.8706],[50.6978,44.8579],[50.7019,44.8806],[50.6887,44.8891],[50.6865,44.9117],[50.6408,44.9333],[50.6279,44.967],[50.678,44.9356],[50.7137,44.9538],[50.7578,44.8706]]],[[[12.3298,45.4588],[12.3638,45.4497],[12.3621,45.4381],[12.3206,45.4298],[12.3298,45.4588]]],[[[52.0,24.2156],[51.9943,24.2192],[52.0,24.2405],[52.0,24.2156]]],[[[51.7117,24.6022],[51.7395,24.5907],[51.7302,24.5652],[51.7117,24.6022]]]]}},{"type":"Feature","properties":{},"geometry":{"type":"MultiPolygon","coordinates":[[[[34.5706,27.9741],[34.6205,27.9204],[34.5181,27.9304],[34.4963,27.9551],[34.4895,27.996],[34.5173,28.0165],[34.5442,27.996],[34.5068,27.9862],[34.5119,27.9675],[34.5706,27.9741]]],[[[11.2658,34.7734],[11.3048,34.7423],[11.297,34.7287],[11.1307,34.6633],[11.1223,34.6804],[11.1706,34.7286],[11.173,34.758],[11.1982,34.744],[11.2221,34.7476],[11.2175,34.7816],[11.2543,34.8258],[11.3042,34.8053],[11.2781,34.7977],[11.2658,34.7734]]],[[[14.2566,36.0756],[14.3342,36.0344],[14.26,36.0135],[14.1849,36.0346],[14.1836,36.0648],[14.2566,36.0756]]],[[[25.418,36.4704],[25.4792,36.4244],[25.4914,36.3977],[25.48,36.3579],[25.4466,36.3363],[25.3617,36.3568],[25.4094,36.3636],[25.4368,36.3909],[25.4163,36.4325],[25.4219,36.4511],[25.3685,36.4666],[25.3821,36.4796],[25.418,36.4704]]],[[[27.8699,36.6243],[27.8767,36.5616],[27.863,36.5554],[27.8767,36.5411],[27.843,36.5279],[27.8283,36.5342],[27.8494,36.5479],[27.7925,36.567],[27.8079,36.5759],[27.76,36.5759],[27.7879,36.6168],[27.861,36.6467],[27.863,36.6379],[27.8223,36.6238],[27.8153,36.61],[27.8357,36.6025],[27.8699,36.6243]]],[[[25.2752,36.7219],[25.2518,36.7267],[25.2627,36.7676],[25.307,36.795],[25.348,36.7471],[25.3994,36.728],[25.4094,36.7124],[25.3901,36.7037],[25.3952,36.6789],[25.3732,36.6537],[25.3379,36.6683],[25.2752,36.7219]]],[[[12.0376,36.8066],[12.0535,36.7676],[12.0306,36.7414],[11.9961,36.7449],[11.9373,36.7888],[11.9222,36.8284],[11.9513,36.8428],[11.9873,36.8242],[11.9995,36.8359],[12.0376,36.8066]]],[[[24.7044,37.0351],[24.7516,36.9858],[24.7658,36.9492],[24.7106,36.9042],[24.6692,36.9785],[24.6765,37.0004],[24.6423,37.0277],[24.6423,37.0488],[24.6893,37.0292],[24.7044,37.0351]]],[[[26.9116,36.9458],[26.9539,37.0279],[26.9436,37.0407],[26.9172,37.0417],[26.8856,37.0756],[26.8898,37.0898],[26.986,37.0488],[26.9729,37.042],[27.0059,37.0162],[27.0071,37.0004],[27.0325,37.0124],[27.0443,36.9962],[27.0404,36.9451],[26.9934,36.9526],[26.9834,36.9295],[26.9451,36.9259],[26.9116,36.9458]]],[[[24.4362,37.1854],[24.4856,37.2061],[24.5205,37.2039],[24.5321,37.1856],[24.5324,37.1301],[24.5188,37.1444],[24.5153,37.1229],[24.4983,37.1103],[24.4983,37.124],[24.4641,37.124],[24.4595,37.1372],[24.4225,37.124],[24.423,37.1547],[24.4437,37.1785],[24.4362,37.1854]]],[[[24.3748,37.4385],[24.4437,37.487],[24.4305,37.446],[24.4827,37.4124],[24.4778,37.3908],[24.4528,37.3835],[24.4437,37.3498],[24.3679,37.3095],[24.3856,37.3612],[24.4021,37.3709],[24.3884,37.3846],[24.3948,37.4118],[24.3679,37.4119],[24.3748,37.4385]]],[[[24.9461,37.433],[24.964,37.4018],[24.8818,37.3635],[24.8887,37.3983],[24.8613,37.3983],[24.8818,37.4256],[24.8682,37.4318],[24.8981,37.4487],[24.8954,37.5104],[24.9297,37.5081],[24.9481,37.4856],[24.9575,37.4597],[24.9461,37.433]]],[[[23.4021,37.906],[23.4395,37.9396],[23.4685,37.932],[23.4977,37.9669],[23.4605,37.9525],[23.422,37.96],[23.4574,37.9736],[23.4295,37.9879],[23.4705,37.9805],[23.4782,37.9988],[23.5182,37.9991],[23.5369,37.988],[23.5462,37.9525],[23.5735,37.9525],[23.5393,37.9395],[23.5435,37.9289],[23.5182,37.8986],[23.5013,37.9061],[23.4671,37.8842],[23.4021,37.906]]],[[[20.728,38.3892],[20.7575,38.3715],[20.7376,38.3715],[20.7637,38.3231],[20.7194,38.3156],[20.6878,38.3367],[20.6953,38.3436],[20.6476,38.4057],[20.6401,38.4466],[20.6145,38.4671],[20.6195,38.4814],[20.6355,38.473],[20.6545,38.5019],[20.6719,38.4975],[20.6611,38.4609],[20.709,38.4466],[20.6748,38.3777],[20.7158,38.3715],[20.7022,38.3852],[20.728,38.3892]]],[[[23.6697,39.1114],[23.6278,39.1473],[23.5872,39.2076],[23.6013,39.2138],[23.6655,39.1697],[23.7305,39.1461],[23.7267,39.1315],[23.7927,39.1181],[23.7412,39.0803],[23.7168,39.0772],[23.6581,39.0977],[23.6697,39.1114]]],[[[23.9216,39.1904],[23.8645,39.144],[23.8335,39.1461],[23.957,39.2895],[23.9502,39.2752],[23.9722,39.2719],[23.967,39.2512],[23.9216,39.1904]]],[[[13.9658,40.7153],[13.8901,40.6942],[13.8491,40.7153],[13.8701,40.7487],[13.8628,40.7624],[13.9658,40.7351],[13.9658,40.7153]]],[[[17.6589,42.743],[17.7305,42.7134],[17.7489,42.6946],[17.3859,42.7709],[17.3738,42.76],[17.3237,42.7908],[17.3923,42.8017],[17.3716,42.7908],[17.486,42.7822],[17.5975,42.7498],[17.5907,42.743],[17.6589,42.743]]],[[[15.3096,43.9584],[15.2612,44.0111],[15.384,43.9702],[15.3916,43.9422],[15.4268,43.9221],[15.4461,43.8875],[15.3587,43.9194],[15.3568,43.9354],[15.3096,43.9584]]],[[[15.2544,44.0179],[15.2233,44.0503],[15.2066,44.0452],[15.1991,44.0588],[15.1891,44.0478],[15.1218,44.0922],[15.0687,44.134],[15.0755,44.1408],[15.0625,44.1619],[15.2258,44.0662],[15.2471,44.0467],[15.2544,44.0179]]],[[[36.5427,25.7393],[36.5425,25.8019],[36.5584,25.8364],[36.5908,25.8605],[36.5554,25.7963],[36.5978,25.7584],[36.5884,25.7143],[36.6111,25.7095],[36.583,25.6987],[36.5427,25.7393]]],[[[47.9971,45.5205],[47.9907,45.4487],[47.9598,45.4758],[47.9177,45.5701],[47.9175,45.6328],[47.957,45.6505],[47.9971,45.5205]]]]}},{"type":"Feature","properties":{},"geometry":{"type":"MultiPolygon","coordinates":[[[[28.2258,36.418],[28.2363,36.373],[28.2112,36.3577],[28.2051,36.3227],[28.1755,36.2904],[28.1634,36.2377],[28.1305,36.1855],[28.1033,36.1855],[28.0858,36.165],[28.0617,36.1165],[28.0964,36.1035],[28.0759,36.0756],[28.0896,36.0551],[28.0376,36.0684],[27.9934,36.062],[27.9323,36.0253],[27.8274,35.9138],[27.7804,35.89],[27.7327,35.9151],[27.7123,35.9527],[27.7541,36.0372],[27.7571,36.0844],[27.7088,36.1271],[27.7123,36.1445],[27.6843,36.1581],[27.772,36.1978],[27.8032,36.2702],[27.8374,36.281],[27.8997,36.3402],[28.1184,36.4277],[28.1839,36.4245],[28.2139,36.4555],[28.2398,36.4387],[28.2258,36.418]]],[[[20.7184,38.0663],[20.6817,38.0978],[20.6146,38.1198],[20.5807,38.1155],[20.565,38.0903],[20.5098,38.1108],[20.4688,38.1928],[20.5098,38.1797],[20.4453,38.2762],[20.4351,38.2788],[20.4279,38.2617],[20.436,38.2125],[20.4253,38.1753],[20.3801,38.1518],[20.374,38.169],[20.3454,38.1821],[20.339,38.2002],[20.3569,38.2286],[20.3516,38.2459],[20.3921,38.3001],[20.3999,38.3641],[20.4067,38.3436],[20.4273,38.3633],[20.479,38.3095],[20.5298,38.3375],[20.5396,38.3742],[20.5309,38.392],[20.5513,38.3852],[20.5378,38.4739],[20.5718,38.4739],[20.6258,38.3518],[20.6261,38.3284],[20.5991,38.3026],[20.6305,38.258],[20.6429,38.2534],[20.6817,38.2821],[20.6748,38.2678],[20.6935,38.2646],[20.709,38.227],[20.7513,38.1968],[20.805,38.1158],[20.7947,38.0661],[20.7184,38.0663]]],[[[26.1636,38.5428],[26.1444,38.4929],[26.1219,38.4875],[26.1424,38.4739],[26.1364,38.4677],[26.1541,38.4673],[26.1393,38.4189],[26.1636,38.3026],[26.1135,38.2842],[26.1022,38.2617],[26.1121,38.2226],[26.0401,38.2002],[26.0098,38.1567],[25.9646,38.1719],[25.9104,38.227],[25.8898,38.2206],[25.8898,38.248],[25.8661,38.2457],[25.8762,38.2753],[25.9343,38.3026],[25.9644,38.3026],[25.9756,38.3372],[25.9922,38.3436],[25.989,38.3793],[25.9854,38.392],[25.978,38.3852],[25.9507,38.4057],[25.9556,38.4282],[25.9439,38.4534],[25.8898,38.4739],[25.8433,38.5153],[25.8328,38.5441],[25.8489,38.5804],[26.0159,38.602],[26.064,38.59],[26.1082,38.5428],[26.1219,38.5565],[26.1157,38.5633],[26.1436,38.5644],[26.1636,38.5428]]],[[[48.3338,29.6793],[48.2663,29.616],[48.229,29.5999],[48.1858,29.6039],[48.1616,29.6297],[48.0851,29.7678],[48.0461,29.8004],[48.1133,29.8391],[48.1192,29.8736],[48.0851,29.8799],[48.0951,29.8947],[48.1587,29.8792],[48.1608,29.9016],[48.1974,29.9254],[48.1472,29.9351],[48.1404,29.9698],[48.1227,29.9697],[48.1209,29.9814],[48.1621,29.9957],[48.1887,29.9835],[48.3445,29.7906],[48.3595,29.7545],[48.3338,29.6793]]]]}},{"type":"Feature","properties":{},"geometry":{"type":"MultiPolygon","coordinates":[[[[26.3123,35.2969],[26.266,35.26],[26.2995,35.1855],[26.3211,35.1979],[26.285,35.1507],[26.294,35.1365],[26.2775,35.1],[26.2354,35.0341],[26.1472,35.0023],[26.1052,34.9993],[26.0817,35.0198],[26.0203,35.0209],[25.9849,35.0391],[25.8081,35.0058],[25.6012,35.0136],[25.5062,34.9846],[25.3477,34.9915],[25.2232,34.9542],[25.1509,34.9557],[25.1078,34.9379],[24.7385,34.9316],[24.7552,34.9579],[24.759,35.0415],[24.7428,35.0772],[24.7181,35.094],[24.5646,35.1061],[24.5007,35.1524],[24.4641,35.1501],[24.4038,35.175],[24.4021,35.1911],[24.2932,35.1823],[24.2178,35.1911],[24.2039,35.2054],[24.0846,35.2045],[24.0498,35.1911],[23.9876,35.2333],[23.9019,35.2312],[23.8267,35.2526],[23.7821,35.2347],[23.7117,35.2367],[23.6834,35.2258],[23.6691,35.2373],[23.6105,35.2349],[23.5872,35.2395],[23.5803,35.26],[23.553,35.2668],[23.5182,35.2941],[23.5182,35.3078],[23.553,35.3215],[23.5386,35.3741],[23.5735,35.4348],[23.5598,35.4518],[23.5776,35.4929],[23.5661,35.5275],[23.5803,35.5759],[23.6047,35.6126],[23.6199,35.5241],[23.6594,35.5012],[23.7184,35.5128],[23.7305,35.5542],[23.7112,35.6489],[23.7415,35.687],[23.779,35.6715],[23.7678,35.6539],[23.779,35.5759],[23.8171,35.5348],[24.0254,35.5207],[24.0447,35.5277],[24.0576,35.5529],[24.0941,35.5542],[24.0818,35.5899],[24.1152,35.6013],[24.183,35.5856],[24.2033,35.5418],[24.183,35.5133],[24.0812,35.515],[24.0669,35.507],[24.072,35.4984],[24.1867,35.4518],[24.2525,35.4791],[24.2655,35.3699],[24.3401,35.3483],[24.4281,35.3697],[24.4641,35.3625],[24.721,35.4272],[24.8408,35.404],[24.8955,35.4245],[24.9575,35.404],[24.9712,35.4245],[25.0532,35.404],[25.0553,35.3552],[25.077,35.3445],[25.1971,35.3494],[25.2214,35.3357],[25.376,35.3432],[25.4253,35.2995],[25.4536,35.2941],[25.6599,35.3494],[25.7664,35.3357],[25.7248,35.2941],[25.7293,35.2646],[25.739,35.26],[25.7378,35.2774],[25.751,35.2841],[25.759,35.26],[25.7322,35.2463],[25.7248,35.1911],[25.7127,35.1828],[25.7285,35.1334],[25.7953,35.1151],[25.8303,35.1224],[25.8477,35.1506],[25.8831,35.1645],[25.8967,35.1849],[25.9785,35.1955],[26.0606,35.2333],[26.1196,35.2153],[26.1082,35.2054],[26.1297,35.1959],[26.1551,35.1979],[26.1978,35.2191],[26.1909,35.2258],[26.2595,35.2845],[26.294,35.2879],[26.294,35.3153],[26.3211,35.3153],[26.3123,35.2969]]],[[[34.3197,35.5862],[34.5925,35.692],[34.5728,35.6435],[34.5423,35.6373],[34.3523,35.5207],[34.1377,35.4151],[34.0438,35.3153],[33.9714,35.3213],[33.9236,35.2786],[33.9074,35.2429],[33.8999,35.1645],[34.051,35.033],[34.0991,34.9652],[34.0345,34.9725],[34.0116,34.9876],[33.9573,34.9819],[33.9102,34.9702],[33.8623,34.9379],[33.8042,34.9726],[33.7604,34.9797],[33.6803,34.9663],[33.6467,34.932],[33.6326,34.8525],[33.6056,34.8218],[33.5442,34.815],[33.5132,34.7855],[33.4387,34.7628],[33.4152,34.7585],[33.4002,34.7734],[33.3992,34.7453],[33.2601,34.7005],[33.0864,34.6948],[33.0259,34.6513],[33.0099,34.6249],[33.0091,34.5974],[33.0303,34.5685],[32.9409,34.5685],[32.9447,34.5937],[32.9136,34.6567],[32.8343,34.671],[32.7074,34.6454],[32.459,34.7219],[32.4133,34.7535],[32.3792,34.8491],[32.3294,34.8864],[32.3314,34.9242],[32.3122,34.9503],[32.3059,35.0014],[32.2761,35.0478],[32.2752,35.0911],[32.2866,35.0972],[32.3723,35.0415],[32.45,35.0588],[32.554,35.178],[32.5747,35.1706],[32.6504,35.1881],[32.7454,35.178],[32.8284,35.1486],[32.8652,35.157],[32.9147,35.2008],[32.9294,35.233],[32.936,35.3366],[32.9204,35.3978],[33.0698,35.3587],[33.1401,35.3622],[33.4275,35.3289],[33.6603,35.3593],[33.7835,35.4167],[33.8346,35.41],[34.0356,35.4714],[34.1312,35.5113],[34.1817,35.5542],[34.3197,35.5862]]],[[[15.5593,38.3001],[15.6516,38.2753],[15.5697,38.227],[15.5599,38.1998],[15.5759,38.2002],[15.5003,38.0849],[15.3926,37.9761],[15.2663,37.8119],[15.2131,37.7615],[15.2066,37.7477],[15.2202,37.7067],[15.2022,37.6854],[15.1638,37.5677],[15.1159,37.5223],[15.0916,37.4775],[15.0921,37.3605],[15.1035,37.3298],[15.18,37.2908],[15.2175,37.285],[15.252,37.2577],[15.2612,37.2338],[15.2449,37.2462],[15.2202,37.2202],[15.2217,37.2375],[15.2054,37.2447],[15.1929,37.24],[15.1991,37.2276],[15.1834,37.2075],[15.2165,37.1552],[15.2476,37.1587],[15.2292,37.1496],[15.2466,37.1182],[15.3032,37.1012],[15.3027,37.0625],[15.2879,37.069],[15.2837,37.0484],[15.3211,37.0402],[15.3324,37.0116],[15.3089,37.0178],[15.2681,37.0004],[15.2681,36.9731],[15.1747,36.9441],[15.1584,36.9242],[15.094,36.7995],[15.1343,36.6752],[15.0939,36.6549],[15.0072,36.7028],[14.9824,36.6889],[14.8822,36.7307],[14.7808,36.6994],[14.7443,36.7191],[14.6846,36.726],[14.6589,36.7538],[14.5822,36.7813],[14.4873,36.7934],[14.3945,36.945],[14.2788,37.044],[14.1263,37.1123],[13.8944,37.1008],[13.8327,37.1396],[13.7158,37.1714],[13.5692,37.2735],[13.4526,37.2988],[13.278,37.3937],[13.2533,37.4318],[13.1741,37.487],[13.0515,37.5007],[13.0264,37.4932],[13.0,37.5355],[12.9426,37.5685],[12.8622,37.5764],[12.6594,37.5651],[12.5778,37.652],[12.5062,37.6655],[12.427,37.797],[12.4274,37.8093],[12.465,37.8228],[12.4787,37.8812],[12.4641,37.9129],[12.5029,37.9971],[12.4929,38.0214],[12.5763,38.0717],[12.6084,38.0624],[12.6516,38.0915],[12.6624,38.1163],[12.7046,38.1108],[12.7254,38.1259],[12.7199,38.1755],[12.7318,38.1928],[12.7378,38.181],[12.7609,38.181],[12.8184,38.0779],[12.9011,38.0281],[12.9442,38.0329],[13.0614,38.0835],[13.0713,38.0955],[13.0547,38.1418],[13.0894,38.166],[13.0838,38.1747],[13.1009,38.1901],[13.2072,38.1761],[13.2303,38.1846],[13.239,38.207],[13.3181,38.2206],[13.3284,38.2002],[13.3719,38.1728],[13.3914,38.1032],[13.5135,38.1105],[13.5413,38.0941],[13.5474,38.0562],[13.6511,38.001],[13.7119,37.9879],[13.7051,37.9805],[13.7908,37.9736],[14.0205,38.0494],[14.0833,38.0238],[14.1514,38.0289],[14.2732,38.0151],[14.3846,38.0295],[14.4319,38.0494],[14.4641,38.0372],[14.5117,38.0444],[14.6346,38.0815],[14.7337,38.1576],[14.7981,38.1603],[14.9071,38.1877],[14.945,38.1818],[14.9697,38.1592],[15.049,38.1518],[15.0879,38.1282],[15.1774,38.1563],[15.2407,38.2412],[15.2372,38.2648],[15.2454,38.2172],[15.2918,38.207],[15.3997,38.2326],[15.5129,38.2976],[15.5593,38.3001]]]]}},{"type":"Feature","properties":{},"geometry":{"type":"MultiPolygon","coordinates":[[[[50.3827,26.1597],[50.4192,26.1661],[50.4235,26.12],[50.3859,26.1232],[50.3805,26.1393],[50.3827,26.1597]]],[[[50.6328,26.2874],[50.6553,26.2767],[50.6564,26.2466],[50.6843,26.222],[50.6736,26.2026],[50.6575,26.2112],[50.6478,26.2391],[50.6124,26.2413],[50.5995,26.2628],[50.6016,26.2789],[50.6328,26.2874]]],[[[50.7553,25.702],[50.8009,25.7311],[50.7832,25.697],[50.7958,25.6849],[50.7623,25.6679],[50.7762,25.6387],[50.7566,25.5799],[50.7376,25.5957],[50.749,25.621],[50.7414,25.6742],[50.7553,25.702]]],[[[50.7756,25.7527],[50.7914,25.7489],[50.7806,25.7451],[50.7756,25.7527]]],[[[50.8199,25.6786],[50.8167,25.6691],[50.8085,25.6641],[50.8047,25.6792],[50.8199,25.6786]]],[[[50.7851,25.6482],[50.8167,25.6444],[50.8116,25.6318],[50.7908,25.6305],[50.7851,25.6482]]],[[[36.6573,22.2637],[36.6599,22.2443],[36.6581,22.2549],[36.631,22.2521],[36.6375,22.2769],[36.6489,22.2814],[36.6573,22.2637]]],[[[36.1943,22.6853],[36.2009,22.6517],[36.17,22.6838],[36.1943,22.6853]]],[[[36.0663,22.7328],[36.0557,22.7433],[36.0421,22.7209],[36.0383,22.7372],[36.0663,22.7669],[36.0663,22.7328]]],[[[36.2219,22.7927],[36.2502,22.7895],[36.2066,22.7843],[36.1968,22.7909],[36.2179,22.7934],[36.214,22.8136],[36.2219,22.7927]]],[[[35.7184,23.1986],[35.6738,23.2248],[35.6365,23.2279],[35.6008,23.2162],[35.6147,23.2027],[35.5897,23.211],[35.5822,23.2266],[35.6915,23.2379],[35.7184,23.1986]]],[[[36.1903,23.5929],[36.1841,23.6241],[36.2064,23.6146],[36.2046,23.6015],[36.1903,23.5929]]],[[[37.1062,24.9661],[37.1121,24.9446],[37.0691,24.9533],[37.0747,24.9832],[37.1062,24.9661]]],[[[35.7481,27.136],[35.7848,27.0792],[35.7507,27.1126],[35.7481,27.136]]],[[[49.0641,30.4697],[49.0384,30.4697],[49.0293,30.4578],[49.0085,30.4659],[49.0115,30.4988],[49.0622,30.5012],[49.0641,30.4697]]],[[[25.7318,34.8793],[25.7096,34.8659],[25.6801,34.8745],[25.688,34.8813],[25.7318,34.8793]]],[[[26.1475,34.9431],[26.133,34.9226],[26.1219,34.9359],[26.1275,34.9474],[26.1475,34.9431]]],[[[25.2461,35.4497],[25.2367,35.4274],[25.1841,35.4444],[25.2226,35.4637],[25.2461,35.4497]]],[[[14.3218,36.017],[14.3506,36.0095],[14.3246,36.0034],[14.3218,36.017]]],[[[29.6557,36.1362],[29.6606,36.1323],[29.6566,36.131],[29.6557,36.1362]]],[[[29.7507,36.1388],[29.7641,36.1357],[29.7386,36.1223],[29.7507,36.1388]]],[[[29.494,36.1611],[29.499,36.1497],[29.4854,36.1553],[29.494,36.1611]]],[[[29.6021,36.1478],[29.5778,36.1254],[29.5592,36.121],[29.5796,36.1619],[29.5953,36.1667],[29.6021,36.1478]]],[[[33.778,36.1737],[33.7813,36.1787],[33.7876,36.1815],[33.778,36.1737]]],[[[29.8397,36.1706],[29.912,36.1995],[29.8846,36.1731],[29.8397,36.1706]]],[[[29.3459,36.2139],[29.3587,36.2182],[29.349,36.2082],[29.3459,36.2139]]],[[[29.4436,36.218],[29.4522,36.2204],[29.4436,36.2126],[29.4436,36.218]]],[[[27.7207,36.2768],[27.7048,36.2471],[27.6956,36.2538],[27.7022,36.2661],[27.6841,36.2644],[27.7005,36.2837],[27.7207,36.2768]]],[[[22.9698,36.5112],[22.986,36.4582],[22.9658,36.4761],[22.9251,36.4691],[22.9459,36.4999],[22.9698,36.5112]]],[[[28.1227,36.5987],[28.1288,36.5991],[28.1264,36.597],[28.1227,36.5987]]],[[[28.9115,36.6807],[28.9384,36.6761],[28.9154,36.6555],[28.9115,36.6807]]],[[[27.109,36.9487],[27.1629,36.957],[27.1751,36.9225],[27.137,36.9229],[27.109,36.9487]]],[[[27.4808,36.9787],[27.4902,36.966],[27.4771,36.9582],[27.4235,36.9918],[27.4808,36.9787]]],[[[27.1092,37.0578],[27.0964,37.0534],[27.0779,37.0572],[27.0846,37.0641],[27.1092,37.0578]]],[[[21.5528,37.0644],[21.5557,37.0425],[21.5466,37.0323],[21.5373,37.0574],[21.5528,37.0644]]],[[[10.8058,37.1407],[10.8229,37.1183],[10.7903,37.1272],[10.8058,37.1407]]],[[[27.0929,37.2721],[27.0877,37.302],[27.1034,37.2995],[27.0922,37.2877],[27.1058,37.2787],[27.0929,37.2721]]],[[[26.7673,37.2774],[26.7593,37.2977],[26.7196,37.3013],[26.7098,37.3141],[26.7202,37.328],[26.7497,37.3091],[26.7896,37.3046],[26.7845,37.277],[26.7673,37.2774]]],[[[26.7405,37.3669],[26.7098,37.4026],[26.7166,37.4127],[26.759,37.3761],[26.7405,37.3669]]],[[[26.979,37.4757],[27.0073,37.4516],[26.9883,37.4588],[26.9583,37.4439],[26.9269,37.4742],[26.979,37.4757]]],[[[23.9406,37.4682],[23.9261,37.467],[23.8981,37.4945],[23.9196,37.4883],[23.9406,37.4682]]],[[[27.1844,37.5587],[27.1495,37.5967],[27.1594,37.599],[27.1844,37.5587]]],[[[26.4566,37.5798],[26.4467,37.5647],[26.4297,37.5775],[26.396,37.5761],[26.4404,37.6026],[26.4566,37.5798]]],[[[26.5407,37.6167],[26.4991,37.5753],[26.5109,37.5495],[26.5007,37.5278],[26.474,37.5688],[26.474,37.6026],[26.4981,37.5854],[26.5138,37.5986],[26.5101,37.6243],[26.4971,37.6274],[26.5052,37.6505],[26.5307,37.6418],[26.5282,37.626],[26.5407,37.6167]]],[[[23.9534,37.6568],[23.9597,37.6428],[23.9356,37.6459],[23.9386,37.6571],[23.9534,37.6568]]],[[[24.138,37.7528],[24.1486,37.7226],[24.1052,37.6452],[24.0999,37.6594],[24.1264,37.743],[24.138,37.7528]]],[[[23.7516,37.7695],[23.7668,37.7695],[23.7566,37.763],[23.7516,37.7695]]],[[[24.2756,38.0092],[24.2778,37.9851],[24.2287,37.9828],[24.2541,38.02],[24.2756,38.0092]]],[[[26.3554,38.4532],[26.354,38.4262],[26.3291,38.422],[26.3254,38.4413],[26.3554,38.4532]]],[[[26.2749,38.512],[26.2933,38.4985],[26.2904,38.4918],[26.2749,38.512]]],[[[26.2681,38.5205],[26.2525,38.502],[26.2041,38.5146],[26.1851,38.5422],[26.2681,38.5205]]],[[[26.7316,38.4584],[26.6929,38.4829],[26.7,38.5423],[26.7224,38.5327],[26.7312,38.4949],[26.7455,38.4833],[26.7438,38.4637],[26.7316,38.4584]]],[[[25.5078,38.5526],[25.5182,38.5291],[25.4937,38.5322],[25.5078,38.5526]]],[[[24.3697,38.8431],[24.3578,38.8275],[24.3426,38.8341],[24.3524,38.85],[24.3697,38.8431]]],[[[24.099,39.0554],[24.099,39.0924],[24.1174,39.1031],[24.1241,39.0629],[24.099,39.0554]]],[[[20.2288,39.1564],[20.2583,39.1329],[20.2151,39.1479],[20.2288,39.1564]]],[[[24.3226,39.3688],[24.3307,39.3641],[24.321,39.3308],[24.3124,39.3348],[24.3226,39.3688]]],[[[24.183,39.3939],[24.1534,39.3621],[24.1423,39.371],[24.1729,39.4275],[24.183,39.3939]]],[[[19.5309,39.77],[19.5317,39.7563],[19.5135,39.7842],[19.5309,39.77]]],[[[19.3829,39.863],[19.4325,39.8663],[19.4095,39.8413],[19.3818,39.8452],[19.3829,39.863]]],[[[19.5656,39.8912],[19.5946,39.891],[19.5925,39.8795],[19.5752,39.8758],[19.5656,39.8912]]],[[[23.8874,40.3266],[23.9118,40.3411],[23.9414,40.3101],[23.9369,40.3093],[23.8874,40.3266]]],[[[19.2876,40.4995],[19.2787,40.475],[19.2612,40.5055],[19.2709,40.5133],[19.2876,40.4995]]],[[[14.2575,40.5567],[14.2462,40.5439],[14.196,40.5412],[14.1986,40.5585],[14.2575,40.5567]]],[[[28.542,40.5644],[28.5316,40.5147],[28.5191,40.5102],[28.5191,40.5615],[28.542,40.5644]]],[[[14.0307,40.7643],[14.0171,40.7373],[14.001,40.744],[14.0131,40.7692],[14.0307,40.7643]]],[[[29.1148,40.8681],[29.1299,40.8705],[29.1178,40.8326],[29.1045,40.8394],[29.1148,40.8681]]],[[[12.9485,40.9179],[12.9918,40.9332],[12.9686,40.9195],[12.9665,40.8931],[12.952,40.8815],[12.9421,40.8998],[12.9485,40.9179]]],[[[12.8504,40.926],[12.8604,40.9483],[12.8617,40.9307],[12.8504,40.926]]],[[[13.05,40.9669],[13.0622,40.9755],[13.061,40.9652],[13.05,40.9669]]],[[[15.4928,42.1238],[15.4921,42.1074],[15.4777,42.1041],[15.4782,42.1135],[15.4928,42.1238]]],[[[11.1105,42.2612],[11.1024,42.2543],[11.1065,42.2378],[11.092,42.2565],[11.1105,42.2612]]],[[[16.3385,42.3775],[16.3401,42.3759],[16.3392,42.3755],[16.3385,42.3775]]],[[[16.3351,42.378],[16.3367,42.3786],[16.3361,42.378],[16.3351,42.378]]],[[[16.2713,42.388],[16.272,42.3861],[16.2704,42.3868],[16.2713,42.388]]],[[[16.2756,42.3894],[16.2761,42.3879],[16.2745,42.388],[16.2756,42.3894]]],[[[16.2595,42.3939],[16.2669,42.3898],[16.258,42.39],[16.2595,42.3939]]],[[[17.9126,42.7215],[17.9054,42.7006],[17.8451,42.7321],[17.8367,42.7531],[17.9126,42.7215]]],[[[16.5069,42.7716],[16.5342,42.7629],[16.5256,42.757],[16.4862,42.7517],[16.5069,42.7716]]],[[[16.0225,42.9791],[16.0181,42.9573],[15.9929,42.9523],[16.0028,42.9926],[16.0225,42.9791]]],[[[15.7617,43.0331],[15.7503,43.0171],[15.7214,43.0181],[15.7257,43.0252],[15.7617,43.0331]]],[[[16.738,43.0924],[16.7197,43.0819],[16.66,43.0895],[16.6822,43.0996],[16.738,43.0924]]],[[[16.1494,43.459],[16.1704,43.4361],[16.115,43.4294],[16.1214,43.4478],[16.1494,43.459]]],[[[15.8619,43.6894],[15.8684,43.6626],[15.8241,43.7],[15.8416,43.7073],[15.8619,43.6894]]],[[[15.7192,43.6774],[15.697,43.6814],[15.7038,43.6891],[15.6745,43.7171],[15.7263,43.69],[15.7192,43.6774]]],[[[15.6644,43.7711],[15.6311,43.7714],[15.5675,43.832],[15.5863,43.8229],[15.5947,43.8314],[15.6644,43.7711]]],[[[15.1583,44.0033],[15.0776,44.0531],[15.0729,44.0808],[15.1001,44.0685],[15.1583,44.0033]]],[[[15.0737,44.289],[15.0304,44.2981],[15.0309,44.3267],[15.1372,44.2883],[15.1169,44.2817],[15.0878,44.2989],[15.0737,44.289]]],[[[14.7231,44.3517],[14.693,44.3598],[14.6651,44.4075],[14.7017,44.4016],[14.7021,44.378],[14.7231,44.3517]]],[[[14.8884,44.4562],[14.9609,44.4001],[14.8929,44.4418],[14.8884,44.4562]]],[[[47.5196,44.4862],[47.5339,44.4245],[47.4623,44.4582],[47.4732,44.483],[47.4945,44.4915],[47.5196,44.4862]]],[[[14.2824,44.5223],[14.3208,44.5092],[14.2987,44.4964],[14.2824,44.5223]]],[[[50.5717,44.8441],[50.6208,44.8071],[50.5655,44.7674],[50.5639,44.8361],[50.5717,44.8441]]],[[[13.7783,44.9108],[13.7473,44.8876],[13.7501,44.9132],[13.7354,44.9239],[13.7783,44.9108]]],[[[14.8358,44.8868],[14.7786,44.9085],[14.7679,44.9285],[14.8071,44.9205],[14.8358,44.8868]]],[[[14.5475,44.9609],[14.5348,44.9557],[14.4858,44.9836],[14.5277,44.986],[14.5475,44.9609]]],[[[47.999,45.2299],[48.0322,45.2165],[48.0456,45.1916],[47.9979,45.1774],[47.9828,45.214],[47.999,45.2299]]],[[[12.4141,45.4731],[12.3961,45.4494],[12.3752,45.4538],[12.3973,45.46],[12.4141,45.4731]]],[[[48.5934,45.7347],[48.5977,45.6903],[48.5893,45.6636],[48.5721,45.6589],[48.552,45.7702],[48.5934,45.7347]]]]}}]}