book	chapter	ms	bytes	sha256
GEN	1	342864	2743864	7832691a8184a62fb73515344bca36815c980eb4ab7d56813e03e03486b7d981
GEN	2	277128	2217862	da72dc1cc65d543f10b552ad63256cb4d5e6ff186cd1d850aa1e0b105f16ffdd
GEN	3	283848	2271779	895dded7d2c17e9b05ec947b7335e7933a97c887ca585b7f1321d44fa368fb31
GEN	4	292800	2343250	9ffcd27525a65bb77378b9270a90ae32cfce4c8d097e0fbf12a41ddf4637fecd
GEN	5	232368	1859880	649bac933ec79ce3de022589b8446b755249a5076ecb0774d2643edfea5dd385
GEN	6	262872	2103968	3b18715dfc30a4fbaaf5810c9e94743b6e75169892034cbb1a4e855300001631
GEN	7	248040	1985268	ebf39c4068f20d52a20128b497bf741cbbad5454a8bc516aa8f245933005f916
GEN	8	242496	1940964	014e461f3d56133018cc5537c718ba4a35a47702425d1a13c07ef61edcd48029
GEN	9	285912	2288288	dc1423ccd07e818e8e7d0815ab67bf529457d182ddc6f8e7100ff06fa4b1b7ab
GEN	10	289008	2312951	40b4539268bfdebbb3e1fc985ac88876d1a7ab1b1e4fce336e6d119318509942
GEN	11	314856	2519840	f7915616c622f8a8d5ac2c4ee365181688dd9fcc8fd71591286a2346b459e586
GEN	12	251256	2010975	240ce1771ba260b8ae4602d5ddfb473bc43122dbc2463d3ba2b622a5adb824b8
GEN	13	215208	1722583	6305cf576fb4eadf1477149e74a78f3744b2fb9e419e840c75bac07b125790f4
GEN	14	324816	2599462	74094ca20267cba0ffd17f60cd7885c9803b250cda51ed9f85b8641174590a23
GEN	15	227304	1819341	ea85e7bed48aeca108088d4199645cc6df5e1022db4e569bce23d3a2868502e9
GEN	16	215688	1726345	893c91b35b9f9537a01f370ae3b7f8023dcb308a794c1c133720d32685c689d2
GEN	17	331752	2654841	15b5c007bcc79cb581e9cb7b2089d83a7e9d8b4a2f290c606100ebfc1bc1cf3c
GEN	18	382848	3063605	073eb111dd71717722990803a65a125cbf32f9dd4c8dc544df46f1dd1e49bf70
GEN	19	468048	3745297	6c1dd6aa5ad5ac08e815e00f149f85a764d6345a8eb1bbf8cb3d0e6f38dec9c7
GEN	20	239712	1918606	d7e63cb4c0fdfb57d36deb7954d60d0b8ba9a2977d2b7439a1c7ad889f1f340e
GEN	21	344136	2753898	de3275997e620cbd1d51d77eafd8ec2159a16266f85d7bde9e4af4c0d8be06de
GEN	22	300456	2404484	96209baa365a9bca3d443ca49691464fb0de3686d77baede44bd1377b5dc058e
GEN	23	234552	1877228	67a0173deef3ccd323223bccf40a902bf2a7911e95492554dc9d2c92ebc3289e
GEN	24	757344	6059746	dad07bedd9495de5e39c3b2717d76acf3f5d5153af666763fe62d168d1b5bc38
GEN	25	344544	2757241	d9ce39c1de48e464016d8773b02cb5d38e3d048e2487bf30ffa8adc81386c567
GEN	26	353376	2827876	275d526f6850576c7fad9cf73db8df22539ccf2ec9496d24387808824f75a58e
GEN	27	515448	4124386	6797a4357c2d3cd561fcca0304ee7691c4d18589e1e1dad988e89635977d5d3c
GEN	28	240600	1925712	68e5563526675eeb0d575d24a4d831f938e606221763e8c477f996212caa1793
GEN	29	343320	2747419	3029e3ef8fe11650fba7d6cee7a9f1ea22e9c59ba6b9709f21bb4fcfdb6ba28b
GEN	30	416400	3332144	daa3e5aaf267ff40f72aafb2b1365be29328a62488e4c29ba9db7228c57681b6
GEN	31	606192	4850381	6755c4d80a0c71266ebce77f1fbccac4de2c356271524c9f1542a026da6e20ba
GEN	32	344136	2753898	43fd9d441dedef68b843ce10a2cdcb62e7b3be18d1f50210700ced56731c24bd
GEN	33	219432	1756438	fca487d2e61600f5f5905a7e82e3339d73d54dab03c5e74df66ba4c5f7c2093b
GEN	34	352080	2817636	68eb50f367af51a66c170207dfc06b919c7c2fee798cfe58581a7db3caca0a22
GEN	35	302592	2421620	5cbe589c5108f2ebf9e6f32cc869ef2f104704da302a5988160a78a74d209f18
GEN	36	399264	3195054	7002352a0b6b3807dca4d0002bcbc70aae3ed5de95c9c7884f933041e4ff2347
GEN	37	383856	3071756	bf834904d2290f916ad2fb040bf521d7aea0e399fd572093c4fbafc21f3973b1
GEN	38	312816	2503331	b3bb0a219fede6a6b0b37e4f3573cabf091a666907309da6db760ad7659d0202
GEN	39	234024	1873049	3fdd0589ba396ec10413ab239d9bec1e329307cd94980129b74c02699b1ec9d2
GEN	40	231192	1850479	041eaaf404e468feb356f7b2d9b9ae299fd556bb8b5d240ccae1c68a22788627
GEN	41	565032	4521238	edf44f94ae102d0341d0a63528cd868d2d3ea4d6c2e27313e69208ec63dc18dc
GEN	42	408336	3267569	40867d82378d5b49595c389af852b06253c753627d2cad9705cb6e30dd380dc3
GEN	43	439272	3515001	6d2c8a88040a34ac7a3e354d1888f785dccf5638aae00383e57a80f0902efa05
GEN	44	410448	3284497	608858f1c03316a97da9d701da5d58bc4d5f38c6a182c32b51becd6240ca9d12
GEN	45	343512	2749091	baf45f18a59d4214f326d25b2c7ad668508a75f85dbda5b9dd5ab684ff6f258b
GEN	46	370560	2965385	e4ec1aa96aabc576b37c596b3790c32ce5fb550398187b6080da4a7fa9fbf0fb
GEN	47	429720	3438724	1a88a6e9f6d5a59425d3ea707ce4230f2f120386dde671b4ed6f6bee804f8009
GEN	48	293304	2347432	6369b0433aa186c3345e89e4c0d5a7bdddcdf881a87550c472090c2d379ef9e0
GEN	49	353472	2828712	4074b058be1d44f044500c1d42cc15cb54dbd994fa8640f4e2df49f1e9697492
GEN	50	331008	2648990	f48bdf9e3bb0aeb5412ac78e990cb1ec3986f7c775531f52952c35e4a4f197a8
EXO	1	191376	1531997	708ac5ad07886f05a8c01f706759ec72b24e1af6f32e5d7f91cb9f43a53d42db
EXO	2	254184	2034384	5e05bd5c7461fe74d7971df87a0cb5f16d3f0d68885918ea447f9adbe24e501d
EXO	3	284760	2278890	e253072a4aabf43d80b753c817858ad540a51caf4e04074ba11f3ede16496ee5
EXO	4	326856	2615765	329d1dbafd45cb8ba158332e0076e438098a42aa18aabd461142492e6c13663d
EXO	5	240168	1922162	7071d588b265d7f4791dd7738c1797db3152b4bc463de52c4577b9d985aaef50
EXO	6	296520	2373140	69dfc334c4589ebfbec880f5375d2b149b27fcdfc0e4c3c7e08928562b81f777
EXO	7	267240	2138874	bfb4511c835b362613933749ed4ba2d7b1f1ca8996e0c64e180c8d6251da910f
EXO	8	368376	2947834	180f660a5881b66bb529495cbd669ea951cbeedccbdfab77455f393f76b17a5a
EXO	9	368112	2945744	2a177cf3b0bc92889b6d83980bc5008efa7a7d09e0b5c8eac2948394e93d67a9
EXO	10	340752	2726945	3ae021d9d1fb9d4b018fd377b4fca45ed655480bfaa496ab2ad662d8da22cdbd
EXO	11	125712	1006625	f050798d16f33c5efcbe623d35a60fbfb657b9aaf6ee23a7eca08d434d950478
EXO	12	514848	4119794	aa95835fc6c5d05badfd59dd2f4a3e6c84f16d6d9f9b57887ec76d63d413ce31
EXO	13	243720	1950586	f97e073d5c16fcbcfa006b12b6577c1a52714822ccac3e538eaea2e9cef37d24
EXO	14	342768	2743037	544e0a2a645cce2027186cb4aa1cb3434d448b8b6e19e55170bda47b42c88118
EXO	15	284520	2277012	bd65969ba41b8ed78e86c145f73c244fd04b08899259f0b439fc174602e4c9f2
EXO	16	387624	3101855	456c0a3674819e2bc64215858452125b249897aa44a0786d7e44f60f63fc7ac5
EXO	17	194640	1558122	4594204220f322949c5e46055176326800a709ac169effba1ffa9a5d508958f5
EXO	18	278952	2232500	234cf41029221dd75d1765a0cdc135887afe6505fed76fcf7304dfb402d8345f
EXO	19	284856	2279729	f3fb7e782fc751e64e5ce63e0a1c430e8daa47436e8e50122416c63e77ebcee2
EXO	20	249528	1997189	b9175807d634514d59ff9a4306eeabb2cba22766dbcfc3c3ddc58f8f00331937
EXO	21	360288	2883262	4fc2b0893b05b913a57349fb27b41c16f4b0c12ad56d2492a4c407592c10b0e6
EXO	22	307656	2462168	5afda66f6d09327323f269c08e0b6bbf0cb24f5a635b98a1dbcb6ef6af734a4e
EXO	23	344616	2757874	97716615ac62c5f14476b83cade2913f8a2e0387a41442c412007af9fbd01b20
EXO	24	201192	1610367	68cb0d3f1e7d085b5c6850e6a9d2326caadcba09a19272640cbdb31a34a976cd
EXO	25	351336	2811582	61fc2108189331a6b09b3f73753b28b909b270ff9448b271e5b20172e88c3c2d
EXO	26	377208	3018472	275ea431831ed342def0d21ea5770c56377dd4e245902efd25e211ab7860c3ac
EXO	27	268152	2146191	965de560a3ac0c97de949d21814786b88e831915672ebf2eec2c5a2f0a0d3124
EXO	28	523392	4188131	631209109904298c64cf909b94510482027e6810ed5c5d1996103e8e0c57ae96
EXO	29	556656	4454162	072ef2bec4c1be8b5a257e081144167e3932885da50bd9360fd214939097be7c
EXO	30	416064	3329433	e4b02f1bee09f63eb5fbda324455329eff7fdded2b07a9696b600831f9ee3ebf
EXO	31	200712	1606606	56ec97ac7441e7a1ed8cd5c8e419a4706d44a36df95fd1295f40a013848203e1
EXO	32	448608	3589822	a158349b787e8ad6ac544aba7ef2155324fc4725183e3dca655cb24f0d779a8b
EXO	33	304656	2438135	4851c7a94b5d24b4771c59f11537d4aef9d1db7498b6f60db2fd234fd0428c59
EXO	34	426408	3412189	457a08b4431d1785c4a993e733ba680dcd495dd3f9876a08a51a7d7b03e962de
EXO	35	379800	3039370	74ebc0329187a784d895d4f75f98c9638fff17fd23e2d6d27082058a945f0803
EXO	36	391008	3129022	343288edb479713691fd0cc51e87492a0cf23b6976aadba33e35dfe69198105a
EXO	37	304392	2436046	64724c999d85d001be784da68204dfac5acf66c737237eb2daec78a48ef21067
EXO	38	361656	2894129	690018ab5b0429532137838407b5c8325c14eb350db1f42cd752022138882cca
EXO	39	444216	3554713	ebf282c9042c45554a2be82f149c22a39d590ff4128bf82be9412e6508eb403f
EXO	40	309624	2477842	ea87a25249c47a44a2630e63244ebe3785b467b06306e6224004f61d89dd3ab1
LEV	1	221760	1775038	bb0a48c0698f8b8c127c6bd68fa027f5f6c198501aef00def5bf6a39ca5a2da3
LEV	2	212232	1698761	483daa288431ce6c74627df1d249ce00979953ddd1b204c45f3dba6a56b7bbb9
LEV	3	210744	1686849	f1993bce897a7c4878eb6c91ee7fdf634755927f5ce8dc84ed3b6e4112fb64f4
LEV	4	422664	3382300	3835292a5c52e43b09f0e19c4f47a9690c10180281dbc1e45e3e329c5cb9848b
LEV	5	294793	2359345	d62d162ef4a4fc38bcbcf38577e6155ac08e4c7c082302f921241025f2b4db45
LEV	6	389856	3119822	7d295cd46801eed6871ff8d841f01e93b9e1cddea34d15d124751af782f3352b
LEV	7	427584	3421588	a799a79d76f2420c1b2ae05861bc02b2fcd4e879ee2608955d99e48193bb649b
LEV	8	435840	3487626	be848cf82b146d8c698950dd8941ee8877d06b6b6c3612e366536c7208a4be8e
LEV	9	298728	2390692	cb40eb1840f94e7182020562286dc50af56c20f20969dbc69cbe6be89832b811
LEV	10	312192	2498529	1413544db9a6344a1469a29f8eca3e12cf44b014329fce3f5063a1452ca63805
LEV	11	475728	3806741	af3072abe8d0536ed47a1118a3177dcbee6d64b66da87b8a3ef8fdfffe78267f
LEV	12	126096	1009758	5e21744f831b37c84ba67712aea79048d5fa432ba4bce8a5ef68f1e0ad36d993
LEV	13	724296	5795182	8694a22dfad489867023f63d4ec448558a1e32a43bacdd8abc3f7b8f568e54f1
LEV	14	599664	4798140	ca15ae6e3b6c702a70a74732b8510fb30e5b130264b1dd14a65cae532cea23a6
LEV	15	330576	2645441	d939ba38af5674cfd18c8ed7cf7e82cf12fe1eb7b6758b6d8f77167c2715f599
LEV	16	438240	3506855	1be4a2243ea0af14d9313380b69e19e89322342a62851e7d5440ee75cec6b5ce
LEV	17	206280	1651116	71c25e68b02a6fcf80130b88ab6050ebd96f91ab52dec2ffbfce987f0fe25961
LEV	18	267048	2137203	d4901055da5c196734031c26ec52a7717b135422d7a723cdb9de55c53cb4e979
LEV	19	359880	2879916	dfcf89b052ca440df84f265f4828c6f65c8b63fbaaa6867e69200253c0d31ae8
LEV	20	360624	2885977	5e1ce79674909537c22487aa4da0755d866eb36d6d009b4a8b0796776e1c8f81
LEV	21	260400	2084122	fbc5b1c8f7148fd8c590bea933275fd19621130c3ea4b95807633dd00184072c
LEV	22	355345	2843763	a985378458c3b0284afd8aeb05e6fb00a739622b53e9376c46a2b74779bfe3ac
LEV	23	491856	3935681	4d9b65f21dddd48a3120897a22b3a8d9d96d895005bd5f970a2b98c00e1a93c6
LEV	24	228528	1829167	52c92f499f93809b60261ddb602824f902e316929ba01cf0cab417eb063aa6ed
LEV	25	569256	4554888	6a0cbdc5626e4a5a03d2035e5a7f3f6d8c776648d73914888ed97d1615d893cb
LEV	26	491208	3930666	12b06adf92b208cefb2ef5c053047ef6b15b4fc21e8520baafc92a051f825eda
LEV	27	365352	2923802	511092e929309d5aad5545a8f7562b06b0bba8afe8e8b64816e3c10dadf8e45a
NUM	1	409105	3273836	ab213fddbc77f1b71475a46936c1c3a9886b8406f05312867f857ca0a5d2ea08
NUM	2	293040	2345131	2171649d873fd24ef5946fbd7b415ad2cb2767e39e866e801e46900407f7a96b
NUM	3	490536	3925225	6b7b8881ac78aab603accdaa17daa66e6ba8de3b5b577852c1b33a192264f8ba
NUM	4	473424	3788344	44b6b8c8531d46e6221fb8bfb4b9f2c1afdd9ca713479816e292c8ee2724387f
NUM	5	354312	2835397	3d1dffad5b0fd16dc326e37a9eb72bcb56f3c01d9e168b24553d327e7bc87334
NUM	6	311328	2491625	2d066f9ba1aed76a9998c66cd64ab25ec5f934bb2ab20294555ed7858de569b4
NUM	7	883728	7070786	9e7c26be2e43621e4631600b41116a786d58227d21032a37d26ca68f110d1141
NUM	8	279000	2232909	a35b6871a1b87f3d826d95489f5892eaaeb9f1d6053ffda3154dc27ea063e775
NUM	9	256176	2050260	d3d3e226e76329b271f238644c84902d63872b8091b2a4b24a74bdd12104c418
NUM	10	332064	2657349	fd9c69a416bbc1247ba3a668a29545b669f8af099dc257e1b87a09e3fc56e3b7
NUM	11	407472	3260673	3c487a21b642b844d4ed4abd4e73ef1ed06dfd2d96a55e0e7b5371031d07d545
NUM	12	157824	1263455	3aebfc7934d050dec436bfea2532edaf2f204e65580e26180372ead34dad2bf8
NUM	13	297120	2377943	235522066f3934def099da966c0f0fb9973e63ed12995780e3e7d70bccc0b702
NUM	14	479136	3833904	4cf64d4b8d0f69142a7d5bd4fee11e1b222990421947bed2cccda1eb852a5b30
NUM	15	440520	3525032	1bbf857f5d6d1eb20fa72571adf6a5da22abd773e2621c3bfbf79669005b932a
NUM	16	587472	4700752	b99b60bf9cccf9538d8ede3ff53654803db24007cec031cec168eac6747e705f
NUM	17	146880	1175893	9006d5a13f81c5c78b748dcb70b158637a3814551d70ab31650179cbdb80768d
NUM	18	462360	3699739	936cfbdd7462c2d1779ff072005cdbbac6278091c78a70b07c95a5a5bf06e5eb
NUM	19	288144	2306054	46b3d425a1b51ce48465cc3aada132d3900d98e7babb792cd221c889fec616c6
NUM	20	388704	3110626	fda4459c900cb13899ba10d82fa553b1c09cff3a5ed31ccdfb2d23945f839e1a
NUM	21	450624	3605907	50806e13aa9fcb58c677083c7996d6ffbd9bc32dc41d743c3318c05bd572cdb8
NUM	22	505872	4047899	1762a7e7a16c5377964931c4a96608b1645d13c3e8d3e7e210edae0e6437e485
NUM	23	369864	2959743	b7b43a28859de67a77f27a8c3beb02ab8d37f521e9434a170bc99babe1bab208
NUM	24	296424	2372301	1f7a24ecf5c05a44700943c89cca2c4c9e11b0a7f7771694125f699d136eea81
NUM	25	214824	1719449	efdac7b2da313ab0273e51310e5b8b7be2d22cbea860e656807c3031e8fd77ab
NUM	26	641352	5131667	f20b6695a5c3ae219d0c95544b73082911398dd00ed468c39da964af0f76ff6d
NUM	27	276744	2214939	75411d6f27774d59665143e8d27fcb91ed2516ba3e6b94b352c4ce7e9c5e7e17
NUM	28	346344	2771661	f3c3d4e7a28d6699b816a9c070104f2806295ec725e15dbede04296a04e43bfc
NUM	29	446112	3569754	5d07372b16f54c61aef3437c784797e63bad3eb6e265241bbf2f423c2bd093bc
NUM	30	232080	1857584	45591c80764d131174c867dc819dc4092ac712ca2221dcad017017a26ab2d1ed
NUM	31	530976	4248729	4b970f7b9402afef05398d6ed9e8515e3a2afb21e258c626898ab74857d6d33a
NUM	32	470352	3763687	3daa8e9affabba4ffb2ce458a1e93b978c214b38cebd8b55cd9a99bdda98d960
NUM	33	403968	3232670	8377015fc698d2f6d754920aeb2ec135480fc09aa228dfa2f8e765b6048faf09
NUM	34	260736	2086835	db0e44c893dcf29fe1b6b5320882ab1be04b085d4f63bf0ce9f93f3f17272be5
NUM	35	423888	3391912	7c6fdd05b63a2dc696c1d3ab403b1e39db9478b3d2b3cc2cde7ed11daeb66322
NUM	36	204912	1640245	b437f1d2e4c303aabe1e9776c696312cf691bafe99a87feba708acf7a16f48ee
DEU	1	506976	4056669	a386da2cf0cd105ee1bf2d481af3d2c0995e7598aee42bf1a83dbf5e2a84d710
DEU	2	404664	3238305	a4a186a4126c572b8d9212c778ec2f66ffd6b54c9daf02a8cc98e1efd66e42fd
DEU	3	379944	3040402	74f47b81bdb7923eefddb01bcf50c5e0bbb965418d65f45e29b91fce19981163
DEU	4	641160	5130198	ac42544ddf1dccc0b1440a75d802e42854df15fc5a1b6902ec64f19db2c62824
DEU	5	368544	2949287	577af20f2b860bcdd71ebf1fddd6051f6e0ff2ae3adbfde8ba61391c0b3f663d
DEU	6	281856	2255683	18e76b7cfd33c9479559bd35558546fe38b766c9cae8d8687dc85ab598ac9e39
DEU	7	357792	2863187	29f305343957dbe4e4519bb7dc7e2f3bc3f4291d50100c0ed905be47e5e33d03
DEU	8	248520	1989025	60d68a186223c6c9d67c1ba529255ab3b4a63f4b6a58dd5803cc882d0685624b
DEU	9	392208	3138622	d6879b9a5cb2fb60676a66b8997342b4c45f5ba8b98790d06ab895d01208a77c
DEU	10	259728	2078681	25e99376a6defa3a2f8332d1bb48ada317ecc90b56c5225555a8a57d68642edd
DEU	11	363144	2906031	bd1594c3a8f37c590e985a757fdf191ce58363b5bc1930e08ebb24a4ef91d0f1
DEU	12	403176	3226396	ac9a0f42d570301d7f9d9236d00a6e5558cc934634588071ad3f8ffdce0829e0
DEU	13	242808	1943262	384fa8508924d5249ca82e06973657417d132a46b125b2bdeccf945b8f56a762
DEU	14	271176	2170214	530db33199e8556bc5c91783a0fe429f7ba3c46caaa68c5c8751718bff6bafc6
DEU	15	287208	2298527	6b4e2ce01efcadb0bfae9b80b5519fb8dc59be968b53a1cdf7b8b3f8029d28fd
DEU	16	283032	2265090	949a73103adf94b81ae48a8afa37b6ae79bc7f55322fad0c15bd87a673faf1a5
DEU	17	266616	2133851	4ebaa1ca0bb7853d69c23dceeb7d89f471dda1a5594af093963468ac5a3f1011
DEU	18	251784	2015151	8298cbfbc20103909efb44154515bd19bc1fae05bc983d82f12340fb86b75fd3
DEU	19	251665	2014315	b95d9fa78a7f8d15ac0a6675cfd6cd867adb8c3fe8d4aade02746c4753da4a5d
DEU	20	254352	2035631	b6655a46a17beaf9ddc09813f8c788c9f11e59b47872d140c7b9779e7584bf96
DEU	21	287976	2304796	34d2cb7d5ddda8302dcb861bdd504f1662f9891789944f9d16db122dc512c765
DEU	22	350304	2803422	2fb7f28f8d64732c9372f1955f0a4d13b95ac39ddccce4e1242ab765c7aca82f
DEU	23	264528	2117133	f859bd704a7008c6b5c164f220cf33163aa248d02d46e10897006ae7f3d9290f
DEU	24	274080	2193619	cabf8eee63aa6e092bea7a0afcc737972d1bd19488d137aadf26a59da11af2fd
DEU	25	225312	1803454	537ffc47165477bb10954153a4a4edd7d6ec43848ef676c2011407eaf636c7a1
DEU	26	288624	2309812	08a42b38d4f030b5af39d943f5a7c66799091c37cad3668739e83da59d4f4345
DEU	27	282960	2264672	8f5c71bd1c5345d5d9f64728aa185e1db98d1a7c6dc0e6448d57c33845f54394
DEU	28	780456	6244480	a16042fd605fd9bbdd515bfa5a71357a5639fd166ff63c55d642590c0760ffb1
DEU	29	360336	2883670	cb029d8f27026984dd2630c450e1e057b32eaf8dedfde88bde009c7e6f314ced
DEU	30	302712	2422661	c2192878b555cf848e7834beb0b82acd0fa7f98b25bd2e06d483e05151415eb3
DEU	31	447528	3581035	558207dbec8f3ff8a2f31ad8ea98ae51d61117f6ace56a7444e5f9a20aad9300
DEU	32	582648	4662086	7b14114b4a789b5d96a6b86e4bfbc6fe9e2ef880bae857344f657f9a11ccc815
DEU	33	384360	3075722	b211e1396d58ec64aaa2042abe8496a69c26e81eab744c3ce450195d2296c584
DEU	34	158424	1268258	02040c648b0042543eae3fb2810d6f993999d27430928e43da34818db59fed4c
JOS	1	254472	2036671	288fecd609637ff1ef697118fc1c2d138675c29d6ddde520726a24ed3cbff95a
JOS	2	318960	2552641	132abde98ce4c0e6f54f41911019ad121077a613285f34874a8ca4f45b43d159
JOS	3	236256	1891012	9f9e05585bddfa1ecafb678ba8c026d0e09ad6703247b8124fa347e16dd06e1a
JOS	4	299904	2400086	4709da2cd0c7c831754e2f64f0dad69acdf7576b4269a741877203a8b760abec
JOS	5	241104	1929673	cfd273a05f571bbdfe05778dfe0e0222df83383c99470164f35252214feb435d
JOS	6	409968	3280726	f57f505eeeaf1a5d90bac92f18dae3f7848f411520ed4741590b94089c83c870
JOS	7	444936	3560341	476205384d9ca03acc4f7b146306e9def360682757089b9e3badce8687cc1b0b
JOS	8	512256	4098881	b67318f7577fc428615349af85f45a4ce21c367b71d61a7f1204790ac1bc3147
JOS	9	351648	2814075	8d7560d000623b31c6db14a71e923b0d9d5a695768628a1af2256facb65cfda7
JOS	10	633336	5067505	ae731116aec27c000f5cd0582b9c8c56274d44adb9b702e858fd77edd9a2ec70
JOS	11	329712	2638535	d522813767d599dd22961f4ea350f137df563fff6fd678eba82d88142b2776dc
JOS	12	206640	1654032	f4505299e28b944d1d8fbd43b300af795c1787b59440869ee838f9e49e3cb9e8
JOS	13	371856	2975828	8133f2d709870d27f88e72c8791ce639935fb8618438f48e99319763275e0338
JOS	14	204672	1638359	96286a5d7e3c6e16094e80de6d11c9aad163e4d2ad63256e962ae3155f1d0173
JOS	15	472632	3781862	a90c57fcbb0076e32039df6dd39dcb0880fd55439831bb528123aaf251968664
JOS	16	111696	894391	e8ad1ad42890684bbda45554295cb0d318123f1f0da18d129cf362a2ef845fe0
JOS	17	283896	2271985	09a0f7bd2d02dda388d49343850437286b696506a9b354523334843110bd1724
JOS	18	322272	2578976	74e1587a1fdc0a274829347c15369765d57789d983554aa54070c0b374df1200
JOS	19	469536	3757203	f78848cd0ec0b5bdbe26d2c36fbd3143c877288af8282db9b0494bde8d814300
JOS	20	132528	1061157	1963af856a9d15f52ddf569abecc980187022bf27d55ce90216b251559ad866a
JOS	21	480792	3847273	f6cee47cd4dcbb923722764bd2bd10c077208f6e5f6f5b0fd29e6538cf51b0b9
JOS	22	573408	4588106	ac19f26e776245a27a080489d940422b62df6514c3a773681a8617c36077f7bc
JOS	23	245664	1966248	25bbf8f4b9118331bb15db28760f149cba69c8507b936b2b8b592b8abe53d7f7
JOS	24	478200	3826584	8269d2e10086df67cba5773229afd8895a9a22b0130dbd33e7fd5542737c6659
JDG	1	431928	3456285	15a0c6f03c98882462692b29b5a2fcbd49ff4a7cf7e4860fe1eba48b73e21f25
JDG	2	280968	2248592	ecaf3b017d7b28376d8e581a9141191298f61ff113517a90861351af3526432a
JDG	3	394872	3159952	1bb712287c4a6bd54105f52e489a13758f8ab4cef0de4ffae83ccdaa4dbe3dc2
JDG	4	312816	2503338	2a5a6890fd1cc34db8316eb63085470c4b1a789cfafd09495f24785d1c142393
JDG	5	349464	2796536	fb319822b8b2bb3b790c2dce8e53529ba3797620637dbec94d37a601e3d07c98
JDG	6	535968	4288651	0a350122f806bd36f475737017efef9f2ff0647d497715b3824ad6c27c37b22e
JDG	7	389664	3118156	1f16b555b65ba065130de74fe83994221764cc962cde0b9f24487d93bc72c56f
JDG	8	438816	3511456	db7682fa1ea73ed33e782136d5faee4b252df9afd739768bc45c96bad5b76819
JDG	9	669240	5354865	5975e523f0106ff7af56fbf1f47b529a7ddfe5a29827736d3e7a8e0170385393
JDG	10	213624	1709846	65d66dbe4fcfa0a0b9f144f148c2084ca417f66e3883f1b5f4014ca9d30244d3
JDG	11	502968	4024713	ee684cb7654abc3806715068149948a97944e9fa4c36b6c141241f280c4e5d20
JDG	12	212640	1702113	7ba514b2e9f910fac86f532a32293002ba151383bc34df81b6618397a06014b1
JDG	13	310128	2482025	dd6651b56214b76d53c03b9119f110d1ff1e7ae1d2da52464ca83ac765da0947
JDG	14	278304	2227279	25e8a93d7b670c8f2974b651e9720bed463e376bb1e487041e6c0cdbb50252b4
JDG	15	251112	2009731	2f2150c91618c88fb87ba3c64d0699ee78e327c37da523dbbc7436f757055340
JDG	16	468696	3750531	79848639e5ecb62c5ce0a12c8a32bd191f85e102dd4e75cf4fb24843505bb32c
JDG	17	171552	1373388	9a84c50472abcfca0c430c90f3b3ec976d4f8d9ab1cbeeb7a868c4db59ee1d19
JDG	18	428112	3425777	4821cd00c4adfe2779c4a385f6caa57a2f5113a331061b3d7d5743644242463b
JDG	19	426816	3415537	a98a6f610176d636aec2888d715b1bd4f3feff9c78292140dff6f257a964fcda
JDG	20	592920	4744229	7d07e90ae3e7607a0bcc7ae0e8220797ef64d3f3406c65469c768fcfb9cfbd00
JDG	21	302544	2421212	14b176ff871500a52452767279c495512de3fa12202c9846bd2543c561e060b5
RUT	1	289824	2319416	c36dd5a1c3cfa802e82d713ef48734e84b13b5dfa52950d3538246596e3b92fb
RUT	2	332376	2659844	b1bffd19a42a61439575878a1cfa1deff4337443ade361d5f09acd9ff9bc44eb
RUT	3	225768	1806998	564ce9512313fe4b6cf307e4ddf83a3ebd0463ac9ff014b74ee82a6ac3308c79
RUT	4	301896	2415965	96dce2813ec15936e97eca6b8cd7377f279f4ae3a7f911dbbce0468f3eb0da16
1SA	1	348264	2786915	53220801a2b71de1a89da2bca7fe8ffcd1ba9c115b65609ae33ae825c185dad1
1SA	2	489120	3913942	660cec175708630d7fdce3da5785c3ae49b246d7939836c477d08163de4e087b
1SA	3	241033	1929263	1f25d704da2e9c57f60bc37c295bb06258f2b67c4776f4afdf1d8c749a499ed4
1SA	4	299208	2394661	395928e7380ae00949837a96b6bafa4f3662d07309ab7a9789074f28355707b2
1SA	5	178968	1432728	d2db36067661f5033749ed4d03865334f94d9d4258e28f6c8535091f5c42aaca
1SA	6	316945	2536558	46ba34c0da33549f5e1272d2b191ef0b0919ea6d3e686d31bdc1015057e30bd9
1SA	7	228528	1829162	5d5a8f15d1616c8d87b77f6fe649ee3e71f04798163697f57cee224ccb8ca347
1SA	8	223680	1790292	56732e98bae6b40c40fae89cb4e991da136cb71edc9daed09968e7cc9ea029a5
1SA	9	402552	3221384	3f934475aa8f3392a42b1ea2702faf742c42737c76237991f7b4c516f5afb9f3
1SA	10	348024	2785038	c44637dc8077eec2a4c98e01f17d3cd9c0cfb5114b2befee69865beeda0109a4
1SA	11	206784	1655085	b1461263e74181d4168945cd69da8651537b6b32250b46daa322d42f49f7c982
1SA	12	365520	2925054	f5db43f0f0d7dedd9e7fd5ca36dca4ee9e4fc5495a27ec4ae335345c202bec99
1SA	13	305808	2447327	d15f4f08d0c35ee7d028088131e98ac0e483ca1b5b60afe78941c03c422f6d96
1SA	14	680280	5443049	675a0013e84bf22c2cac48b525050a72922a60bd9655ebfe518478a269b985cb
1SA	15	437328	3499539	371f8291a8099ee1e068a429ecb7d1e363ded18b6dc30b12fa276c8e9a3d8bbb
1SA	16	317568	2541367	478c75b1e27f989a6ad2efc42d73efa49ba37d207570df844ca04d31b01de757
1SA	17	723912	5792254	946b6b42fc4fc841ffd8f639ab8832d6d2f9ac601c4fe26045b897784d21fe7c
1SA	18	366528	2933204	e6fbaf0d642bd3d599c05406596fd0da9c5f2debc745eb1d9e864a0a1c933c0f
1SA	19	316248	2530918	5f7066e4c2060751b65f20d346433e338a53982ab38c3cc622c225b81d0a1d2b
1SA	20	545280	4363042	c129bb074edc39fd05f4eeaeba858ceb8c8937a60a459f40bfa13cdb2adb4523
1SA	21	231720	1854660	cf7cc57d3bdf6b42fb0de88a96af2daa622d4c43284290898a4bf66e5e059843
1SA	22	348336	2787545	6bdd858ce1cd0d61dbb4acc67cf01fc093c4539bb34ecf6f6637467677833852
1SA	23	381337	3051696	e9d59541553ce7ab0d322e3c276c07bda5225a77a52354e1c9b3c58a26f75921
1SA	24	271200	2170429	1ddbd4e412e1089494b82d590a8cc35504b0be5d7c89e416b3800b68ca577e3d
1SA	25	667848	5343784	0b78525eea48a366f7d7fc2edf78df96994edb613957bbddd7287d524dd2b1ce
1SA	26	364752	2918994	dc3d4072f8dd7c076a1fde495017fb7b1847f996f3b3aef6d970f51170b0e1b1
1SA	27	175680	1406399	9fb7c8aca7ee945702aed9957799a2cb15061b68f6fc637c0158334fb431d201
1SA	28	335472	2684727	bb276b253b45254721322f2cf5ef99ca8f92a0b7d90662c78f73c5ae90eafa35
1SA	29	167880	1343914	2882a348d186b2fd40b367f22339a13846ec5c9599321f989ba5fab130dc83de
1SA	30	411216	3290559	5dff521a90b08b7e7c19e0db676b75f615c41fe4804cba7b27512b57f70578f1
1SA	31	159456	1276623	9d0c82b45f0035007ec7d25dc479a8138e3d9cd291cb8a92257532b2198dae3c
2SA	1	304128	2433949	758ece399c84912889c312f184ef0f4255d88b4c05e2c7de2d0c18934494e37b
2SA	2	394896	3160153	a48d6b5f7aee738efb01a8c26bc2d2424d2871c3ca170206a32437b495a7151e
2SA	3	520896	4168062	535330af552b8ce16463ed5de8a0d622686e4bebc84991a678ed076378e64c31
2SA	4	188088	1505662	befe42b95a11064a6158f1163ebb50dc8425bc60a63a7c7dabd660fdb0b396e9
2SA	5	278304	2227268	c9aa2ef7d6a0e528d443234f803642792871b1ea99b3caabc8ee0a7a4b04ccc5
2SA	6	290904	2328205	15a6f07edcac5b9a62c9b828d6361f1a5f902800defcf096c7aaf7d283e42a24
2SA	7	374160	2994223	4265fbc95c730d853fe3aa9e508d8938024598b82443a236d827e5c591f8608d
2SA	8	225673	1806383	94d82c66c7be3b8c95924f93c33df4587c0f1311f87565e3ea7cbeef8f27dffa
2SA	9	178176	1426249	dec1ec5a90b3076e952cbc50eb2f20d68bbad2dcc5c4e53d0d67a954a7bca1e2
2SA	10	259512	2077015	20c01759b0e4f3582ad4e02c22ae2cdb7152566540c3ac9c404924bc886270e1
2SA	11	333888	2671980	b7794d3c54c999af8bd8cec00ab17b252a3306597dd4ebb844e2a849c0770f93
2SA	12	391776	3135078	e447e21fe1a42ea1921335214ca984a8940cd357d736fcd480bbe9feaead0bce
2SA	13	493800	3951353	c8ad2fe0c75df68241242cc1f43ac78041a57d5299d18b5f480b8453b3ff4db4
2SA	14	453672	3630360	e8b2065ce3f45b31404e75e5fdfa28d2ccc796d96a8387af35246338d5e5af04
2SA	15	462648	3702040	20aa8ec1dc68be08a65fb02d90b34f6ea2fa3295488bd595573e8714f02a4772
2SA	16	312936	2504378	8841a03ec3f1521cb3ee28fe73b42759881e810c43226ab34e22714d35fd4c56
2SA	17	398232	3186696	3b6900220f72edf4d6ac2d01eb5f30a4b207d06d87315c69ff6834a9ed22edeb
2SA	18	473952	3792528	416d8e9bcc4cc24416ad58e6e44e024d31465783761de1348aba183eb88899c0
2SA	19	631464	5052675	c62042053decb1730452ca47369c5234e3d5b4ae87f0f6757a73d87ac5b2d5c9
2SA	20	361248	2890990	2fd7624cf4f3949377ce6a0034a2eed083f771539b6b8f2c284824572a4baa14
2SA	21	323976	2592776	fde151b49dee7f30c070cc380dfc36004fdc9c25f2d0dec7ff7b144ac6090c23
2SA	22	370944	2968522	ef34e7bb6395c831e17640c3b1ebd16e78410a0a9cdad04bfa8d3334e6e56be0
2SA	23	389616	3117733	78df4291808664e7709dbb986dbeabd182013686dee71d1ae46f55a7f1aed4b2
2SA	24	363288	2907291	8a286d83d661a8909e4118a05f336dd428e1c271e36ad732fea41ebe5df4c175
1KI	1	625776	5007119	cd4aa745d48ce77f722490648f3734b4c1ffe822ea6072f798a9bd7ec01b5a8c
1KI	2	603960	4832621	52d1bcca75d2be01f2bb0a87844a164e374c345dcd934b15a5fdb5721c3be9c0
1KI	3	333072	2665502	9cc940e56a9da5ce85c86ea314413d5a16af933245ee407eab6b212bce9ef962
1KI	4	353976	2832686	be5a547ead8ec84ee515b0214a953bf26551ab13e582c29014f6f7715c7f565d
1KI	5	229632	1837943	53cc3c1166f0cdb7d7328065b92b522eec018dee27faf49ab006def3e95e3121
1KI	6	410544	3285336	f6c16371717b531a592d4e8078d4003389db65b4beadb897cc1ac45bfdafc8cb
1KI	7	615984	4928751	53da1dd9888c5ad4b1e142df1604215e94917789b2eaea5dfd5dbd55d781e12a
1KI	8	868008	6944986	6d5d318b5c18850d839d2fa8ac66663adae69aae65a6755cf0d9fce1293eb9f9
1KI	9	325896	2608033	eb13a136517ee364bda4a3d16158a69a21374cf942ef2659e39ea38d5500ea6f
1KI	10	356400	2852124	504c4a24fa540827b160030b7c87f5e6de6e496beb4d50624bb44d775657644a
1KI	11	543288	4347164	631362ce1c464845f5467524a8f46cab02ce3ed34f77f712890766235156c44f
1KI	12	422568	3381469	7b26d33c326513be27bb6204e854e73de6c0bee50e053d47933ae41a87348843
1KI	13	418056	3345316	7131460f906e4b3f29458c609802ae2960842f1f19f749f56b8a21d5343b0ba7
1KI	14	386424	3092242	6acafe7c8747b41a56f718dfe333196db33fb36d8daff8ccf1bf4c594df748cc
1KI	15	390360	3123798	38448aca88001d5704b14a36a2cd3561cfe16864ad721e54fc78ec3f1007d3ca
1KI	16	407400	3260052	7ed39f35e3e3c1c664fe36f89c7a0b86d7965f35167f0cd24b4a0f6c0cb5488a
1KI	17	255552	2045254	2dcedd84095ca7cab6dce12f8cb7a2ab059fe52c3488e392a24b24361d1bf4ab
1KI	18	564048	4513303	0d5c21bc61b10c2edf979c6bf304c267114c99dfcc09821ad16b960dcf42f31d
1KI	19	300624	2405953	b1de0e0e3165f0335bf55a93120dbb351e1a9d6369761046d557af0a95f8a7e1
1KI	20	601368	4811935	5f99dea4765c178fdd8a46707bde7ceee599076b7ef65bbe0694bf1788542dc7
1KI	21	343560	2749306	4d2dcad10da2cd3daebb2467e8863e994a2aa87131369773fc2c8f372485a0d6
1KI	22	614040	4913290	d08be43ad7f5f4fe37588f1e52186ada86ae8fc341351564cfad1e986b2e3447
2KI	1	241800	1935328	26d6f7b3ffab7a726cc9a7a6df94b6c012f50107f92a6e4d1168f85f4fa198ad
2KI	2	324816	2599465	40ee015e07a4158c521a80cc612e2b204954c07a74a7244c8571a16fe302ee16
2KI	3	340560	2725479	31cd17fcbf8e196705e99a64cb5c0ffd1867246abb323283d82e74b8e819f846
2KI	4	543360	4347788	e3a0aeb21d9ec0c034c3db77ce3dfcee9f0d1354ea0aef3caf6b9991bd8cbeea
2KI	5	396432	3172278	d9c5000e2a630458ec773559e8893237ca6a4c440b9be5274a361730fc1cca2d
2KI	6	420816	3367465	a74f6f33032d05d6e9a9f7626469d9a54b9c4a31841b37aba41228ff8b220047
2KI	7	323808	2591315	ae4f432de0641ee5c6fa04623a55198f9381f9ba333acdf6581d50c2c2903c53
2KI	8	398832	3191504	26c7e222e780b8d8418f7340f3797b04fe17f7d7aae726b442abf199fb0ade42
2KI	9	533616	4269839	df4626e0ce9828db486d7b94614aa55a63127242e4308f3bf22b17e120dbb883
2KI	10	491256	3930877	d6d6dcde2adedfdc968ee7ce8599dc446b813ccac0b76086de8c6a5fda0074b0
2KI	11	287592	2301672	d26c36a2bfe5fbd48ee4df91b098759fba80a726f9422a82ece5f1500efc6acc
2KI	12	269736	2158730	48ab116c3f9f20e0ee64f1cb52ee8d817f9eb6593201b2b78958703f533a6191
2KI	13	322992	2584839	ad5a4e72decd712d6f74fffc639f50a49e68babd0bc816f3087d68b0be3640d6
2KI	14	362856	2903742	597a86d6bdefb3dadeaac19d017dbedb1219d56e4959d354e3c5debe0b18ccb9
2KI	15	458400	3668189	8abbbeaf52ea08ba557e0c6b25511dfeaf6d4e7b6f4d2730f641e57ae8e65a17
2KI	16	277344	2219752	b0cdb3f6b284d94ddd19857d0cb569c6e119ed06a00fc7bbcdbca7d7b1c9ba8e
2KI	17	526752	4214880	1166dab22401bcacbff05ff75ac06b8b7451a921d0806e7d27ed0b4a02eb272e
2KI	18	504312	4035366	619ca7b13a0528fd6255318f9fd79493eb70dfb3ed8fa6764bf1397ddd349387
2KI	19	464952	3720434	648bad369c6022f954e035324ca60decf26bc8e7183ec109a4d3b0c84b71a0fa
2KI	20	279768	2238978	0a9bac8b541b0f5d7b542e22ec1c55f77a3833da5ee0b213d0b551556c93ebf3
2KI	21	292824	2343468	4ba628174eb362f4df4fa15a5d53ccb13d2541cbfca56e0fbc54fe08f2f62ea4
2KI	22	286896	2296029	826f5eb351b645f19efb1559ee4d8964abbe02d040d19d1537a779e2168fb20c
2KI	23	563016	4504944	f05dca827631ebd2f33724262d61427486e874c834a669ae0be3d4a56da4c3a8
2KI	24	244704	1958527	523d6ed7202839566aa4b99f066affd2dec73c6c665faf69f90ccc38cd497423
2KI	25	403512	3228914	6c59ff16713d73b424cec0beac0725049388087b7ec4346a200d33792ecbf958
1CH	1	409728	3278644	bd8eede36cf282065d9851cb20193d6b80ff2ed84d97ea5746349a9390521d1c
1CH	2	453144	3625968	cc1faee547cc53ea3a474035f514f9e824598728f47474bc6b51396d7a147ec5
1CH	3	206256	1650902	61332fe2a050f81db4a6bdd3373f200feff6f206e2fa394f58468623816798bc
1CH	4	430008	3441022	19090b2ca88e1d9353954d7d2e6c7b41248657edf79527cdf1fc20281bb0cea5
1CH	5	321048	2569368	f28fa1643a2c43eaee776105ae6ee65f9ef0e73ef9e6b23a45222bb1d49d8441
1CH	6	638232	5106798	221a9ebcf162afabf16c4b69903a21d0e3186c668eb1a0b790dd5336f85160ae
1CH	7	423577	3389613	8edc8aec01b145afeae2e39b15f2bd9629daaf0a1fe49b7a6b28b552f6ddbbd6
1CH	8	279816	2239389	64310fa449b1491b6aa017c90df72679b429385ab9f5428b02f1708150017756
1CH	9	455832	3647493	e4e9497a1bce09b806924efb7f134c109392b3d7f9ad664dd33da68b9fdd87ea
1CH	10	161088	1289580	e23ce0181993ff5f067a50b871cd1c8f2a94dcf91c50d37e6d0637110989e22d
1CH	11	436680	3494314	c62b0a64e220f21c0d8ea08cbc5046bb4f1005b91ae892d5866f2c5a23884503
1CH	12	426504	3413021	c61e99166c2bff7e49c76845cc2773092df9803453adf85b6f1b5c6e9600f200
1CH	13	163680	1310269	214897cf355955b2ea2c26926a9b647f74b4928c2ebef13ad3fee95ff24ac272
1CH	14	160560	1285400	92f3e52310416317b179ac6b3f298945351716c1249c39bb914bd41e574f0034
1CH	15	335376	2683891	454dc6e1d3978675bac0ebef4f9ffd2add45d7d663123ca3bf7fdcc890047f9b
1CH	16	385728	3086804	8b51146b596b0aa50e98523f82199a8cb52ba1a708d511141ebe6c7cdf2dbd31
1CH	17	328224	2626631	cd7a9acc29f8adb546679005d7cdd759a2e5984abb33b1d58e0b1da8d397f176
1CH	18	207528	1661145	30624a03782600ae8cf316a50fa83d86c898f9479791d3187ddb227a49da25d0
1CH	19	268272	2147023	aa6c5ff0fac17070aca1b3fe80987b7b0eecc010855ae96109323c7ed91d6f01
1CH	20	128304	1027310	7cc09e89643a7a137cb5f96efabfed1e4f5eaa8e0ba255734faafb9f0172c996
1CH	21	388128	3106030	623225e3d87f9f171140531556b9902d7c513f5b27d51a759142f25d6e583e25
1CH	22	272136	2177952	8d47dc6859ec3a50bd7454cf1db1f80cfaafe2a8ebbd07ce33493f7a07194d6d
1CH	23	321624	2573968	4b6c5cb366ab586a6b7f892d7b6c5a6ffae32a9f02d17e5af57d99f3c815cb20
1CH	24	285337	2283696	32afa9140f93c0ded0917a787ab41f3b609a208ff4f2afaaf46e0ff841283523
1CH	25	299976	2400724	7c9a8d1ddf2991c788278579d93959cb19e02873f1b183553e6439c982863029
1CH	26	371232	2970820	6af3da5c7c2884f0c06b9ed4149c75ead454b9849f9f5c08b012ec65d9be1253
1CH	27	397080	3177501	6fbab9d88732f499b8dfd135fe1506902c561e36932cc0fb52cbc173d042e27e
1CH	28	347784	2783157	e8000ef7fe1c569ae95a79c7e22be714a66e1ba5c041ceb8ca0304f6d7566b8d
1CH	29	442344	3539663	561bb10664e7c03c2e047fcbff20b244e0ca0944ef59e3e898618c2ada335b59
2CH	1	224952	1800532	bc7dfc56fb63dd429eaa9520e846ec55d957e06a7a2638c5959e1d37220bf7e3
2CH	2	286584	2293515	fc5fdfc9df64a9512d828ededa2c13c389429944862673c549eba339915ed297
2CH	3	200352	1603673	56d11c418b59e07b53caabdd435f8c732337c7e7ff0f7a76c8e9327889b9bb2a
2CH	4	252576	2021423	4422836eaa1d592d2db9e274b866de169a56d0860d20ced33d6c58862daabc6b
2CH	5	196368	1571908	c23367098ce86a5e271709bd73a272a1cf7ec96df8a7176e02c32dbd952668aa
2CH	6	586848	4695735	a1f7f1af502cc302e961b116d6470c53851330b81a1124de1d607cb5f4a42201
2CH	7	312048	2497270	fceb66b3d90f2c1f30e3fd88ec14bea5428e94b9985c3e037d04c7592a5a94cc
2CH	8	222600	1781724	d7968c51dd9d4db318bee4f6e42936f4a42eae7c411bc9ea833574102dfdb89d
2CH	9	397585	3181678	88c35109895efb9fdf2adea8821b5b197b78eadb127c1e659ca038aff5097e93
2CH	10	240384	1924042	0ad9727048f79da789cdb508360cae03eef8819119dc7425acdb1fe1a7afc024
2CH	11	240720	1926758	cf2df50bf23f3156928a593fb734bed0af9744058c6a597050b5a75df290297b
2CH	12	214800	1719242	5e6cf9a5ab3d25326692342e3c05696d143bea8609d164d6e88b35c3b76903a0
2CH	13	287136	2297906	88cde21833a9d446b70d74cda81264d0df6c0d55763adaf0cfc781b6e62cc1e1
2CH	14	199992	1600750	069f09d1a45665a7633329ba47529c62f4cbc93308cb468e1c8c9d46e1af53a7
2CH	15	209400	1676192	daa3e23ecfceacab002318de616115964de1c1cd7d5a3287a0cbe7f226a83c70
2CH	16	195312	1563343	c88fdb599d3bc114918082dd32bd2e84de2d3b861f5f3424e912b6fb8476c94b
2CH	17	204216	1634605	b7e10b6f77d64ea476d8687d12ebb1f1da7b66df19b8c187542b54879c89dbba
2CH	18	427440	3420336	9df7fb11151df0f228c53a8052d37ad1eb78c9c60e9ef46f612c4db7e93a3120
2CH	19	176160	1410161	5e10ab1ca19afac94d0bfa760fe01fb9af2050a7eddc1fc431790e8c9b5acd42
2CH	20	485160	3882180	ca8a9773a71b013057fbeaaff230ccda30f11daf752a58a47bfe18536690d6ad
2CH	21	252840	2023725	8ccfb8f908ac48b580dbfbc3767ea7f724082073a5decf20afbfeb97a4c1ef2c
2CH	22	202896	1624156	dded54bb01d2221c59c33ca114a91cdb1262175cf03973dfa2af4d581d7fea5f
2CH	23	310272	2483062	1c632b1916d23570c89acf27d41dd553596d2c125f485f768fd4c4bc7b5f890f
2CH	24	376872	3015960	2f0519fb99a20fc597b1df73fcf49a6b6fe2c78e808fbdf1c5f7572995d80f3d
2CH	25	379512	3037067	f2b03e24618464cdeb0ef4df47cb126e1bd0baf7eb2a0bfc20430ffe0de2b4fa
2CH	26	300024	2401142	181a2ec183007cf4b74a99b727c51bc391da3bfe18f7816a43db3ab1e1d1f3ef
2CH	27	98400	788029	06148c4c8946f0f478d52b7030d1be5af7f1a0d9238064d95d2b4d8c043ba446
2CH	28	378672	3030380	78131885d94b047b5135361c6cc91f5761027c8c13ae87fc497a441cdb6e8293
2CH	29	484320	3875493	6daef2fdf8e997906b653ebf87fe4e49758b86a8383f47e47cb9035ab3703dce
2CH	30	375816	3007392	6733d81ec5becbd99158a1160d7b9be0df4075ddd459d77b0d51bc6c548b24c7
2CH	31	328128	2626004	aed16c36f00a630ecb201bbd79373facff5e053241fc726713970c2fed0ad94e
2CH	32	443856	3551784	95f2560c051ce553baa20133413e4baaad69fb73212e0556d7d9987e495ed7d3
2CH	33	315456	2524649	98dec2aa06953cdfd9fb62ede0049727f41efa8458f5c460a1c6f2f4d4249281
2CH	34	505272	4043095	d83fb5e45a2499f641ab6f41c86eb0752301b79677cbf20a9b90616f0d90e55a
2CH	35	417360	3339878	90930768d51094488618618fe2c38c0998527aa3ec168fde5cafa52897e1210f
2CH	36	346464	2772708	d5af5520dbe02d7dd485afc9140018078cf0dcf41676ca262776b8cbc405f8a2
EZR	1	170184	1362292	9fb624af1de568fa8a71755c9707b935520a11774b97dcc6f4fb1b0bbe9c26c9
EZR	2	440520	3525021	90c04edea24b28d689b8e263ee1e333eb742673aa26d118f1ffd129441254a87
EZR	3	242904	1944091	c945d43906236abeae83440cff06038462209fd3a89e948d708424995cc62ad5
EZR	4	336456	2692447	8aa64975a55f6b02e6516dba45e0e61c6c25a0f9327f85f2926db178fc989c50
EZR	5	238728	1910654	982d8abce1e3f3229007ae15a45ccc55339489a653efc1692de9a18a1c2e0573
EZR	6	332832	2663607	4f67991a13cf6ecaf72f00765145f2debccc1582711ae0549210ef9ca1b7ba7d
EZR	7	355440	2844375	9d35a8879713ab495a49a9a66e725b2691ee693162aa92e1faa24fb90f60f139
EZR	8	421488	3372884	6f67e9844fe69c6daa6ba6856d7195f78eaf284851339e4feefcfae56eb1a39b
EZR	9	268296	2147219	2d8c91ffca8633118b820b42aa846ee93b28bf7a9b0aed58d48f2db6cae842d9
EZR	10	425016	3401099	c0df7b5b834176e9e53ae41c708b6b826a732d597e653600d456d77bec8e996f
NEH	1	168960	1352475	884fd99673edef5e46d55f6dd81da5ea785786fd65e0dd2a1058bb6d98995044
NEH	2	301608	2413674	9d438d21f6c15e8c55f2a134eee03c9fd10c74cb16eb124237eef506b4941432
NEH	3	420288	3363277	d3881fbbb33f326854676f90466c90cfc9c1a793e62adf003c61bff87fdbc883
NEH	4	271848	2175646	2ee617d8928954372b94f8a0d0fb861f406f630c6595a95a768fb7df03824085
NEH	5	291576	2333426	01ffe08c3c3b1bd7e2a3fb994472069fa14f62140d15c39c244cc2b70a263547
NEH	6	260328	2083486	e56c42c80d4a1131c4c1533c4b38c32a8c6ad8fec1dba7114efb3a91e83e8b18
NEH	7	513360	4107871	431b1e2fb4c24e930a60bef0e0a3f40a2d027cc3ae02605d31dd55d1bd44d96d
NEH	8	285552	2285360	5223a7c2e88b26a077fbb8a8126627576f9cf3e02b1aacefc74223ed61c87bf9
NEH	9	602424	4820283	d376f77729a30ab20653a4de44f11cdadfce13ea94e5cad1014c7ff0a107f98d
NEH	10	326256	2610954	dc9f57a371acf28517012da881c2898f370f863eddc4772fc5934670695f493a
NEH	11	336960	2696635	20ef739ee8bab6156829592758c5ac367f1f28bcfdbf84e796c6c1be9c3d9367
NEH	12	466705	3734637	29adbbc26753ca0f8031cd7fb72a832ac70935d1a6553d27418ec54ed16e4eed
NEH	13	424128	3394000	b44071eaf375fe8f25da0fe9e85ce4587ce2774e579d522bb3f72ca1cc1560d6
EST	1	312552	2501232	df110fcc0637b0cd29d1bcf8a9a11aa990c5da988a9eaafe1cb44fecd613a067
EST	2	339072	2713556	abec434d5fde454925d248d15e986b0168ec2dcf495cda378e48cf872fd2470f
EST	3	233112	1865725	d4eee99bee142f1aa2fce36ec3e5eeab502f02ba41cdde2633d28b3d346b48ba
EST	4	212256	1698960	3224d8a55783fb4dfb085669e326e1904093025aa04ac3d5c8443b1e30c9066f
EST	5	194160	1554137	bb8d2b8ce4b129933e8670c65af87db5ba928d8e803c34a11ca3b605ccf651ad
EST	6	190560	1525298	2160c7e22db9956ca6d081cf35c9a6efa6541403168ac67fcd0199dd4a7fba39
EST	7	145584	1165644	7f62a55840c6c60caf5b0c056ebbebb5b9924273b5c4457715f1284a36728669
EST	8	267120	2137817	d8487818623ed9cf68f2a2a25b0dcb1475a8de3792485c413ca518eb8012a62b
EST	9	407136	3257947	c1ad3576e1d89253aec3b1b02afb09f818c73cd079724553937939ca78f34d01
EST	10	51768	414992	a473da5dea613f91602227acd45317100336d962483e0fde50f53d57d72e58a0
JOB	1	255192	2042518	9959e335e0d0ba22ab2de3fe59b9b4f53cd02538afc39dcec23e90acf09e948f
JOB	2	171480	1372739	16d63cca850fdc329a58c19cbdebd072378b4434ea74a0466884e9cb3f00396f
JOB	3	178320	1427491	14b0790eea2ecbce925f2c8b80dcc31a9b734950a806969292b2e6b6cac1457c
JOB	4	152304	1219347	dc51a38ca227b38d4dba2014643583b781dab2f8aa2dbd353dc5ec360fee8cbc
JOB	5	173760	1390920	ab12f9fbd10d9619a44456175dabeefb92aa4115987228d54a6dc6ca2cd65678
JOB	6	202896	1624141	a2ce374d051da5a56415a2bd126ba9cb6757d68a05b25e1562f0f9a6186a3e72
JOB	7	159936	1280370	558b21cfccd20d5685ba3deb0e1ed83b813e8144c65f223bde3cc24840e4bb76
JOB	8	153048	1225199	a2b81c8fb339c6ddbe08cb6b3d751f19ec93028cce169efd8bda73bc6a69e738
JOB	9	223200	1786518	dfdda3caec0b2d0fc04d2e77300177de2be76e198baf6a11affd80d604f34250
JOB	10	153168	1226247	e38517c41295e8d29cda2ffcdd6662d10bb1387151ade48cfa68c69c4d56141e
JOB	11	145440	1164389	5d6f53d5ce6cd686b42ef26181f2ee1128045724a07c63f8437b5381cd5f66c2
JOB	12	168120	1345783	1102d0142e39aa98d8436b74ac9e5bf4f6ca175c27bea4be9a6082e40e3014ff
JOB	13	168744	1350799	d6bd8b59e87ea381b009731c7db738a937fc48d457c2b3c33ff989d92259d9a9
JOB	14	168576	1349545	ca501e14e13e5aaf82d51d1e691ae07b88fb10671ef05de8df655a65908052f1
JOB	15	246504	1972931	316e5c99308b361c460b0ed238e959f72f7305e32ff185f9225ad340062152aa
JOB	16	159168	1274312	20df92f1aee9d3dbdf36bac1ccccc2347d1f319bae686ed02624381ae098e993
JOB	17	105288	843187	345fa421a388a87b055cfe1d0d57cc355fae04dd6a52bb74b4de9f99d421529b
JOB	18	133464	1068676	9f34388b3bec19bcd1a1c8bdea2a6b967d1b3c7d2b9521a3e7c657b2685cd548
JOB	19	201648	1614113	344334286152020d9af6dba0d1be6c14fefd0ba66ac1108f4cff603cdefaea95
JOB	20	198504	1588826	64785d972483b8e524862b2c6d53a53a3c2484b0d0be47ee3f890b72e7280588
JOB	21	223848	1791746	ea9b64bade97dc1476d82fbbccbe25c85dca2210b1f22da850239fe99d12af76
JOB	22	202968	1624562	2cfd44b357da3c2f6585743b5448bafdbd736199d482a2d9d1768bf3d2c7c645
JOB	23	125304	1003266	6632d3c4fead580ed341c80dfdfd50f43528255d9a45c48d1e344f6f43f5de90
JOB	24	202248	1618919	0be8c35041ba9247c78b86a843ec0a0ef2e9b0a925fe240f65c4a3ef9918cb0a
JOB	25	47400	380088	e187e9d7dfee70ae24e5f9e67496a5c37853442ee044e12b1713633cb1963906
JOB	26	94584	757506	10ff0c9ffcec79717c937f00060eace07acff06baf754f86bf6f22d454a07be2
JOB	27	162720	1302733	ade6feffe70065c291e0ad6c2bc00597eb2152e2ed70ad5fce7db9f9d6ec0fb7
JOB	28	174888	1399909	5e8d2edca80ac4c5cbf5535ef260849f323c9f54266775bbe8313d8e317afc4f
JOB	29	170352	1363755	eb465a2bcfa8423f2d8e55fa4bdf2a293be04fd09fb113ebe41d7f00b648cb87
JOB	30	222096	1777744	fe1123d038f1dc4ce8323f1f400684cbd2791f0a55d2dfdcaf87ac516151a62b
JOB	31	269160	2154116	7c271f6628a540db79c915944c435c14b5f9ce35181a19d97ccba25acce88090
JOB	32	168984	1352679	0ea04701cae50348541a78b1926c6fb928428581aea3c60e307c278683d36a18
JOB	33	238704	1910446	147ceee9d5aaa5a831297ad5519682f08b4029a184314daa3c098a1363ccf4cf
JOB	34	263185	2106469	5f65c94093a1dbcf7e04450704c38f14becd9ebaf530fb824f47fb6ed4501c87
JOB	35	118200	946423	77495c4776b30e9ef8e087562713d56debc1496f043b19b9c402190b2c8e7340
JOB	36	224832	1799478	52cea32b2833862c174f7eccb9acbd3f674b15e659f0e598a6d553996502f608
JOB	37	184944	1480366	46871487740687f06531bf8fddb5a56db09a0d03a558d2f3461ffe1feaccd804
JOB	38	265896	2127994	8418a880fd631db0c792367f60244ab9268656c8233495abf482e72306569dff
JOB	39	199608	1597813	c0f8e612b8d9d2462179883e792945410964f5aee4cde48f468a1b8113a4df8f
JOB	40	164160	1314227	cc36866b009d0849cecf81ce2881ce0ab90f7a05664ab6cefd955bf5846d79c4
JOB	41	209784	1679106	e22b48c90644997470efb9145460dd40c8da2976b2ee7a3d4e315d06ac33dcb4
JOB	42	200568	1605336	3a03077ff43443fdacb13d74960694dd8b83e612ee5db17a0ece2d8b4bdb6d28
PSA	1	51696	414372	8c8002ddec72173b4b2d7226d9798cefec4446099b6192100226b09a5e2a9cc7
PSA	2	99744	798895	c54ce7d25f6955d2f466420b494ec80032461c5f4e20307b06d37731e8b01b3e
PSA	3	70920	568181	1f53c208da4c5b6fa7c275f67757190328703319b1e55e4a14da079e178b3104
PSA	4	72312	579466	d12b18dc7bc93530fded3a534bad159342f012146703d5435498cc29e4281a44
PSA	5	111624	893980	9d93c7e68b7586b599c1cffdeebfbb75c627efb5ac1d60f8270f75c796033329
PSA	6	81960	656579	6eb92df6f6bfbad1848d40a4cb94ff26574c271d8d121b9e103d11e4859aedbc
PSA	7	147960	1184671	848ca99f10722c2adb6ca165f3a1937306da429cafd7b249d57c296971f35887
PSA	8	76152	610186	a35236360375e5718a8b12a1a408c38a0c8286cbbdfbdc568700961695f2d38b
PSA	9	157128	1258023	2e0094aa512ba7d5b614a48ed265ebaf42c7584f7917fdbef5bb220b1c40b6ef
PSA	10	155665	1246323	50b61251ce02307fdf72253521dbc559053774752adbda4530b38f4ec1c293cc
PSA	11	66432	532449	dbab5f62915590b50822bceeb002dfb4984f6d37266b42aeee7613e518e52b73
PSA	12	71808	575289	ca42ce07f33e17953e8771d634005e0c5ba7137f29e22bf49d7d53065af31633
PSA	13	54696	438408	b29b24857b158c86ba115b5a92666206510085969c727edd3fb908cd3884af8f
PSA	14	64656	518238	15bdc6af67f30221340cbbc42ed170ccc13673932adb6bafb7d30df66cbcaf5d
PSA	15	48456	388462	585618af163c3c9a31c040a55cbf58a7b417b0bed87d3c68fc57abf258e3b830
PSA	16	89376	715933	11edaacdec387efb3ba42718fae171f9185ea7a762d63611a651a83e065f855f
PSA	17	133896	1072034	1004fe881447eb648a279677634519f2efba3d814317858463853788ed93658c
PSA	18	367848	2943655	a087cceffe78eaf3aa968b6cdf3311445dea460f9091c861feb60e61930125c9
PSA	19	134448	1076422	6e7abe70e8d56d62de8ec50a14603a11cc712d4af1cfdd8558caad84cc2ac789
PSA	20	81312	651358	eb7a54285a7e693da9b47ed3a534559f9a16c530175d741c8e2e1e0ff45a278e
PSA	21	108744	870787	683ede8e93867a77a0b573f25820d53f4096a22420c5ee9cb550126c4028cd3e
PSA	22	242184	1938463	6b016c110853dacdcb892b48b220ba14a33f3a032a1fec2864e609566f67216c
PSA	23	52704	422525	834801e9eb0bcb041675fcb7e87f42ffd415afdbf9f7fa3aaec7bb369e87debb
PSA	24	78240	626907	4f32a7b7a61a0a52d16a0ffdcd4f6c85a79c394c4585254bf02d08e61c71351a
PSA	25	160200	1282476	22adb9fe8bd0e2888ce8f6d5fbe001daa4c17b0ae641fb2799ab1423390d9e25
PSA	26	84120	673928	4b1da0c7dd31cce54014f2452854afdd72f6573393b5f57f51cc1f7aa780bf22
PSA	27	137016	1097111	787d6367cf341ad4539e55ae3600217784abf4f37d407dfef627a68ec8e44b8e
PSA	28	96096	769640	acf05a501994f6e24c8b3a1c5572dd2c5d6c20aff55c4eb1c1628aa01f9ada40
PSA	29	84984	680824	5dab02463b1b86299aace52b964aae778c13f310255e7ba2e23e50e7ff73eef4
PSA	30	102840	823557	40cf3fd3336e955563f5b8556ac9d4eb1e2e4039a0fa25dbc8d3d1f86bc8226f
PSA	31	203544	1629173	bd9aa080ab47fb03c19fbfd3aa590277f2145c69da4ba12224faf60b22fbf78e
PSA	32	99816	799524	c5c36422fc71f41577f5894662e29a4f48a8c14a16b46e71f0157a058b845e6b
PSA	33	139656	1118218	e373ba3cc2999afd756f51297f91d236fe7e86a14561c6e3ebce97ac8c7cde74
PSA	34	148536	1189271	8e6307acfba6213911e306550d54b85d15980e9b5dcdac39097fb2d10d425927
PSA	35	238248	1906907	1840b8876124f5a64a5253453deb3e318e3bd9e857bdc4da7ab89a543b7f4e6f
PSA	36	97392	780089	d90302bbcd5721cabfcc2e5e3b1f4ec11e733dcc377b85a4ac9c2ef50da37717
PSA	37	273960	2192582	e7715edb0295ba10daaa0774a746e5522f3a96811c4663bad04750a3d0d434d9
PSA	38	144024	1153118	8785704cb9126601811598791e819f6534bc13672b44fe6654a36e3496609b9c
PSA	39	123768	990950	7edf6d31d0a924a7994ddead51c3880fa95e1caf3bca53000741ce3c7baba9f1
PSA	40	171096	1369621	036ccbc36baf8e188dee0bfeb0b1b021891f231c741a3eb4ef6ab2c649b081d8
PSA	41	109200	874548	5a02761103e4326a141f458bb7cf082f179053af175bfce5e22fd41d0618972b
PSA	42	120336	963573	888d5b191e9eb31f67b4ac84cb09f03f9e190bac65182faceb32963a3cdc233f
PSA	43	57000	457007	2c13654169641f12143c1b6b1a7bc3d48498c9bb42a0d3c17c10f0e6a8bc7666
PSA	44	185160	1482261	cb1da9fdcaa440bc17bbb92a122552aaffd77277428522c941823f45ab531558
PSA	45	155616	1245905	b71be195027cf7cd296755382657787c1bcb12f0d4697d0dd146c230ffe7d8c0
PSA	46	88968	712589	a9f390fc1b913ad774c72a62b545514bbd482695d674a62837ca5b32b3b71bd4
PSA	47	65856	527851	519d4ef6c84ff63776d08edde655925bd0e87989b399ad98ab51f5fbebe96f2f
PSA	48	92712	742682	9f6983a80f0ef5db61b28545874c3f20d835231ee9d88a3404f073f29d7ef9de
PSA	49	148272	1187182	64efe1081be38a644f83ad3e665d6aef7d23e28576716e99d3526778b085e92f
PSA	50	161472	1292716	c435df480ce4b7afadf61c7384ad64133e9eda897deb820ddcac3942aef0a735
PSA	51	155160	1242143	26edf800499f477987ff48c95e51901b1f621ea471a8dd9d80a3fe9f8d2b1aeb
PSA	52	78648	630042	7ff42c75ce33276329557516bcf02fb0347e1fae7224d654c8360ac9437fbc67
PSA	53	59904	480204	f3643c758043467324aceeef081c9bda786dcd4e6a72e7cbbdd81c203a101a27
PSA	54	51408	412076	19493d30174010306badbe42a019a4f7b6c069c5a87e2a63c0582a3c4352660a
PSA	55	173424	1388220	bb1743d76018e5810744f81a123370aee7de7c836759f7ab411a2b257d6f5932
PSA	56	98544	789284	0aeb14b344590189fbda3c71635731d01eb3f030c463b73ba4c918997993d66c
PSA	57	102840	823557	9180f5738c5e2d8e94c17b708a50960cd60c60867627e06e5e4b8610683bbdde
PSA	58	101184	810391	f4a8648ffc5f76d05ed704788853f9284b4a64548e1dff9113a55d7b7628b5b5
PSA	59	160896	1288119	c794e4d4f603405b8c05cd5b5cbc1bb72f4b91eb4165c97945d152566b227ac3
PSA	60	107280	859084	d99270e59ecf3097aa35f38da1dbcaf1a67fe62c564f3f3555923ad63dc9d0b7
PSA	61	64248	514894	c0919f8d68e09e7e7f28b3e8f3676d07a0678b583aa894c2ad65707dc4fafff0
PSA	62	105384	844037	71591b40902dd8e2320ca81d24a67fb92b023758d8fdcbc0fed936b194a06c6a
PSA	63	87384	700050	98e0e81f3a63acbeec2a871f1eab75fa4f66fe41a433ae11114828cfe9c27f7f
PSA	64	81817	655538	c4c371de14636f0c34f53b50d10457e8f8d2d6edb1202932727ef2344db0df23
PSA	65	107760	863054	fb8c95ff0d281289c3055e6a5553bbb5c45f15a3e20a854bf4a0ef6cd216bca6
PSA	66	141336	1131593	f897991dd32ca2ea66764b6e5c834bea561de04848de5613b4305591afaf779a
PSA	67	55248	442796	85edfdaad9726e521539a8994974f9a263edc56cc37a55a09fe6919924e05af0
PSA	68	294336	2355587	8733b37b9cf024cdebfcb9efd8980a514185c5e54107178bc64a8d000da0de58
PSA	69	282120	2257784	8a512bcb7371e33bc91f8aac8b35969c18368a0a2c1e0fe32b467c681df25d37
PSA	70	53712	430676	979bf4f5a8ecf2252385b2c4232c3ef4d8e110db6a11902b194529e51b6269ca
PSA	71	178152	1426045	edd02fab1d6db1a99b25ca118fdb69a183c3fe569d4ec711119e07c53b281946
PSA	72	152760	1222917	03e2fdcfa22c3d100875ad992d85f7e08287b786f8e2917cdb0ead5b1a14e12f
PSA	73	187656	1502114	b7dbd512e6a71df06d4d3d1ce4835351eac3d8a03e01b56f7036b55710ed6f9f
PSA	74	178080	1425627	1f825e4a167bf7d4b6513e4462ac4bef727d82b5a12eb766bef848a367782858
PSA	75	77328	619593	30cca4700f2e56be15c9a6cdf8eae19f410708ed90f9a13cfc74511dabc066a8
PSA	76	87336	699632	d899c6ae9de2ef60524c2e9a2ccb0bfb3b9c064ca93ef9813a0035a727569173
PSA	77	169080	1353529	61b3d7ea0eb929ec8be443193d1e20a9b1c7e2f66e0fff3d46a115a849a43fc5
PSA	78	495744	3966819	4b9d34556fdf5ef5523806c9f63f84772d716e96351b4b9610ed917e78a7b2f1
PSA	79	115848	927629	e2bf257a17b4dc588be4358d7fce8f7458aab06bbeb114ca0c2d9bee00772cce
PSA	80	150312	1203482	4fdcd02adac13f50397e04ab870b03a130b73817c1e7656aecf3c5d3358cfdfb
PSA	81	130608	1045702	19a38d39ab3b85624b2af33bc5713e4d2769216a90dc4e7e2462677d70b5cf71
PSA	82	65376	523880	400108d216a0144352b75798d886d2baac836be8508296a7215a2b4b426dd2ca
PSA	83	131880	1055942	472f2a1fef1d82064b314cea7ae4292cba1ff7a0bfc1686c824486d9b72b4f25
PSA	84	116688	934316	1e809147037c6f69ca972be40d5b508812a8d21c3a42508fde27e8f7c9d9906e
PSA	85	95568	765461	b95979369e37f0e78bfe33be2288096ae904803a293cc61972db033a8726a75a
PSA	86	138888	1111949	3da7db7a19e8b7fccf261fe1c9de7fad5c334e254792b3642cde9463d416a4bf
PSA	87	58368	467874	c09ae39d57ecdd8fa904908a192ec8075bbcbcdc10f145a6852bace2cf72a16b
PSA	88	146880	1175897	ebc042006536462fcd7385a32ae0f57021583be20ea7a6f4f0d37f6bb12992fd
PSA	89	374328	2995482	31fbb7ebda99a7b2ace3675980285c62e852f416a4f295562fd5c3fdb019ece3
PSA	90	136176	1090215	c2d11873a83d7f23b675433e1e62f02e1fbf6d5548e6c8df3d2e52f1e44dbb50
PSA	91	117504	941004	4a8f8e70131df32f3452af6e051c9c9e97e7e4c680d90069e8cf80ec08e09edd
PSA	92	109416	876220	657c6471b588def0c03afc7637b9864c00f4dcf8d51d9dff2367dfc155265199
PSA	93	49512	397030	38e8436519ae59150e6a8d71cb02d3a4e4891df1fbb2aa8304f712eade870ba3
PSA	94	149880	1199929	f10c8fa4ac95c23b456642ec5d08bb872c45883796a09c151ae3002342ffecb4
PSA	95	80784	647178	d3e88312a80014d81a466b78422a48c39b85782a41e11ecd9de86572a5980ee6
PSA	96	105024	841111	03cecddde19bd368ea7b69cd8590c2c25d66f38da62586101820e92f52c21109
PSA	97	94608	757729	aad366cb43abb6837d6c8dcb501e6db3481a08f17591ea6f8f3cc9b42b1bc188
PSA	98	76032	609144	b2a930b138b28cf485a2a165df6cf4be8d324f4d53494433ad2eed758c62cb15
PSA	99	84648	678107	17066e82ab7e4859ad3ad65b15ec1dffd328443dd381d32b4fd75eac229b556a
PSA	100	43417	348341	4df5e7977356225e7e5f84f0e06b7786fecdb28730e47980e3abb880caa85b96
PSA	101	73176	586368	5d03d502423ba20b076a27005f50bd799ad89eef129f4965429ccf67a2d416fd
PSA	102	210888	1688109	109928216fee6f9354b88101252541121b173469500117832146d74bd64af532
PSA	103	163536	1309229	46d89e3ea24cf637841afaceb493debef8e3fc85bb12341d4d7ee92b56612e87
PSA	104	253752	2030835	f453a3f406a7abaea76f67c991807135187bef4c37be91a165805736a8fa79f4
PSA	105	302184	2418283	0a7ad37d893b518ce4127bce984974b0ea6c1b4f6d76076918d718d7169f5847
PSA	106	332904	2664043	53403e439681ea3c20a522d5f9c7d8341e21bf02364d386282641fc5747a10b3
PSA	107	296064	2369382	55e5875b375071c1a01d4106c0ca75688d45599eff56f17a2c58fae8d4f42787
PSA	108	100584	805588	a8502165e9b4510fde3b4ae3d27d166b24cdd696edc2e5a08e6b1aedbafb37a8
PSA	109	242448	1940556	077a4a083cc754fcd09a2602497cc99c4b8b4dc0e2a54a8e2bc80401ef69e977
PSA	110	70224	562754	73bdc68d2e60b940fe3e1a77ffdca92efb0ece59b75bef27b66544f3e117c1c1
PSA	111	89064	713428	aeb334baf7fa20624900eb24ed81aa236b53d8c4d448fa33403eb95957308525
PSA	112	79392	636105	795636d3a187d780f303dd5d9bf21f7192425b80be46c1ed59626760f850f09d
PSA	113	58680	470385	5116f5c76d0b1fd8bbdb429112119d9d9918be62009893237152d81edd06d668
PSA	114	52704	422528	74903ede873ea4345e0213612768fe267e8c9a736fbcbab88b55f40909ddd1ad
PSA	115	120072	961487	fe13c1056b7bf66f525ae34c187f58fa1322c7416ac0c6c12a12b76b22845b59
PSA	116	122808	983430	96d2664abf62f4fa8d19c0df4e643dd0821c28d399d6a3963968ad719b9a467a
PSA	117	18480	148765	5f3ad60e237d46da0a3fa59338747ae7f048b6cef3ddc84e6579f3d3caa30bd8
PSA	118	171696	1374430	8b497466589d908be1b814db624eb3da00d780e799dc9c6b6d0ad726ecc3a638
PSA	119	1162272	9299145	75ca3388df3910439b9406f4c7af69e20e2094595a475b0d715fea3f83cd4dc2
PSA	120	47520	381150	c72018db721ffa5a0ba1ddfd6ba8821ef08e527b8c84aea1bdfece7d89c0b7d7
PSA	121	50328	403511	9712995e7aca29d398a3b9cbce92da0fefa48eb81f65b9817c29054a35e3249f
PSA	122	63216	506538	884d51c6e8751d48c1efb93a16c61779a0ca05ef4e6fc4df88f416b9005f5f89
PSA	123	44328	355446	1e5a66c54e6f2fb0a9d0dd7f61c4c1b62cec0cc0677f41044adfbb39800bcd6a
PSA	124	55872	447815	c807a8137a454e8ce534dffff3bad9a808dc41538f1a117605ab4f96f3ef8aa5
PSA	125	41568	333503	a1756018acffd895953988862b291ad0dcc9c44896b0b85bd3787cbc56296800
PSA	126	53928	432350	aeff6de4e13f4fac662816898b3a754ca18dec354d462879578fe3929fa0d72a
PSA	127	50808	407273	b70d54380219501629b27ce9c28cc9bf6c986c718a785b1a5b231e7963254b67
PSA	128	47880	383867	5d22bef53db8a2deecca5a46599d2ca637b35cb975ad30351d902c791685a3b3
PSA	129	58608	469758	7c644967fbecc2b26889d2f9b60074d0696b3ad93c2a5ad5ba94050e3b80d7c0
PSA	130	54048	433395	0cfaa44cc6e15c60ae3817f407c4ed8e2a943ebc21f644d8d390e3e551062d06
PSA	131	34272	274989	497665578c65dfa841808df2fc389bed9ed6ac386e37db0881a4aff1ae8b2841
PSA	132	127656	1022091	db481a508cad4f2a1a7d54ac8ae7a8e324000cc9e608aad4dff04e72bd5aef4e
PSA	133	34536	277287	909c09443c2a94e1b164f28397de9a3d13a6613923b0f2650b734457c1e4ba0c
PSA	134	28848	231730	ac81cc8aed75306e25a1fb6563bc97606aa2ccb2625be05fb1ade7d333d703ef
PSA	135	147072	1177572	9b354119b22c23d554503780a9544875b01b742ffed71e51191b4dd3f27da9e9
PSA	136	145033	1161271	4a9afbac6024edf49ae01ab6b98b2776d078bf1de548c6e8836d5ff408c5d091
PSA	137	70920	568187	fa0e69676a9d1b489b2bbd806a4fbc1e4eb05cfdfc1e37eaa4f7d35ee2b9e9e7
PSA	138	74640	598071	0b57be98446e08da46360e26d1c0b44ef613a792b1b7c9fa02d260f344cb9b05
PSA	139	177768	1423123	bd7c8df5b05db6e0f74bd004da19be627e8a0cae6f1d6e6317a09b992c3e0463
PSA	140	111504	892941	c1548829c9a9cfb84afb29d057bc3d35845f95be1546f4081585c9ebba48590c
PSA	141	99576	797438	19eaf4f716ca16a786a5fe762a31ad87c4bdab857e1dd893fc8e3aaf46b4df30
PSA	142	70896	567978	933190db95aab0b8194ebe1dcdeaf9daff0b889e7fd37a9243a8b2bb016020de
PSA	143	114384	915929	443aa2384f84e60b35973d119043d5bb749b5e3441d17d4dcc95313870d5abd3
PSA	144	129528	1037137	6dc5b7f27d36e1dd15fe608a1d67834ee169509c65ee9ae8c2ed4d74c6859f2b
PSA	145	149880	1199932	e7d208969fd7576244101fa97ccf884795c9fdcea025fbb645891376fc49ceac
PSA	146	85512	685007	af9e502df638c046bb41fe6dcee6e34dede582b3870a5cce0aa2b0a20d379066
PSA	147	135024	1081023	62b6f4bd65342f4ec60ed549c97473871325de1fc05bc07a0f52f386b9ae6fd4
PSA	148	106008	849056	b7d826fe30cef40496e0aee054a750957b2389b4cb94de01b4e165c0e831fee0
PSA	149	67272	539139	0a8aead8b9ed2894363cb7fdfd8af03918ec11156560eb0462d771b7b4b97fd3
PSA	150	50712	406646	410158f496433095400a1a9546813789809bec68ff5911e117fac838b6b92c5c
PRO	1	250080	2001572	a9a8e0fc600e18b2886286b72fde6328a83a7b51f9a3c0ceb2e46de9795b1689
PRO	2	135264	1083107	9c5c95791e4a9226a1d876048cb6b3461d17b42953a9757a9426bd65703e4f83
PRO	3	230136	1841912	a8ec1fd4a95dd2db5038ec2e3c78c1f454d3f26390d0b4c6caaca88a653fc758
PRO	4	186120	1489781	2a3e8a518013929c1d0ccf0396671485359129ad75fcea161b4079d387b5db48
PRO	5	160320	1283518	b7cb5d5ccf218969b4dc10322da8ded02dae46523dfcf5888f635f7b5a9e8e62
PRO	6	230856	1847763	979137d8629a98f6e16e61e1375e12912156a8d4777a98be46dca1082e9c1905
PRO	7	179952	1440462	cb3dffd5b6e8e432512f1218725f38063397ef1e52ec51e37b2b7dfb5bed4292
PRO	8	232848	1863646	adf5640dd99410cb6c5708326c3016c3385e65a4bd68966c2f515add54435b90
PRO	9	121944	976527	1d43442279ab712bedb07862e8f284859b9ed22cd9379f4c112543061b10d528
PRO	10	204360	1635861	baedb2ba8340d2233552c6baacbaccd5b1c8fb53fde9c7ec2b0b80fc628c612d
PRO	11	209760	1678911	5154c9270fef3adeb9e76dbcca21b7c641209a36b03dbbc54c92ce0854691efd
PRO	12	193968	1552687	9fe0a8b87550bc440cab1fdf57410491cbd410ab53fe3a75725582d7562e529b
PRO	13	169464	1356664	73ddbe0c0ebc15c4e59092e82a077a92ba10200015e557322d369881efa2262e
PRO	14	222600	1781729	4f8d6e34abc57859121ebb6dec4a0ba32ce64b341906711cd01d0fd9214ea076
PRO	15	215688	1726349	08fd706ab647c73ee707ac2ea9c796a14a022ce545ee6b8f228df43b8a4ba14e
PRO	16	225024	1801164	87856625626992248b46b622cb147e023d07dea5140e05be075cabc4ae7e4050
PRO	17	194616	1557911	a2af26978415c3c274d4980b82dfa098fe87be2613d25de4ecd01e3f67aea282
PRO	18	164376	1315913	cd492ac99261de7a560659574513731bf4a3a25f2abd081cf609c190f0d93c93
PRO	19	200857	1607858	d6550ef0d6ed612397dc3f8cc172fceaf95f91c97ff5773977a6dc5f1ed53c94
PRO	20	201360	1611828	39c249d7bfb77e1759beff327ca4637cb9e4149c7d1b6c4e80b81fd0df03c667
PRO	21	210624	1685807	ece5e6f01171e417b7338ac7eabb3d1ceb67a003a3bc149d9a1ab1a7fcb35da0
PRO	22	200136	1602006	bf4a43953ce0d87c0bec77a2eb2487b8b272ac74119c933502cc6fd4dcb9d662
PRO	23	230856	1847766	a23f0de9c39b65792bf53aa6af1012891b297ae71e0916c9d9205440a2d398f4
PRO	24	228648	1830003	3a80af0ae0a052f3079316ac7347ac2dfa94c24e724910a86b38b6957e0f7316
PRO	25	197712	1582571	934d385916490885e2d0368c924dbabcad8ee34df81b27bdd4302f063d6bb5f1
PRO	26	199320	1595528	d6143fb0b6070557185c6c336952b8a385e935cbab2ccee3d4c391f4a70120e2
PRO	27	200736	1606813	8ce1735acceb03febb68c34d2183a5a0f40ddfd0f628a09d531749d3b988b106
PRO	28	213000	1704824	17751046758e959bba438269eb367970fd9c8fbe8cc41510e6ecf9901b627a1b
PRO	29	184944	1480380	30831bac8322f8014cdfda5afac33bea5786ce9c3adbfb939f20ea586f1b2048
PRO	30	263856	2111707	0b470a06141a531a1c1b58febfc92c7d355ccf7c7a9a9c088298c748916bb654
PRO	31	209064	1673477	a04e0bd000b7a2ec0e248be784cabef272757dfe7fea32af77ba1d514de5ebee
ECC	1	163728	1310680	00550a500390ffe6d48c645cae4bad96c9f2665695790c94f3ce1fa684301dfb
ECC	2	319224	2554735	8f8d1cb5eabbe340709192faa6977a9715f164203a29c185a233bab57356ed77
ECC	3	211440	1692485	b090fef7bb8e40e07cb1098ff0c493e1bb5f80561cf4a5f3722815dd57156a57
ECC	4	166656	1334085	46e97d70e770540e3f1ca157e52735f298dbabee4b553ca58c4012115d823619
ECC	5	227712	1822680	ac656c4ca5f347a3b836b3fac5788539f732e89e4e9568108a099cac6969c970
ECC	6	129168	1034200	9904d8aa877d1c0ebe7f55bbb0a78606d4351fff45d10a7f374c802eac3f4df3
ECC	7	233544	1869282	d0b901f3d18e899eed7b485cf3c968db34a01385e0661bc70221aa50004b6a8e
ECC	8	197520	1581099	e3f259b84e383edfc88c493ec00e079742bc2504af27c528e69a62159fec0860
ECC	9	245568	1965413	64cb0114992443b10fa8f3428257e5bf42e240cc457f210297e0539e6f24ee33
ECC	10	177168	1418307	616b0389b08223244fda8e19a987540cf370a49594f798c1cd56a262a069b230
ECC	11	118416	948312	155c70860dbd05a622edb2aad575c25c0da664d75fd69c4cb6f7d78e9f5ff365
ECC	12	161976	1296681	7b2c9e6dad4a28c8d8aa2e3819e8a72bb0e67f607b785a6318aaadffc5fc30b0
SNG	1	162504	1300868	9d15a06b872dcd7a2631c2e02537e1da13902874d7b8a21d11aa6ee346613247
SNG	2	173544	1389266	d514d7def25489c844240b6b2e5cdac862d4d49cf25570a487be2f2dfa50cd28
SNG	3	130800	1047375	3b920bd76d04166cbc11e45ed9129df2fe0030bbecf4e9aa68acc048531c2a83
SNG	4	185616	1485814	80c2415590dd0e62b7616461483b24541321753078f9f186698d8d10ca9fd852
SNG	5	215160	1722170	2d5de7801ee3afe0beec3d24a0700d0daea3d0c926e92fb62b8eaa03fd1aa803
SNG	6	140856	1127832	643d2b577ac8db742fa784068a191194c799c6abd5d6599d4082db2e88649a8e
SNG	7	138216	1106725	41437261190f34f10535a87faaf49a4de3767a4c83463e30a9519e6e4fce321b
SNG	8	172752	1382997	56c27421cdb4d5f25d7ac6bf29f984f1c152d095a587eb2a5da543659d8037e3
ISA	1	356784	2855242	7af867ae2de2eee3fe31ac33451427136218e66a136c60a4dac6d67505a27b94
ISA	2	229800	1839392	7fb7f11f743a43c039eb78122e2c8e58ae31b49652321de2ffef13b8b30574e3
ISA	3	253368	2027892	4359600db0fd3e66ab27f7f96cf3ef2e0575ab08991ce58e23c81325727ee402
ISA	4	82488	660747	d7ba7f8cb4b07fa7503f1e4b530949450216e387d7e5bfd20c691ea26c6e5c15
ISA	5	383832	3071536	744e2a46a27ebd4fc6c3a2c237b867dd313dcbe72de74ae87a1a43d4c9c92b34
ISA	6	169992	1360829	748f42e0c90c51d8bf42cc9cb4461acf7b300643adedf2eb55166bfe081de28c
ISA	7	263424	2108349	434e2287d71d32da98881f2c2fe3d607bbfc38061684f594877369a36f17bba7
ISA	8	244680	1958301	4a88bb09def2e9a03f29b972847f9d5d9d8ee106fa250e9085e6b65c34c2b27c
ISA	9	261600	2093720	0a74a2fcc775d9d1a7d52dd2ca6a11cfee96fadae6aca858cecbf33863ef7e8f
ISA	10	361632	2893906	95a90afae730a3cccc0e5fb74ede744e4c3ce44868fa495390cbecda2785dace
ISA	11	200736	1606801	7adde9c1a5a2b2145e196694396b4859af4d99f8e9e8642e4fa0f80b9db016a2
ISA	12	64416	516136	0b48e1e51e8c9591ecd7d3ab6a4afb108c8fc92b50bc295742aba7db61b8a747
ISA	13	241320	1931555	7bbca64f012f139598bebcf79603808c865e7b038d698c49226227a72039c036
ISA	14	352104	2817628	8abd2868d31d37071a40a48719bd17408364b1d2963ec74780adffbd959fdbea
ISA	15	122928	984250	ed5bf139a0ee4f5d721c5d86298fe6d24868a0ced5b746b8f4f289e96bab6b2a
ISA	16	186456	1492489	c7dd0af1fef59e3623a729db068d72f2332fb7adda3d42829f21f859e7809df2
ISA	17	174744	1398866	80fe3f6694b0568392846911d23cf8be60c07bc83dfba81cacfeb2b332a2d2f3
ISA	18	108288	867222	dc7cccf77a1ad54a9fcfd57f91cbe22fe0decbf01619ae573684452f26ec97bf
ISA	19	291144	2330079	da378d66773871fc86f8bba8129fad74af0c4927e7e10d06fbcf543443e4a9ae
ISA	20	93960	752492	56c24eac5b5df180d1efd13431da323f1ae27597098489625f5fac5c57040ada
ISA	21	193272	1547032	2ecc9fe0344f263ec8fa4e6cd02fcf30122b4a47380eb4524a3ee216fc02daa2
ISA	22	274248	2194869	a83b22cefb57f6a24f63deeddcada12a11f3e0d6e75df4b0bfb775b9496e6529
ISA	23	213552	1709410	efb935a86048f0b36d90de40b534cc6e5770e98854590757ebc31695a6cb4dd7
ISA	24	235536	1885161	16fc1acc56a2561c4913bf1b479a31e389b8378073b4eb3be8432ca6b721bf4e
ISA	25	153432	1228339	916197f42bc1040d45ea6d143eed8d942b203d16334f6f85f90b77a40a25d081
ISA	26	232632	1861965	9c28a80598cf951c29cb35ae87b8476d6236405f0449c40c34f8354429fb2ca1
ISA	27	161688	1294376	d255c3cad46df589ab0b691fdcde8e1cbf6a58bb5b3fc4c0374e0f573116466f
ISA	28	353016	2824943	4c2890330ea523aa0f4c1810895bac1030d8b009e506e5f705b732e32fff7f29
ISA	29	309648	2478037	9dee60ce56523dc494b5653d1f4cde337c6ee4aa235564d1f1697ae33be7431c
ISA	30	411648	3294102	ad895af03bf30d49b3efa794c5e78b8c7312083d76ee7f1b842fe4f9ab5ba6ec
ISA	31	131856	1055721	0a0fdf9a25b5ea8d1b480c9780952bff1d6ca7379265b2bf8422115c4e675d4b
ISA	32	197328	1579424	50e7689310fcf891d5ac967129cda61ec22011f85176949ee82a94be5a529235
ISA	33	256393	2052136	22a5fb4b3c232ae5eb1389a8deea30aca01f520c6f6317fb18e7e11eda6aadad
ISA	34	215640	1725919	44f40deb32a8df113c636a44079d1c1e970b2bae9ef56f4776d870bcd41f0276
ISA	35	119184	954366	62138bc1c311d4beb1ce61fe513f4dde292d1fbfe4ebbcb5b2225c8a7a8b68cc
ISA	36	319176	2554314	98b7bde9a0790939c92a4e750496e8c84477a6b7e8c2020b7809c3f1c1f24054
ISA	37	483768	3871095	2dcd50de56f36cd88b1d5cb2ed2e4af800b39e873f2be478c09feabcdaa89197
ISA	38	255096	2041687	e3b3889dff6a7ec79b29c708eb894e65d680ae7ad8dfd43ec92015fe2199b79e
ISA	39	123600	989684	7458050a46757822b2fc4761eb8f8dc2e36d13a4eae960ff6fa4b6d94106172e
ISA	40	342360	2739679	f5b95d82d13a61f165a0ee0f11fd602a7b128e1056ace53d06d09e05371055ee
ISA	41	356088	2849602	c13dc04ec485668f11cf34ee5001884241b206b1f7c1f89809b1acbd694d20ca
ISA	42	291552	2333214	2429533f6184d9df6fc050fc67c71c64f3d878db915cc2384df9e0abd3f9deb1
ISA	43	316440	2532371	9ec350616fe7414d1c7061296de17c73612c80a1a38da68a1af11620c91b8f2e
ISA	44	386376	3091810	97352d4fe10c81119bdc68868964a19e48f4fbc784bfe0c4382a33c6d13ca33d
ISA	45	330816	2647519	0cdb3a2c4decb6d0d86baa1d1db022195845a7574475de55393a5688f1c7a9d3
ISA	46	154560	1237325	e4cb3ff73ef47baa7fac2833746ec506d4207b0c4de73084c1eb80cef64ec8a9
ISA	47	199512	1596979	f4852792dc4a547b35ca3ba6708afbd28168dc21e34a9fd81e090e30051c77ad
ISA	48	277344	2219738	fa88849283072506ae0437ee06ef93255a3d4e359dfe76441ddcdef07ca05c21
ISA	49	371928	2976244	62c1913a42f22f2deb4710a3a0b209616de96d9613fd7112b13c22152222d401
ISA	50	174216	1394686	3ee2c307778b0e16cdab1dbe2ec0e8663f36ffcb1edb8771ccd832f0906c8ef8
ISA	51	321048	2569361	22c1784010e03473650cc756d447893ce06a4279a5e2c2c8842c3133f666322b
ISA	52	190800	1527388	8ff3541b344188e6c21aed76bdbe0ddb40056bd1db7aba448a1921927f54f389
ISA	53	177384	1419973	611dc46fcdbd874c327ee29c6590973c2912fca74d4a183f9a8b4dbc9f51b8c0
ISA	54	207912	1664270	0bd116e2c9c23d5134096ac811306033f96ff7f44d37f4388df3fb0ff7c03133
ISA	55	172968	1384655	03af633a689516e973a092219e4ed7c1e6ab5da6f5fc770eb52d26c7df2317af
ISA	56	158976	1272642	daae4243d5d40aeba70e9b28185153ab28fd2e54129578f716fc84e395c62a81
ISA	57	255120	2041896	76faed11093b52b85f299716ce230f1bc45fa93a9538c5ea3709b03bc7d15f09
ISA	58	230856	1847754	3307ce12855cdebf021361d48e9ea4507d730d8ba8cab715a4594f2b20e7f2ba
ISA	59	284664	2278252	590c6732abaf65c07106c6a3790f294c30b79df3fbc23784a7747db82d95b019
ISA	60	273817	2191526	f49c1449b0c5ceabef3a6237290fd6464e3b440c9082b64ef29779ab8111f593
ISA	61	173040	1385282	1f7f5772932a43522a01312ea563551f8c07f9f37e0a12df6fefc7d57539c170
ISA	62	153912	1232100	b2dfc31301ac1655cf9176bf389a362ff2583a0f48441f4b673782f360538350
ISA	63	257400	2060077	be4862daa7acd8936951ed7dc072bae515c81e0b2352df3dcf0f80076c966cd4
ISA	64	141360	1131790	f03d515f6e38966cbb33f2ba6377cbe4ccf0f755e57b12a7e141cae1c16d332c
ISA	65	330216	2642712	275831b1992fee950ca445704e62ef81c5eb1dab7c393d4bddb4cd04a6507e65
ISA	66	359352	2875725	772aaecdee7ee87dc91a1d4ff8354b747d16c067ef0e94a797b4fc2cdc82a635
JER	1	232656	1862175	a18d255c1fd5aa7b2cc1c32ec90bed018d1d3318f8a6ea5418e28bc84d320307
JER	2	472464	3780607	1e1b42f6702b753cc9bdda95740eeb4bc71ab960ae50700b1a757914aae3d3e8
JER	3	359688	2878442	067820d0fe603eb774ce5fdceb9f80b34d8ea1321f8cea6599358105d138354e
JER	4	391224	3130681	dc2cbf30dd7906fb95e406958f2b6c527e990c4e93d479f72b3c9575b98a97af
JER	5	391368	3131935	0b21b046d2b553723f03efefa3d83423c68eb84324a52270f449421f4bef8d22
JER	6	386976	3096617	20ab1a6ec7728a42728571aa4f352f0b1a630a6d17e069e3d5c86d742f6137ad
JER	7	433224	3466720	0e03fbcaa958aef258812dc6996553c6346a152789a75629547524aec32685fb
JER	8	307416	2460274	859e2977bd93623483c6c71cd644d1989eeb61e63e183ba9a87833b2d5123792
JER	9	353904	2832049	afb3624b3077b8ed6b323b9e4bca731446d46f9b6d31b83d3118a2f04ed7322d
JER	10	296760	2375014	cf5c1eccbc2fb6c670dd4fbc5d9828f0a391c944a5202d57d0a1f81e3d15cf7a
JER	11	324912	2600294	0408ddf0a4656a063f72aafc6383ccb4733c351104b1d03f55fcc6a436b66502
JER	12	238344	1907735	0268cfc1e12f088ddf5da346507ae314dfcab78c4943ec17149f2b7d7c6a9491
JER	13	333000	2664868	f605e34acf25fade7695e223ca8bb5365ee26fd42881f38ab6b1066f8b13e077
JER	14	321720	2574589	69d94cea8a147004b50d2f18f1d1ad393e9994816946dcfabcb46fe61984ea7b
JER	15	299520	2396956	e2f68098b59598c83324e8e462d8bef1cc94ea418c2f0f80049470243158d259
JER	16	296016	2368953	73a6432e8d0baa7ff0d7ab7eb4912033474391ccffa90a04d5bfdd46fe797e12
JER	17	356256	2850860	e7eadadac13eb9a130eb92bf6fada064ab6d918312102295a2c2d719c54a55c8
JER	18	297864	2383791	2f9c0b210551ebb35b3bc458aaa78c66c79599a956a7a0c030c3b9c7ebc6ebc3
JER	19	225504	1804917	5c45175f3402c5b3b35e02899f1f9a894f4a3382d4d6798eab993b15626abe5e
JER	20	261576	2093518	64ee5fda0c60abadbf27bd8326b63a2af572eac97328a2ca4031c7da91eea553
JER	21	210168	1682246	9cf4e11ddee0bd646537441a171ed456821b109fff9b77a71d2dd18e5e25163e
JER	22	376296	3011356	c423a08143d77e802cab9ceadbc88fbb738ce8648ca7157cf747f8f06817ae1b
JER	23	528048	4225319	a9b275e59213444c17a1ed289d8fcc47b140812bd10be3727d2cf5031c713fd2
JER	24	157032	1257182	94c7ebc971502fb7ed5840798d67d7f9c5df07c8a2630a4094a88208155317d4
JER	25	493344	3947585	27691334524f959e8abe29d33151d2aecdb2bc398a99ab53d24c156bd83a0554
JER	26	335304	2683259	963181a833386d4eeb72afb5aefc51489f9faa8bb8c49e3014ebb16a9e8cbf34
JER	27	317880	2543869	0682bae3316383e6cb1408f973d385f10b5dd348e8ed701f1a5a591e73a412ba
JER	28	235800	1887255	820d10180bc7fd205bd9d3212d0832600d278c5f9e5d3a95ed3daf915778f41a
JER	29	454200	3634534	30c48e27edd406ea2c088c5df47e50b1c7beab386d6a82301c4ac443720d54a6
JER	30	277248	2218906	f5cb3029fbc74d235a15b78db88c5b5ba459ef0e297e7c9bbe4d3f234851bcb6
JER	31	518904	4152176	7cc2f1879894be9d42470cf234013dbb62f4a95caf3ebd42dccb6beb49569955
JER	32	602496	4820911	d8211f69d5f734306bff86858729c20c29552003b8945203cc7d8c50c134997b
JER	33	343992	2752849	a70ba0ac167f53d9c697d8aa1dc01542c257a2171dc1f4e3c2221aec7837c801
JER	34	356064	2849397	6bdc8578408771ee9d66fc09b79433cfef0fcff0316df7a2eede3219dc7a04bc
JER	35	288936	2312320	3224ebbe844b82a0bafd2c3a7d7f594859bd0eab897a2bad7789f4c4525d745a
JER	36	485232	3882801	f7d392cbfcf49ec01eda94d784ea5deafdb7c317078e6c9c312edf8cdb1e2a1f
JER	37	267792	2143255	c093d6c4fc72d6a8f29ef4c7bff0c59d01ed46671a3a44bb314ddab30d2db5ca
JER	38	419544	3357218	960040846a11151cd85b8c5c30e7cae4a1800f5591e502ee2a7432b88b758345
JER	39	238680	1910243	3da3b65336c2f20aecde75007f44c3bba29e517fd7abbf56f075848c6f55a55f
JER	40	292008	2336979	9478ee89c4b6d13e445f0e20c8c0b7ad1e31bd6869a5aaef05ec46749f0ef2d6
JER	41	253416	2028316	f2eb95af3cf5d9590d79edd0d57a55fec6401039d9af6526e3d2b9fb5c378141
JER	42	302928	2424333	6ab169b2cd85ba264d545bf1a0f53307309a32b58097acbf013ebb877aecb993
JER	43	191208	1530527	287222f7c020d9840afc1593287dfc2f19c3eeb10e65d27afc8a7d418e24e43a
JER	44	483408	3868173	8047f100764f70d3e82aa3dbe7911a91e463b844e191db1f802bf99a3664fdf4
JER	45	73848	591582	5724cd9099ef6194c19338b24873880a638a87b2f993e0ac521fbf147d6d2b16
JER	46	361632	2893910	749b6c441a551e95b6063ff040a2949bfb3da71129ad55250d30d1653de3f9bb
JER	47	97440	780499	2c4738f790cb7527ea5576322a342d60db15518a3879b6eb0bb57402ee617477
JER	48	533040	4265234	bb4380ca3793bf1da7d7e72cacb9d8fe17a2c73b335c887d7017a1c6f2a9cc30
JER	49	546504	4372859	7c91e1297ab7b52b25f67422a6f20c929a2cd2629f5b311562b4d7d2192e05ba
JER	50	624192	4994364	e92ecbcbbef1e7bd36fa902e8d7ed3b900c28267e0b3fa9a0f8ff013738cf633
JER	51	790392	6324101	8234c8ed41683ac1415f7146878d4ac71f6e59511417f4dbde4959054fb0eb9a
JER	52	441336	3531507	c45c665135596ddbfe9c3624fddc546fd80ad5ff4b888a69bdcac6520ff788ca
LAM	1	342120	2737807	984fdc1e6418f99a1a812e7269510e54de3ab57c979d87a1f93401d9fac07d02
LAM	2	353760	2831012	07f82a9bdb1151dac0ecab117bb808e86c224e9c29a8f40da5e8926fb4a5be79
LAM	3	380856	3047724	f71ffdfa5b42ae4591dd4ceab542822fbe52f7490f13f4be2ca5ad919511d7cc
LAM	4	256224	2050682	d03fdc3825f501939ec27e03c8dde7bb95efe05c26c9d64ca4f2e2c98e6fb285
LAM	5	146400	1172132	bb4694a1506af8edf7ad4a838174062c3876f3be6117ea4caf4244b3f6d058f7
EZK	1	381024	3049187	cc0f8a013883075d74c3bea03f3113648a14601bf2b454350b407f5a357d6f8a
EZK	2	130680	1046326	330c1712cd9ac10390fcfef9f43bf82ed14bdc8f1701333c2f2d0145d69e18ba
EZK	3	367704	2942607	6eb50bc9df8f6902448198ff817349f8755eadf6959ff4a777c025e7117fffa5
EZK	4	223560	1789458	7988d1a96a74b26bd14fd2776c174edb5aad05e5fa060436b877ca95f3b24d6b
EZK	5	272040	2177324	0572fe8c846fe246931be48be32f0ee6272eb763f399b02243f8610c4b735e78
EZK	6	215640	1725928	e1f16b4bc5e372ca74386582c5f22fd3acdb9dd8c05e484e1e982125c4c4b814
EZK	7	349440	2796321	a7efe2e1f3fb2f9a57f94bb423ae7343e26e5ab541197b38ae00ed3115e47632
EZK	8	277848	2223717	4a6234542be978f01ff8831b70d43dd826c390f47e1b3f170289af2255e60d1f
EZK	9	179736	1438790	3a76941b70061f3af50c10ada23f1c52c81f74c598e12ca12aace74955a52116
EZK	10	277200	2218496	090efc2e93b18e4028e36f8714642d076311df74602f477e6e6dde22c6a29dbd
EZK	11	328800	2631231	eb0aa02a4cb269bd79cf1605a29796dd6a4552e55781f76b6bf47437d5827601
EZK	12	363336	2907502	9f1d35c72b72fda7401a5931d090cb0b35cc7f9b9997108d16a6106d1e960c69
EZK	13	340873	2727988	b87f754e30a0d0715e0d2cb669edee24e720b6b01bef39b19d64a31f1cb0bb05
EZK	14	357936	2864452	cab105a3ec4a63b8a0e6b716f04fbfbe1cf58b25125346dba6ad1fa0a58c6ad4
EZK	15	92184	738293	f577c250c091dea115cc50ac5935cd4ae480f761c4b9191dc813efd6e59ba495
EZK	16	817560	6541448	9ab151d45feaa12bfa53ba6e555c6b9803016f09fab38edc49e78c7f6a475b18
EZK	17	347784	2783159	9efb7ff582b9ccb356a9c26f9564cdc77c9d68f7592667378ddb76c2202507f9
EZK	18	395592	3165591	5867b89df2ca55c2e55999d8cd715f98b0363103488ecded1777cfb9f41a0170
EZK	19	168552	1349350	924c1ba84e81ef9f1e0d637d71a1368e352422dbb7a2227f3efb3c9ed2bc570f
EZK	20	751776	6015028	0e67d311d0edca89fef95659e86d995c8cd3178314d10124984ad80bf374f54d
EZK	21	431352	3451684	35cfce63d9b02673d94c0e17e7d554beaa5fe198400cf88b16a12edb8346cfa2
EZK	22	390312	3123378	b0e0aee77a4de855d4bad7cb47ef3060f769ab9170c8845a6e8cb158458dfc73
EZK	23	642960	5144628	c63a2dbab6fe26b25b75cb7b5242ce4ad4d99ea6858e1d83574ffe8e97f06ba1
EZK	24	339672	2718375	d56d772131e80f226d9d9fac94acb5ef5290a4c9ed9ef86b04ea0282927cbadf
EZK	25	226944	1816419	2d32dcfff75d6ef8118b7d855bf268db93ef7c8c4b0b5daabcebaece4322401e
EZK	26	282288	2259247	f520ca8854f517f02d4ebd6d2c774f62088823ce35d193e2402df0d2727b1d0f
EZK	27	441624	3533813	b620a28e46517961cd6da468f129ee490127a92cc9af5fe1b7a5518dd3d603a5
EZK	28	346104	2769784	c1a605418b760dd2f595281bfb99bc24286000233bf74fd44187fd986be73ae8
EZK	29	301272	2411175	a74a2a116991523ffc8030671aeb4094766872469c72914f31157395d81ef0e3
EZK	30	311928	2496230	c31b6a23ccb6890cd95a316c4885190239d04fbf40251c195ef9df7fe968630a
EZK	31	290953	2328628	6b49f803d5ed5b2a302e3a1dded29795731564e94b6cf4134068fde5feb10f61
EZK	32	470208	3762646	8434810e5c558f0ea34eb3ce95507e0f83b4d9596f7e3fd397abc12851d5f4fd
EZK	33	454608	3637676	43312a6511094cf6e30831527dcf69fdc7313a74121fc50562372a6d7e26f393
EZK	34	394680	3158277	31610cb655a6841e58aaf4996da68c17c668673bccb336d215bac65efea94c37
EZK	35	180240	1442764	08b4871fe2f8b4f8d24422ecc61e462454b14564744132b2d267004e45211878
EZK	36	534408	4276109	a97258a0834379e36f456a6c79d0037e4a331e4ec2d42a9cbaaa48ba5ae0c871
EZK	37	401136	3209895	722d826658c97d65690fbe79390cb873e11220f2db64f11a6e87aa96ae116c98
EZK	38	359832	2879498	bfd441355b639968510e19b12b637fe351c32e440e72b3a22d8febf98d4f11f1
EZK	39	384936	3080328	b00afa836c4fa7446c03f394adce5e37f4599a1db3964df804b3aa92c9132211
EZK	40	651240	5210875	f87397f942551edfe30fcba7a9d0907dcc4d3ffb066d4306c0767e6d877c2a01
EZK	41	329353	2635828	424dfde666157bcb6e72e31e95075787d2ea3219396d0e24cb84d9d2ff0a6e22
EZK	42	243144	1945987	d82a02e15f89031ae3df312fad9b8d3171fefb41e172fcc225e7d8ef1e0339af
EZK	43	370128	2961836	caf4d03368f6ecf5959b5c2b12a2e0e635f9c63913cb2e786e9f0f50058abdd2
EZK	44	462384	3699952	f9e1c5fae9ecd18c3268610a6214b9a4661a959c086e38c7a76f96b805f3b756
EZK	45	364824	2919413	985730f988ce7b819ffa9ab279d637a43f64a90a2d5d049fee5639439c18f127
EZK	46	350160	2802176	614c13462ccd75f7d2f4adc9b93294937b18041b3cd33ec2c99d52f539c5c382
EZK	47	317833	2543668	a9b0b9524a9394f827bc21f72c445512b5c9702591864dff0fa59d5bcfbc3f64
EZK	48	430008	3441027	2d2febc79284cfce1a92e26cfd78bd235735adf1c6ecd927cab8342082bff54d
DAN	1	280536	2245236	7ae98335df7ced20dca8a6cb0ad3594697b4fb5cba40b575be043a81a8fcb27f
DAN	2	655968	5248691	638c74dff608f635621a5344a63658dda363a53baee643a73a51cad762cf68fe
DAN	3	475176	3802343	120876bf923763ae22e0bd400ae09f5f2b8499db602978222e6fdeb4f42413b1
DAN	4	555456	4444538	e90cd6ae185ed7f1382720d4548e622acc0af6d2bbf35f66b7af6e0f12656705
DAN	5	447816	3583333	47dfdf79cf6fc5fdcb9823297cddda87a60ca58b7fb05aa0b7e11c0a191119c5
DAN	6	415872	3327960	b9adb885155a33dc7c3355a6bacd29c7c17522ed788f0bca71913b00ec520040
DAN	7	400944	3208423	fbd515b8b38a8e85aab54df51b32aed29e7592896c5ee1cc5d76ab876005d53b
DAN	8	342264	2739055	25dcb835d77e1200e896f1e77d2028d19af4731fdc89ab9da35e5b3b5de6112b
DAN	9	439776	3519176	ff94328e1830e5a74003620bbf5be976ecf4f97e524f1cc2df6f311a5711887c
DAN	10	262200	2098536	da98b9abe212dcc710b7451a5e5d2b47eeb72f8709449d193a6e61e6cfe53ab5
DAN	11	586633	4694062	c5cb5db88f5683d7d2eb140d97171c4f07daba94e425568e2930d5b9d85f2190
DAN	12	178176	1426248	b675a14c83e0ebd67d3944a28e69b4786e7764e58478975acc56af244cfb3bc2
HOS	1	158016	1265116	92a3e6f10ec638009e7ae3810f0a5d4a2167febe19671087412f73d6743cda9b
HOS	2	305928	2448358	5433c2a624f8c04d7203138c75227329b06b8bee7ff5071d7b055ebb36b6d70a
HOS	3	74016	593038	7800120b85b9c852a38aa9860f2196c49e188ff8576676c246b9b9cdfbab8a53
HOS	4	237193	1898533	17dca7538a1bc28c05d50417677996ab538e5c70bf370be4fa04f530cfdd8bf6
HOS	5	176856	1415790	97e259d2f2651f1936b7f06722653a4df3f4902b40f595ece8a8567a0da77661
HOS	6	120600	965648	7a6bcaf06ce19dffe6609bbf4829350c5f5e3050ba91fa2a55b539c79009d754
HOS	7	210840	1687673	715983155a2eb451add2161906a3cc9f2709d00dd7eb29026a71daf1b7e0bb10
HOS	8	163152	1306076	8cb0e9f9759257ae48fbda42d7b7f6f99a6d8dfba808b1e2d6966bf3ede956c2
HOS	9	242616	1941792	86af8d6938bc02caf67e83deae29643db1f1b03dbeb2696e0bbedab6e4488d6f
HOS	10	195840	1567512	5fdd56defc214d0022628613e032195227be28d1f64082deb851aa2cbc6fb365
HOS	11	156336	1251535	010e4772f21887e36583997cc5758680715f5ab59b7ce2d0f001f04d34e12323
HOS	12	155760	1246938	c6a3747c90a60863f7361c13986ee501ae988410f393b48f1f9502df62a976b7
HOS	13	202512	1621011	1340711d203042220b55336ce607445bc1a24f9d180552120ccaf0f76376ee2b
HOS	14	127824	1023539	b4f0966377eeea74880963922612be22aa659cf814e383967461a8c21ffd5e24
JOL	1	239880	1919851	8ac7ad42de5b1a77b36b764049361d045adbe7742f3b982323d4d20a8d71f8a2
JOL	2	420456	3364527	7e28dca91f6df3c99340ed14cfb7a25804c3e7645431d4b32223b3ca2bf628a2
JOL	3	268344	2147639	8747a62cee59478ad45b32b6502b03deabf7d41c69c805fda21d9b0ef98122be
AMO	1	204912	1640234	8d8f0339cce5c01143048fa6874650b2f571137c7a956944ede850082aaaa58d
AMO	2	202776	1623098	caec51e29b16e2426871d2cfcc8d3e42c90ac0d604e058c76d01c324c1bee13f
AMO	3	179136	1433972	8a4593e36979661b71ced00b7d9ede746cc081551a77b0d921da0afd1a693030
AMO	4	208848	1671581	6036cde65a32694987e739a1a7e41156afdb5f95ff85519e2b27f4d369a15a67
AMO	5	297672	2382321	a5f4c44055a180d9fa40d2059412d9c595da46354d6a283ec509cce6b999a10c
AMO	6	177120	1417880	fa615ad6f733c01b438f61f1d2517f2dea6b3010ac1986de2c86129fc92aacdf
AMO	7	207480	1660714	e1f53bdd89f911f77bae3e18097e42bb1942ece20fb1eba55dba40742f59c234
AMO	8	182184	1458422	8d822ac6bc2cffce422954ac78a73c73ed9d3c1374f08d905e306339d7369355
AMO	9	232944	1864469	e2d6dd6d0e0f35dbc5a0d086e0a4d7e584640423defbaf17cc6bb3653d474381
OBA	1	283224	2266757	08453731905293ecf83dba17322b0494d695057d918fd5fd989e579d0fde4f68
JON	1	223368	1787772	3138e419c0336df591d990a79f911242029bb255e79c009bc2cdf7d950dbbc81
JON	2	100896	808076	7fc5ba4ba21bd50573acb036aaf30fbca4b7f4d3bfaf0691520079b5e70a440c
JON	3	122376	979857	43739f1f7e36d58dcd588024048eb7c475b9d78e229a5530a2cb40cb66b850fe
JON	4	156120	1249859	74f44651d94eb35196939a65fa3e5ebf1a839b2b140286716933b040416ca398
MIC	1	205200	1642531	0844ca4cc8f37bf060ae6c61796d8f09d39cbbc64ecca02acc78a5f7ef21115d
MIC	2	174576	1397398	844efc1db3b8cac6e0c22bfab4c7d62847bd4550cc94bd87ea78cc17efdc4b74
MIC	3	154128	1233976	ae2f9d5c304d1e00ba8a66c2b06c0555959ed06a96d189b6704ca15f861657bd
MIC	4	192888	1543893	a9846107ed020be1bab679c65696d414bfd57b8a1b76c6e219dedc3d19e27b3c
MIC	5	180528	1445045	f1c9f17d1e3d0a4b4600f880b1edb961f4826c8545997d978b0bf8fb3f0b9b8d
MIC	6	199560	1597392	decfcde8870b6f25af939e60799659a2149c228954d5c21855d650d3740645d1
MIC	7	253800	2031233	d25ec28934704c4aabab24615f33386f88e65d27e1c2ffe93ff1f75ed0501967
NAM	1	190944	1528432	1fbb256d116284322e6daee1af86efe391974f12bba922c80c3bbeec1e3e3b49
NAM	2	167016	1337007	d9d2c3ca6536583bb2775b0daf71dd6a68bdfd570cec47461ab372993eaea75d
NAM	3	239016	1912955	4ce788b99bde5f1de1b4a489bb0ff3d402e5a35d085901054a7066ce13caa536
HAB	1	210984	1688720	6dab8dcc643ef0a01e57402c2f3429ead6a5b31b1b9d3ebb3716adb11e91668a
HAB	2	256704	2054434	cf4c8665ec800e89eaf4af6c7d0b2647655d5bc9195c33b367a23b1f72dac78f
HAB	3	232896	1864054	950e58284ab78bc22e750c23e242621ba8106545a1771876b09caef7ac9d1d50
ZEP	1	233712	1870538	8dd36415b9cb2b6ac50bc008a9c5ac7e0125be400a6d62d601a3262076ed9ff3
ZEP	2	201384	1612030	f0643931b2929108ac634909ac8fe68e23166f044191211350eec7fbc191e63b
ZEP	3	261936	2096445	f4e7571d6afad1cff7b570581f93851944683f50ce201e00b76c52d3d42045ab
HAG	1	208320	1667402	7a381c82633ef6bf77f2412daf5ede021b55aab6b67818cad29e8b3ffaec36fc
HAG	2	320280	2563088	8bdf87f7f7cf402e9d80992f997ef45d37fc6d295c9cd63a885097d4dd2a6406
ZEC	1	279600	2237709	d70ea6ee75543bda2ad6268948540eddaaf516ed4dd934ea0e51359bdc59ff49
ZEC	2	138552	1109219	22c7037c62c7f0b3d996a33f664cc2c46472e0bc16165d261bbd597069c62738
ZEC	3	136224	1090620	89208e22b2815dae789ac9538f355ed29cdbaa97372415768f87e43e0732f09f
ZEC	4	150360	1203678	7b00be9e7639976fb95851362740216120d22ea96b5af64148eed04f1424d803
ZEC	5	134088	1073693	f71e9e9e0e5ef1eaad43222aba3990007451cb29718c8fdda2e1d93a684bd0ea
ZEC	6	182160	1458215	3126a9d7b1477f749c3e47da2aeae1281cfba5a011935414d3d30ddf7c08c0d0
ZEC	7	169056	1353307	ba07c8676f530faa8d172b66f8087479b4167687295c0574d77138d9a9721115
ZEC	8	280608	2245859	ad923d9fa765e16208d8ac00bfdcc1ce45767a62c8767982f3c857eb94c58688
ZEC	9	217056	1737412	42cebb6a03adab1b049911a2547fbc1fcf6c53cc2f5d4369896965a667bd5bb4
ZEC	10	165264	1323008	c39ab0ce5a5478bd24f9fa0b1843108a6a5e8c5c1aa9ef94d20b9d5144ef79b7
ZEC	11	215736	1726757	71bb6383d14dd63db93a79c2178ba160b979629a20fc87451cf83bbecf6fbdd0
ZEC	12	206328	1651524	091ed6b983aed01e671fbeb534df1e41d30045e0fb80450746fcb21e29647017
ZEC	13	132840	1063665	b5459da71ac09af4d1145bfedee7667cbf46207cfb709f20ee619724786414b9
ZEC	14	293232	2346799	ea22ad3977fd17e68780b7da7d6c302ba0ae9e0a782bd8b36dbaa0bb880e226a
MAL	1	229776	1839187	5bf81b8e6f35fa186d4da27e5ec847cf35d24a9ba6d273c732a62eb6a9c7843e
MAL	2	238536	1909195	6deb76eaa4d07a04f0ec8c9744fa4ec45d98e91e7d54c44b0f3432c5b7c2d067
MAL	3	257040	2057153	301af9ed6197f781b99488dc8e4ae5fa61d2aff29c5694d41b047716216d6d35
MAL	4	86064	689381	d37c0dca513f6f1ba6a3ba90c40fa6139b5e16feddb37f0e7abd804f46e0bb14
MAT	1	230496	1844829	694061813ca5bc316315482366d91c8a9c21851cb2fe8d0ea2468eb92da13492
MAT	2	254976	2040643	eb35120a8994ed852b21555f242e2c3110256c57597e4cc073fa58482e5a141c
MAT	3	189816	1519448	84965da68d2b7c312a331c0ba7bc9f6bad8dc1f5db02878abf9c9646e57627ba
MAT	4	270648	2166031	cffb5369d7992913b4f1bb5097d0df2bd4c32cf2344017b0e7888349518f0413
MAT	5	499128	3993976	1efd7eba9da825c5ef04f628d86047a6af349a0db0871662a537b68691083727
MAT	6	388296	3107275	1455a0e03e651040129baec9976aa48e49a6cab9f61217f464e02c46d2bb8b8e
MAT	7	299544	2397162	214016ea985d2681c90883b2e56c4132ec8fb9368030ea3ef873175f716be621
MAT	8	370680	2966423	5f45947f76c33e522d3265b3b9007d9d694769cb0723eab23133fb0682811dfd
MAT	9	397488	3180836	7bb0fc29b0955f80d779c88eb46e112c6586f9b73e83cc7915ad9d47dc3498e4
MAT	10	425088	3401521	6abf6c380c5299f3f34b7e2ecfd61bc6fedc3ab051fafe4bc37915ed6b969c05
MAT	11	325632	2605936	f963d65a0dc85624b3f2b816b833a3fbbf81ec417db7cb493166d0df06f9814e
MAT	12	531985	4256875	a686690eb8ed7c3cf3e94725bc97c04ad81656ed14527d96690649aaae2b0680
MAT	13	587424	4700330	605bc7551ad443f0ab0832a2eb25621ef4cac94c775f112e86d79fa10118cc97
MAT	14	319488	2556826	465014cca781098760737bd16d2406e873ff102f9d87e20b91399c939670db09
MAT	15	371136	2969979	edaaab1c25cfc781a7166e72dee3e28d96bc2cd6efef1e3d9379578af4f64611
MAT	16	321480	2572708	de275a962f37075cb1bae211a78e89246b00a44b751b0b16bf332f8de71b3edd
MAT	17	301824	2415556	c77259348c5b256500b8f03fbadac9daa52584485a2863da5008d751febdb837
MAT	18	417432	3340290	df16017048ff9d9cf257115a182ed4777d26dca058300623be748309c89cb692
MAT	19	361080	2889521	1900f8dbeda0292f5933da347a044bbc755556287c2a6c71d3c341b0e657bc2b
MAT	20	369240	2954723	84114a60ef231b8b8cd7abbe720e4ab0ba17a649d30a33c8594636439beee8df
MAT	21	518352	4147788	28bd181b7c4c6558acedb04efd7638f9a248e34a176b724e3e54e5f18ebe12b6
MAT	22	395928	3168300	b18e18ebb59418b2dc382da3ba9bc4abfc37235e571bac4c64309b341c132965
MAT	23	414552	3317303	ee34443551e2cfbc70b2b9191307630fa27e0cc9de29bbc7db78af1ae738f4d6
MAT	24	427224	3418658	f964a9e0e0ffc5e871b578b3945e0e8ad3211b694463e8e56a7b5ec8b98a0e80
MAT	25	476736	3814883	c55b4bb6611bdb79c52ef0e22d7b464a5ec4cb7f644031b218efda3c79fa5748
MAT	26	758784	6071236	3a7fc20accd103f7c3aa6f3bd8baffa21e671903611ebda1f945f3e0dfceb247
MAT	27	641616	5133753	158a8fbc76b41f2c3f8517283750c02525b58bdce833caf478ab5ba8af3e7780
MAT	28	203904	1632091	72b93a37b982452eafae74c7983d48046153b0df1295b156b5fbe9d521c6be09
MRK	1	457272	3658979	98c369e40959b1f90d33dabbb6703081e33cc84f7a5c976182e8b124789b24bd
MRK	2	321072	2569569	a27b748a5b62ad793b76fb968b3220d816aa1920581a8dc62ea8106b6ae25197
MRK	3	335496	2684925	e24ef74b20884b288888f15f049d162f239b3c43dbc9d8fa371edf581a7e069b
MRK	4	386736	3094734	b585363e626fd2f1e34b03a3ebdcfe766219c5f13cf75c3632abc26c07abc4f1
MRK	5	398880	3191910	f5416119d1358305be41590f99a2a79dae0a9f7dedb88e967047c92ebddf23e1
MRK	6	609192	4874405	f746d335d2af6ef94b78a8288e6a1146b159ecb8c2041668deac93e24d2e091f
MRK	7	381096	3049595	1b4ad3092f551214e2d41aa5c1dae709d70e603b0c2d360e5a49c8ac2f705e44
MRK	8	401088	3209673	67e85ede243f94e9ce048d37ea1903a673ee5848ff29cec5601d6ec406babdd3
MRK	9	536064	4289471	157819e66fb0d8e3276b0b5107834c127806fcf14ff62a65f05f4ff7fe5f8832
MRK	10	592224	4738780	3e4c5f93ace1af165d82cccd17eaf26ba526ca4f6af2d7e86bafb09af9727a3c
MRK	11	355800	2847306	25abc8ed1311a39408b28c8589c1c01cdbc5914168fc04fcb02e80434367baf5
MRK	12	509856	4079658	d563988fc9229c526fbe283876ec53ec1aa895faf0a0a07440375abf6d47c428
MRK	13	368616	2949914	fde13500cc8b7532fdb8ba92193477e4ef263d18978d9a9180796c14c93d4483
MRK	14	749977	6000808	ac378bb54e40e706a526da7e6f48ba1a90bd587c054a19c185b4a1c57398690e
MRK	15	447432	3580406	d1c73600c4a4863cbeb81ffbb4449aca714a2084917731a91d2680d4936b5ab1
MRK	16	217344	1739714	83c976cbaa70680e66f822d4aeb682c2541d9f6c6db3d193560f7f36b2f77980
LUK	1	732504	5860997	7726712d745368e0ce491ca566be7d551a14a4b882bec7d2141daefcde2f09ed
LUK	2	508632	4070042	96c8b538973b6d413f742c38d027e6339af6ed59a6bd9bb2dc58eee7832ad355
LUK	3	463488	3708716	bb5647e9ef84be1cb651c83cb58df3c26b3e0424b3a1a4ff61dbb55fbb544e02
LUK	4	482760	3862943	1458d592ccdb387cdb64b00de22fbfdf51dd691c4d17dce90120e4be9c80cfd4
LUK	5	443712	3550519	2c23e3322f05d4822ee64378124c89294a7eaaced34830466f1de69bfe1c2090
LUK	6	556608	4453729	c9ff278a4703cd52e0e5a132345579c8fdc4f59eaa7c858c03c1397287256bca
LUK	7	547200	4378496	f0710efeecaefeba5ec148b227bae27bbd8c29fa517838aaa6acf00d007f1d31
LUK	8	631440	5052455	0b97fe9320706f981114469b86ec79c1fdd93a8f0f6121951fe749dd9e51c8a1
LUK	9	655056	5241373	1d7375180433be5bf89d2d3eebfceed88eece62bfa1b4de11aadad18cb4258f8
LUK	10	442656	3542163	bfe99dfd471fd93cdbef54f2968c465f462be8468a34b21f5b755ccfdd443e9c
LUK	11	598896	4792070	cf722e62179e3de211f452f462dbf04b6e8208bb8010a76a4327417d9260bcd8
LUK	12	618864	4951730	b02415855aa83aae4b69b00874c10828f0d4843748c8ff68caf84783aa5b41ff
LUK	13	379512	3037059	c34a717486d133faa42afc0fc637cd90d7f468cfcb39dcd7b5ee1637c617b54b
LUK	14	357384	2860053	9854d32c9ec1b30f346f212b560c23e8a756b16bcd47322ecf73519f833b619b
LUK	15	328488	2628713	5ae2ceb361ad25fce1172760a3eb414afade4d39bf8189c0894e78b3dbcfad86
LUK	16	372144	2978127	93fa78c18a56d0a173eccaf5357fa75dd29c6cb55f8813d6be65622fd5b191c3
LUK	17	335472	2684719	b442b6ef538b5d82af9a436ca66d6cf0e03fcb267a57119e63e3d61d5fdd7853
LUK	18	415464	3324615	04eb45e51c9e80e87f41c31e8121c6de0a8ca710b786f720e7a02c7b4915c978
LUK	19	436728	3494724	f4f74f6d5eb35e4ea5c9a31167aadc2d16791d3f670f92d7965122812c8fcf18
LUK	20	433680	3470274	9084c3b43c9adcda11b13d5550319bc9e6b58dd3aeff3b87473ee23a9612d7e4
LUK	21	333840	2671554	7cd5740493347582f3caeba2c2726f9ab23b15919c42af4b8ed7ea4d7fc44a64
LUK	22	631896	5056011	5ffe2292e0d11d92fdad8879435f2ce935e0fa733f153f8179b55be8822a32f9
LUK	23	500736	4006724	4a2844fc222ea8ec27423a3810487e5da538ee242702d7ea254b0653d2b864dc
LUK	24	446592	3573719	5598bdc94cb21e9e10181de5c85d3b19bd795a6eb9edc5c5030e35469a602a70
JHN	1	479592	3837657	9cafefc2369ef57b79e98992c96096ede064335f852b7d9376226d4f1c7b02f9
JHN	2	239688	1918388	1d74b5e9c9d2c744d7385f21d20f47c1b660c59980f1396933d1a82671926d2b
JHN	3	362784	2903100	b0b8b2db4884c422b6d855d387f16a7af219a852e8150fafdce08b26fce24a42
JHN	4	517848	4143603	faa65d38712f25b0ebe098b3160729b74bf154fbfa4189c331fe7e0a2b6157a7
JHN	5	461880	3695969	8854d7a260f1bf376dee0c60291fee34770f703f5361a0d96f898d91ee2bb09d
JHN	6	653424	5228207	befa1bd96f9966af115bb004a0c4f6fe84b82d2c72323cc59809fc4522b2608c
JHN	7	475824	3807564	6449d5b3fd706b4a404863748805e9e9ff31f0b157f645241e9c9210f56468ca
JHN	8	610992	4888824	3847111a1208a2b3027c88a5b17d2240773e8344012119167874d51900d3476b
JHN	9	393624	3149905	957057d1149a971ba1233c74de68f6a9f2f6bd65ddc0b69b58a736f3ca73568a
JHN	10	388920	3112292	db009f757e7081d68ebba8f6be05dd15d9b86bdde3e428a6fdee5eb842352e3b
JHN	11	538320	4307446	a1f4dfdc67d79e2f2d8affd7a8dc5d60d968415e2f6a1c4293cdf3b5c4e981c4
JHN	12	496800	3975377	de8dfb9f187f1594108e217dfc4d37362b28d6d3f4bb205b285390c79892cef4
JHN	13	398424	3188360	3541c38b56cec6d38496e4eef1de0c914fc473d1dfbfb6977ea0d6b07c3484e4
JHN	14	336504	2692870	a1e97dd462484bf3d33609ab906c3c055a1618abefa50353acc4a935f3d3eaee
JHN	15	289416	2316288	4740b945a56d578a8edc2184f617b7c72b33b5b04fe918c586a7a6cb531364a6
JHN	16	347016	2777088	4c58fc3f31ceb1c774ca7cb01cdb5102b455450e4b38977ce3d9237b7b131e06
JHN	17	311088	2489532	1077fcdc71eed4d6b0ad8a2fc8273b1c3bd979f761555e3cd6d461e03bce8798
JHN	18	476088	3809657	8e148d0477abd8b2e998ddfc53da2c5b39f9f29448f2e718f13892c77fb12e1f
JHN	19	496968	3976631	2ac58b03bf7c115aa08352db0ab40a097d19ca98f5dbc87d33bdad27e49f03a2
JHN	20	338640	2710006	70e657f776a3f5d611ea22653e058d5f87a5aba61a19ecfb9b5dc828467bd973
JHN	21	348024	2785030	1a45fc2a942691a4891e1826be73eb28bb91a5c4f441379d96310ebe525a3c89
ACT	1	301920	2416212	7308af437872945f4563676198c2c64ae1de198cd0451e7755d4dcdcd03b5c2f
ACT	2	467593	3741769	6f4d9e0bd8e4eb759d81cdd09d28bc3e55e64abefaa232e460ef056db61e0a04
ACT	3	286248	2290824	0292507a1a7e3deafaffdead23f965cb85cea4cd80a9d7e0f69477785a44fdc6
ACT	4	384408	3076169	5d09771862f6b8c872d904392cf249fe1f6171c4052b18ac6a2820512a8829da
ACT	5	435624	3485978	a552fad1be0d217a9123b230abc44e21df8d6ef91c110996bab6dfb4aedf6b2f
ACT	6	176304	1411438	744f5afe4ba3f8ff5b2331029fd96ed0a97a4e043af7cba7a0477303a0b24064
ACT	7	643272	5147157	ec33886e2fd5669b103e45d52b8da159fb982221818a7f340be1fda13b56497a
ACT	8	412488	3300822	8b39b22e43c7ac0d1561f9a1b742baab1a889b7734627ef3d1757bcb2403e083
ACT	9	452136	3618053	8889a601675f772611fb2bb60ae62912e807ec348c69b540db49e31444b25ef4
ACT	10	520680	4166419	c7f684cf22b578914838ce32f503d72fb39b55f1d3ef01fc6c207f0eb07b32c4
ACT	11	307032	2457175	2b272a16bef5c1633807347cdeed3eded1de140fc9dc0350bd4047eee5b8085c
ACT	12	291048	2329279	814f329f098f7fae12db67feade36c4ae85a7651097d8e3012d9162132d8ceeb
ACT	13	588600	4709766	0f338808c5eebed3d73395ea8ccf54706afc911d2f7cc7839725c21565caa253
ACT	14	296832	2375673	4fea09ae2d6258cf760e72b5356a37590e881185730251b0df9e768a527826d9
ACT	15	461136	3689945	76d4cd64317794c462550d54b674825f88078ef655ac08c0f6290774512cd2b1
ACT	16	441312	3531330	b28335d40fce38907e4fbfb9b3196b6f5ae7a4a0a5042462d8eb588690fed7d6
ACT	17	402360	3219741	8146045fb16d11c8e97ef3f6cf43eb26b5571a7e908974f4ae0ad441e725c6e3
ACT	18	316416	2532198	adff60e179aee11cdea1ed7e05d1ac6a2a2b7331d13c3a44683ffdfe111e102a
ACT	19	457440	3660479	9df5665254681be7a7cb808b43ea50957ed8c0bbabd5dde9747879aa89344b8d
ACT	20	399024	3193201	cdf2cd9c7f60172a9d8ae93b8f29679d36c97b118aa3b7da3e6047bd2c0fa8cd
ACT	21	502344	4019715	6731e80756f5f9c89974d94460ac5e9cdff7e86c30c4e0e82c24b18e5310b555
ACT	22	346656	2774197	ff9fd8b8dc44332a0bef8aaf06c604336b370709d0103d019be7184596130a28
ACT	23	417048	3337397	2e1f67088de8bc1efa8d8f91e73d110b07d88e6afa2a78bae9b99f725f9255ed
ACT	24	312648	2502105	e8b5748bfce3cbe54b4fa20f6079e3dac3696efe242c5077b874bde8e11fcccd
ACT	25	346272	2771062	8cd85be23aff12e7b9bbfd908dc2bd5da02c194c31ee32ca8b3f7bdaed4a17bb
ACT	26	362592	2901674	ee61db2c789bab595e39ed3921dd828f5dd90aad76c19aefe8d70d8c43c85384
ACT	27	451104	3609697	1944264f2b88ce133b371ce87b71208a00d22296fa057f653766c3d2f8beac61
ACT	28	388608	3109818	ad37f8621ce6f86e13f3af0027e5ebe6cd85ab2bbc2c8386a6330fbf092261f9
ROM	1	417456	3340492	c040b62b2590c3f6f9b6832c6ec1cd4ff6e5a35033e3f05b041aac0e6aee1654
ROM	2	349080	2793593	51a8ec69f6116f9a209996ccdbbabae0dada380a4cc765aa87988643c536e0ac
ROM	3	312000	2496842	c8d814d905340efb56cbbdbfdaf9dfc5e2c4cb3ad0546f5bd2e38b0dd9f3adf0
ROM	4	288984	2312731	40ead7cb8242e7982c88f10d0ad13f20ed1df082c8b3eab30c8f5a494755402f
ROM	5	266712	2134680	887e9d1562cbc190c19eafaec08ce75b6d20067d7f0fc35a96f124739b05d010
ROM	6	260616	2085779	b812b7624eb1d80515dcaaa1a6b4f596ac5f84a204f905e3cfaac9b1ab0d6e57
ROM	7	311688	2494334	64d4fb0ea293cd6f568cdbceec16350159c0c35a4567a33b09ecca0ddbefa9dc
ROM	8	433056	3465253	ca82999cd2122fded17bb742045c952e4875eba5b00071790ba4f1cc6cc063be
ROM	9	358152	2866109	33a52194440e7ad4aa337a59691f981f5ab9a1584577b35cce9119037727ac5d
ROM	10	229032	1833126	5d500bdeffc9a122a2cc216d18ce51f87609e5c3b951e8a5f5a0244103a3aaf8
ROM	11	423048	3385217	bd711f64e2576af273e2dbc5773d4bf3e5cc9441b494bca0046e1c88f2288a6e
ROM	12	218496	1748907	15f51b86cf83938c392f337a1a522b38b5f63d5e19156641404ae59498bb5447
ROM	13	199248	1594889	29d9cc9687e6b6b255a6a0b4fd7e70d5a1a2a76998853df835a842e0b3a355ed
ROM	14	277872	2223917	10c8fa24c4b80509de9e4502897e7ed65b01904c8c57febf8e18e21c1c0cf0ea
ROM	15	388632	3109991	e73bf27a5aca7d15aa9f31b3f7d5ed5b08949c8f04c62128ed771d068bb2e8cb
ROM	16	294840	2359545	9cab285f8565ba0a1544adb10ba544e6dfbc588499b3a18f0b8866d64e30b3e8
1CO	1	312264	2498948	21d980041ab5307afc6cd950a56289110fb35a80b9c6582ab417f02afb4ee0de
1CO	2	165024	1321139	e57bb77fa1ef6d22c1f38b1b5ee9d52ea3795406ac4d8d30effc36d189f006e1
1CO	3	224112	1793850	753b4f9434b876fcedc25ce726cb88dbb94bf9ffac6bc8b65e1218a9dc8aa08a
1CO	4	237240	1898758	8dffa53d118769ee9f69e0b107c9dc64b99c82631405af1988c9af881358a421
1CO	5	154920	1240263	4bb8fde4e103cb7ce1f40ba5afefdc7e677b124d6b95db05ec1537bab04124cd
1CO	6	223272	1787163	bab9c46a65cbd99dcfd4d4a65e7c27aecb36ed575ab3886abf553bcf60c7cce8
1CO	7	432864	3463806	c55514da206e112915da66dd885c6d9118df746129c768533a52489c8aa1dee5
1CO	8	150144	1202020	42fd8c3e7bd194cf0f44716cb3f1e4529218cd252ea9e1aecc7c29fe163e9ff4
1CO	9	292872	2343885	bc6836ea1b256d7487081faf99192ac06685cbae96f29008b4ceb0a742e4f587
1CO	10	320304	2563316	dcd7d9e8e6aafa0ad7bee45eadf6d10a3fe1b46b8587c462d8285211e59a4ac2
1CO	11	327024	2617024	29286a9c47f4e60229c5c69b3882b112f5a40c9b3aa7be419ff936ace765b6fb
1CO	12	287784	2303137	1fb42f208f06373d07baf11d6c663c67508d788ad289fa84f2e34b39794ff2ba
1CO	13	117840	943724	82276bfe1ea0b439c5d5634be6b3071928a0aa1e2c5ee30ae2327b632e881629
1CO	14	408792	3271339	e1ae02b356fddd48d278a0039b016ded102f0abb1c2a92bb7df2d0b72ceccae1
1CO	15	523632	4190013	0a63d2f7967a0b294dffa3a9161ee3e55add63b13fe9f8e2b11779dbbe260271
1CO	16	230280	1843173	90d069b687520f640db79a4402515ebc930191af34ae891a208ed7c48f3ed37e
2CO	1	283176	2266353	728623e39f4d008c08b8f00e5d454a64bbfd78ab428b51a845274d213e083205
2CO	2	178224	1426673	0bf1e83e6b2df656b458496026969307366ce8aca2a60b86ba21d6d617b89221
2CO	3	195888	1567943	1a4635b96058ea575cb173e4fc8e5a8183cf0560bc6d3095728088779e599154
2CO	4	193032	1545165	bf0750832c63e2a4d4bb54f9b9ed3768467904e1978b8e0dded8d3954dda98f9
2CO	5	220008	1761041	c5c663baf88078445c01168b0f6f262c6d2e05a1ca8a4c611d45184fbf8709c4
2CO	6	180768	1447153	f9d9159fa4c151caadec0c2aa275202d2caf2a61ef93b9272528e826e1f43326
2CO	7	223128	1785909	b97a049bb662e5cdd2631433bdd766a0311ff5556ccedcee9897cd57c72d5112
2CO	8	281112	2249844	89f557a6f6a4445dcc7b954ec4aacece0bb4bd33d98eb87779b068de7062eb0e
2CO	9	182928	1464290	0c9b735834d95d89b5a91b7f0fe7b92382343057a75022bdc9f145bfa2676300
2CO	10	209712	1678706	63435b6a6294e499bbee3d66ba1b801f2208e434f83e61a67fee37b7c6f6ac6e
2CO	11	350952	2808449	588fe4b8b12f7483402884ec5f30910834e21196a67421640a3633b3d55029d5
2CO	12	285672	2286209	71b95dd6c2619bc94086f97ffd13873097412b9c788f8479f0c0ac486354da58
2CO	13	168504	1348936	376b010180400d53980fceccb948a6ff8cda3a9b6e06884958a2b5d99b81786b
GAL	1	227737	1822893	8624e264097d00d5ba9efff1efe85727a4684977acb94dd934cbe7b7de3c3ef1
GAL	2	266616	2133854	880ae77a4f0a78e63e401c95a14e690e594c9fc8018976a3ed791913ee976edf
GAL	3	315984	2528826	9a8a77751016079aa71e94423ed4f8d734280b858995a25e9b33d5e19527c272
GAL	4	303408	2428097	a7db3cd2aa3b87fbc62a3ff9327245ba226ec20443ff83525e8384ec3ceeed8e
GAL	5	239304	1915262	a4cc19bb5195444e0ee0cdab419d3e3380c57a7604835b09ce50020408ec231a
GAL	6	184704	1478494	b4a111215b25a5bf645b233a748dae453604cc0578a20d5b15436f0352931971
EPH	1	227496	1820799	9618a1e4d3ee6fec29f6ec3d4f138cc2dec422a5417da58e06147c0b003471a0
EPH	2	211368	1691858	6106acb3987cc011dc43ddc6ed04a28bf757c4cde4e337067c25821f604291f7
EPH	3	202896	1624149	9de48ac0d3d89e1eef532c0966b724ea0593d86b1c8c58f09c5c9953fba47774
EPH	4	286200	2290585	041c38739a069f42ba2b079219a85d8a53df40c69975bb94371d3082689c3c73
EPH	5	268056	2145344	e3a9965d1d6cd29aa7d92f873cbd5fbdd57c52dae2f1e4d80f66f605e81f2d52
EPH	6	241416	1932185	7889485f614316c0ba79ac34eaf6b80048dbda0e9fc9b5f9e81ca8d2c43fd56c
PHP	1	275928	2208253	ae2fecf46ffa77da409fbe6598c86f838ff41117d40836bdb2c2121c5987dc85
PHP	2	278592	2229569	15635144510b04bebdc782cdbdc8494f24ad6439cd4e4e5fc6778acbb3d3386d
PHP	3	224376	1795936	173d7d58a5908e543bfe173bc79538a61cdcfe1e56cedb097deb1467a369894f
PHP	4	236400	1892067	c220d131369cfdd618a123072ebd7ca6cf7d401c960f3e490fdb28428bb11dc3
COL	1	324192	2594443	a253fc71c438212402b2e512d3d961c4e788eeb40c9480e917fb5f89028529b0
COL	2	260448	2084533	97f11e1b3eee0563b1ba30244b07d93f0ee8782d6c5992e8c429d070057c7506
COL	3	236280	1891227	bc05d0dcb44604ac4a6883592500c186d47b414d8c4af10d323e076990d41b99
COL	4	188256	1506913	ab4e09d28904e8dd4bb36f1226eb2abea5a1a0ad2346126ec383bc95c78e011a
1TH	1	133752	1070996	10245537c979cdb1f53354907e28ac072aa18bc446af2a6701b7429ce4f3a983
1TH	2	249984	2000746	b6fc559256a210ae0020d846747c07d62db303ef9f5c2008c10056dc58a06c66
1TH	3	148488	1188860	3c4eafc466e6e2d73c850ae399ee2c237a9e6f6d17c671035ccad6e7be52458f
1TH	4	184176	1474327	e05a13130b61f3dd2fc6931eb8efd3c29fb06b88672e7a29dadf68bc76d35429
1TH	5	212160	1698144	31c6edb966fcd852c9c6956b69b10d72ee15de3d57f9ada5d3f78d6f1c4ff5a8
2TH	1	153744	1230865	b6fef69ca8609a2376d1a759e145ddf233413b2cc17cfc0193238281da1730cc
2TH	2	192816	1543499	1860677cac1a0f72d85c91a4af6417a2bc09e30647849e0e2860a5e36c2ca3e3
2TH	3	186840	1495643	6c69d853ef9c365d33579796bbef027afa123cf77d2047c9ae125f06b186b6e9
1TI	1	228552	1829375	680b3f21a3fdc6ee681547464fc0d1c17a9e20cbdc91c9d19dc4719b7778d95f
1TI	2	139680	1118426	c636b1d2738aad6a0b83027d3074de60b8b57cedb758acc5da4e49c988c48031
1TI	3	171888	1376098	d1af067a53125053fa83559e02c2c2d042dbcd79207793a95f7e8fc00846d920
1TI	4	154080	1233574	8cf8f7b30ca39ca0e879431ad5d5353d0faf796492e94b4cb8390b998c668a93
1TI	5	249888	2000111	6f79e182dad48713d8c004535d9e1b3dad6e2e8274da7899e3a9633c2da9fc36
1TI	6	257160	2058208	9ed8ac2a276b151640ecf2557bd5d83d78e286f579adedb7e43d10a69cc5d320
2TI	1	212808	1703360	e7f2e0883ed47f1e2046ea7463fccb38248182cb67d98c75ea03471a5023de4f
2TI	2	256080	2049639	f69e926398b6ce695b0abdf44fbd53122dc240afe64ecad379ca1e3a6bcd21ea
2TI	3	190728	1526772	73368b921c330ef6958a53d12b3d716b3ec9a319084babe3f8abe0b34cd8b06a
2TI	4	223608	1789669	18a4dfd19c29f750f3514374f5a619bd7e28e2b7342b5d7791b99a521876544b
TIT	1	204480	1636684	8bbda85c49701fb4a4a539c9f53ea1e13beab5185798f6cc96a8b6fdba84b20e
TIT	2	171888	1376086	0fa202d28e0f15cba5581a41db8bae3fb8b6e79d79004d1dbfb9aa9dfa3b4a0e
TIT	3	182016	1456961	3f64cab55e1eb6b03185c84719807407610fe10573b4c84dc0931b05570b1d96
PHM	1	247680	1982340	5fc0cdb014f8114bd87f47149c105f4d04b042e8501ee9faf5f25947274a532f
HEB	1	158208	1266585	f81d7f7b1b92215cf0bbeaffd8b83ffba16ddb5ce2eba933d7b7175fab200360
HEB	2	219840	1759568	b392642ca712e38a73ccd4b9e0f6043fc5bdf9c6172d9d6ec20691cb40c69fce
HEB	3	195192	1562500	d38d2253f32829f5d97429d8cd9799881ae16fc162ac16137d7d8c91f7560c21
HEB	4	210000	1680991	7ef34a8329f2c28487fc828ea271dda89bc4491eecb22949a9210e73cfce6cbf
HEB	5	153672	1230222	ad9ff049aa7b9ec0ec38010bf2c57c18f82d3fd326b92c59757fd044a7140ad3
HEB	6	212352	1699800	acb61bb8f07684c6674d598cd06ac58df7fd3634415443cab093efd883bb8235
HEB	7	320232	2562676	427ba2e0d47390fb74cd97fe39a621a1cce11985f2b9f126a176cc13243098e0
HEB	8	175128	1402004	eefd36eea3d4b9c9744bae7f6217763d2aead0caa9216bb137056d1bb82bd88d
HEB	9	345672	2766222	76603942a83bcf95bed19da1fae2f76b2d4e5951c244f6a1bfff0c299eae5328
HEB	10	387048	3097249	b4ae9631f53b5a5f963ddee4e2acbc7bcea0159f562a6e292a12957be9569b0b
HEB	11	439944	3520433	088e07014dfcf145e802f6bec6f5241da2826e02331116273852ba571abd722c
HEB	12	340776	2727146	361b1c8184a5388d813a136f90d2a73ce543d0a293368443e07947fb40d5f104
HEB	13	262776	2103133	638521592e87ec513b008336707e5cb94bcc6cb6ef9fcd14b05f526d85c13651
JAS	1	267576	2141582	b996331826a89f122073fdf005544052db4939b2bc232c7e8d403a516567a5ae
JAS	2	266688	2134477	3d1c9f70764a0bd82b3bcac977d491c935396379cad14f091d67d3145faf6b04
JAS	3	198144	1586115	69e2928b1af944580c5a3caff4c25a7a542d367a37b5dc4329c7de36c4b18bc1
JAS	4	195024	1561037	f599fa2148a8571e5417ea31d95ec1f6e4af433cc2c40ab084ddfe14acd218c4
JAS	5	233353	1867819	5151c168a7d6d44709f504afa4cddbda4cdbf7079887d52b57475c48e44ca52c
1PE	1	316776	2535091	bf82db0b5b8611137dfde5ffad90236a94abf22080ab40253411e2e956f6aaee
1PE	2	302592	2421615	5aea192829e8941cf9fdf64c13c58731266d40439b6472d15a4329ea624e1e7d
1PE	3	276936	2216397	6a4f5f76df0471398c2474db30227df091f835793e43e7f0062059cde53a20e2
1PE	4	234024	1873044	fa1e1335765b03f5e04cd8d8a013d6becfaf79b41267355bac080367be21ffbc
1PE	5	162457	1300649	fba726a3dc38f659ace7ba40557d2ef15ab72b989621dc19e78864e5805e970c
2PE	1	234456	1876596	35bb233a922fbe0c606882afc1af457e3fd398601d6aba011a018bb9e8020ef7
2PE	2	282048	2257357	bc477213066ffcb2bf369d41d92d2d0c6b1cda5767cbf60f1fc8f2f9e056acf8
2PE	3	229488	1836890	6ab86d79e89b7dcffaf113784b068eb234d2cfac1f363f37b165b783b00dd9bd
1JN	1	122712	982582	b6b88abaec01a6daed2287fb0adf73e8ff639dd534894d63623b170cd0397d6c
1JN	2	326808	2615339	d3ca84a8abcf244f739eb4ab853cbd0f11dabf2e6d9f83d339ff6b5657f489b4
1JN	3	264144	2113997	1969ddd47961419e1b7d49fa71a5bb6963313a56773b45a1be4827e3daa0f821
1JN	4	230256	1842951	59f60904b40eb30ecf3ffa7132d69536c5e236d683dc5e9348f40d24658f01c6
1JN	5	235032	1881194	0dafdb789d5173748c0f3e91c63578920ddef5508c95b2398c476394a5f8c02d
2JN	1	143112	1145795	6d24d5e6306ea287461ded1634b988b35626f974c5430e665dcb460d579a681b
3JN	1	149976	1200756	881fda91bf30c86782c7fa5322ab29f4e033512b668f56b4d4a3e62b7b8a378f
JUD	1	335400	2684085	128061bbaaef6abcdc60dd9c123eeb4d4ceb6888cf1aab0b41c0d400cab55a15
REV	1	276096	2209738	d70896719eb8b028d92c5c65b499248f984cb8816d09211ae016a77432542bc0
REV	2	372576	2981499	cb3fc1b570acbd990542fa65edcdcbc6e241a42983bce027db27cfd361bf3901
REV	3	300264	2403044	57c87fd166279a89a8f5f7e1b49ed049b7d60a8c1cd2d2c464da777f97511fab
REV	4	168648	1350205	2f1a7fd7b6c91068148e63e7607f0c7386edaecdf9fdee13474cfcebf9900049
REV	5	191160	1530136	a801ec31714915f07feb312337881babfc9ee4b45e7449ff5e0eb2fbfb3a4ef3
REV	6	233760	1870982	6530040d19c862c58cb82ac5e0050f1efa07f2fbbb206d459b0ea1d70da59b3c
REV	7	238248	1906926	96f8790ab509b717d96179001ce5e333f02b4367edccf05a4b97f2da9e74fdcb
REV	8	183960	1472667	015d20ef853cfc2250730da5e125bdf065f919fc1e0e72ffe3e064e3914c5403
REV	9	279288	2235233	860f9b3e83a8dd5a7f1172360ac32c3875dfd755bf7cdc1c611f9c4d96efef0b
REV	10	159024	1273094	ba512cf011467aee36dfe0b4d97d8a562f51990c8b959cebed38beb0f00d6f68
REV	11	268200	2146629	089ef206b336e9bb71de3e0ebac7ca2be26e56fadc089398c78854d015506570
REV	12	226584	1813515	a50c26c403717f96eaafad3521f0223367208887e42f750a380ef30ca51886d3
REV	13	236328	1891465	26c98751d4932e9317d776591faf63eae67901dd6b7c26b8c45661cfc3989104
REV	14	302016	2417049	d936f68d95339130de6f3f34cf332bf910082a1d88655a38ecc96418be42fc2c
REV	15	122136	978015	f3fcb4db37b8859f63c8279c380e18feebf0e487ca76987eb6a5524dad56e757
REV	16	251568	2013509	a488a0ea4c2746b3e149a4ae604fd666d6c4f9eb50dfd44dfcbb09909a64a7d5
REV	17	234792	1879344	db63030b3d020988e152c3102dd5df01ea7a4e2993f3022ba2e5e78320a0c8ef
REV	18	329112	2633760	6a19a73084cdbbb0e59fe91f2e552ed9a90380c17e5a57251afd674756f5e827
REV	19	286920	2296258	a67e16e7bb86c3de53028593201dce4bcca75d08b335cc287853352b9f36dc22
REV	20	208896	1672036	0c594b6b4b2f1953abd71b8d08deb8ebc1b0bf09c162178beaf6fa98b85937c8
REV	21	327528	2621222	9031a47cbabaa7b787cc19767a27a0851a41e5b46d22ef5e6d881df940ea477a
REV	22	250777	2007240	26308c31042e37cb1ac154a80cc88185d05c58c4dcd7fd3e1da1b11658ebeda1
